9bk5A	9bk5-assembly1_A	1.013E+00	1.000E+00	1.000E+00	1.000E+00	1.000	1.866E-16
9bk5A	7dkk-assembly4_D	5.423E-01	5.235E-01	4.778E-01	5.101E-01	0.999	1.588E-03
9bk5A	7dko-assembly3_C	4.857E-01	4.717E-01	4.336E-01	5.053E-01	0.997	2.051E-03
9bk5A	5hw4-assembly2_C-2	6.025E-01	5.481E-01	2.398E-01	5.559E-01	0.981	4.433E-02
9bk5A	5hw4-assembly1_A	5.946E-01	5.413E-01	2.329E-01	5.526E-01	0.978	4.433E-02
9bk5A	5hw4-assembly1_B	6.026E-01	5.479E-01	2.395E-01	5.541E-01	0.961	7.398E-02
9bk5A	2mbm-assembly1_A	6.013E-01	4.537E-01	3.210E-01	4.710E-01	0.956	3.900E-02
9bk5A	3gqc-assembly1_A	4.550E-01	4.438E-01	1.294E-01	4.558E-01	0.912	1.928E-02
9bk5A	4r8u-assembly2_B	4.215E-01	4.145E-01	1.491E-01	4.790E-01	0.887	2.337E-02
9bk5A	3gqc-assembly4_D	4.533E-01	4.438E-01	1.322E-01	4.651E-01	0.872	3.019E-02
9bk5A	4nlg-assembly1_A	5.139E-01	4.940E-01	1.522E-01	4.965E-01	0.795	1.235E-01
9bk5A	6juo-assembly2_F	4.247E-01	4.157E-01	1.497E-01	4.763E-01	0.772	5.038E-02
9bk5A	1t94-assembly2_B	4.629E-01	4.541E-01	1.384E-01	5.039E-01	0.772	8.965E-02
9bk5A	6l97-assembly1_B	4.439E-01	4.365E-01	1.530E-01	4.748E-01	0.747	7.398E-02
9bk5A	3pr5-assembly1_B	4.507E-01	4.422E-01	1.505E-01	4.776E-01	0.747	7.887E-02
9bk5A	2uvr-assembly1_A	4.295E-01	4.228E-01	1.524E-01	4.687E-01	0.747	5.727E-02
9bk5A	1qys-assembly1_A	4.734E-01	3.255E-01	2.852E-01	3.866E-01	0.720	4.726E-02
9bk5A	4f4z-assembly1_B	4.801E-01	4.714E-01	1.565E-01	5.039E-01	0.720	1.403E-01
9bk5A	6jun-assembly2_A	4.696E-01	4.612E-01	1.593E-01	5.028E-01	0.720	1.235E-01
9bk5A	2w7o-assembly1_B	4.348E-01	4.316E-01	1.273E-01	4.629E-01	0.720	6.509E-02
9bk5A	3gqc-assembly3_C	4.193E-01	4.042E-01	1.260E-01	4.816E-01	0.692	7.887E-02
9bk5A	1unn-assembly1_C	4.417E-01	4.267E-01	3.361E-01	4.674E-01	0.663	1.019E-01
9bk5A	3v6k-assembly2_J	4.398E-01	4.317E-01	1.514E-01	4.646E-01	0.663	1.019E-01
9bk5A	5c5j-assembly1_F	4.119E-01	3.999E-01	1.466E-01	4.666E-01	0.663	7.398E-02
9bk5A	6juq-assembly1_F	4.517E-01	4.340E-01	1.469E-01	4.898E-01	0.663	1.235E-01
9bk5A	4fs2-assembly1_A	4.531E-01	4.433E-01	1.418E-01	4.257E-01	0.663	7.887E-02
9bk5A	3gqc-assembly2_B	3.738E-01	3.653E-01	1.181E-01	4.169E-01	0.663	3.218E-02
9bk5A	8bsi-assembly1_LT	5.422E-01	4.312E-01	2.384E-01	4.873E-01	0.632	2.838E-01
9bk5A	2uvw-assembly1_A	4.498E-01	4.415E-01	1.513E-01	4.742E-01	0.632	1.235E-01
9bk5A	4qwb-assembly1_A	4.288E-01	4.221E-01	1.512E-01	4.697E-01	0.632	1.086E-01
9bk5A	3ngd-assembly1_A	4.499E-01	4.394E-01	1.439E-01	4.525E-01	0.632	1.086E-01
9bk5A	6x76-assembly1_A	4.312E-01	4.176E-01	1.209E-01	4.366E-01	0.632	7.887E-02
9bk5A	6x77-assembly1_A	4.456E-01	4.375E-01	1.249E-01	4.440E-01	0.632	9.557E-02
9bk5A	6msp-assembly1_A	6.414E-01	4.997E-01	4.213E-01	4.595E-01	0.601	4.443E-01
9bk5A	3ffy-assembly1_A-2	5.456E-01	4.707E-01	3.596E-01	4.537E-01	0.601	2.662E-01
9bk5A	8btr-assembly1_LT	5.454E-01	4.146E-01	2.272E-01	4.794E-01	0.601	3.026E-01
9bk5A	9cai-assembly1_CS	5.097E-01	3.673E-01	1.907E-01	4.797E-01	0.601	2.497E-01
9bk5A	6l97-assembly1_A	4.671E-01	4.596E-01	1.622E-01	5.007E-01	0.601	2.061E-01
9bk5A	4f50-assembly1_A	4.831E-01	4.713E-01	1.551E-01	4.987E-01	0.601	2.342E-01
9bk5A	5kt5-assembly1_A	3.899E-01	3.793E-01	1.331E-01	4.132E-01	0.601	5.038E-02
9bk5A	7fao-assembly2_C	4.376E-01	3.350E-01	2.855E-01	3.511E-01	0.569	4.726E-02
9bk5A	2ybq-assembly1_A-2	6.221E-01	5.587E-01	2.219E-01	5.105E-01	0.569	6.524E-01
9bk5A	3epg-assembly1_A-2	4.239E-01	4.159E-01	1.423E-01	4.445E-01	0.569	1.086E-01
9bk5A	3fq6-assembly1_A	5.789E-01	5.204E-01	3.974E-01	5.071E-01	0.537	6.119E-01
9bk5A	3ndc-assembly1_A	6.300E-01	5.524E-01	2.232E-01	5.041E-01	0.537	7.415E-01
9bk5A	7yhs-assembly1_D	3.863E-01	3.619E-01	1.374E-01	4.402E-01	0.537	7.887E-02
9bk5A	3epi-assembly1_A-2	4.213E-01	3.872E-01	1.282E-01	3.903E-01	0.537	6.939E-02
9bk5A	5wm1-assembly1_A	4.167E-01	4.093E-01	1.235E-01	4.268E-01	0.537	1.019E-01
9bk5A	3in5-assembly2_B	3.786E-01	3.716E-01	1.104E-01	4.476E-01	0.537	8.409E-02
9bk5A	4v6u-assembly1_Bl	5.932E-01	4.316E-01	4.360E-01	4.803E-01	0.505	5.740E-01
9bk5A	2jvf-assembly1_A	6.400E-01	4.224E-01	3.639E-01	4.616E-01	0.505	6.524E-01
9bk5A	1ukf-assembly1_A	4.712E-01	4.533E-01	2.495E-01	4.777E-01	0.505	2.662E-01
9bk5A	7qyr-assembly2_G	4.849E-01	4.113E-01	1.545E-01	4.181E-01	0.505	1.933E-01
9bk5A	6jum-assembly2_F	3.693E-01	3.615E-01	1.380E-01	4.474E-01	0.505	8.965E-02
9bk5A	3gv8-assembly1_B	3.724E-01	3.423E-01	1.169E-01	3.714E-01	0.505	4.158E-02
9bk5A	4fs1-assembly1_A	4.424E-01	4.392E-01	1.437E-01	4.562E-01	0.505	1.813E-01
9bk5A	7nv1-assembly1_A	4.630E-01	4.567E-01	1.273E-01	4.713E-01	0.505	2.342E-01
9bk5A	1cbf-assembly1_A	5.068E-01	4.575E-01	1.985E-01	4.239E-01	0.473	2.662E-01
9bk5A	7eqg-assembly1_D	4.056E-01	3.773E-01	1.464E-01	4.403E-01	0.473	1.403E-01
9bk5A	4f4y-assembly2_B	4.760E-01	4.577E-01	1.482E-01	4.971E-01	0.473	3.909E-01
9bk5A	4yr0-assembly1_A	4.047E-01	4.021E-01	1.302E-01	4.048E-01	0.473	1.019E-01
9bk5A	3ohb-assembly1_A	4.576E-01	4.507E-01	1.137E-01	4.706E-01	0.473	2.838E-01
9bk5A	1j5y-assembly1_A	5.628E-01	5.580E-01	3.126E-01	5.475E-01	0.442	8.986E-01
9bk5A	7qyr-assembly2_H	5.286E-01	4.443E-01	1.639E-01	4.434E-01	0.442	4.168E-01
9bk5A	7qyr-assembly2_B	4.862E-01	4.132E-01	1.539E-01	4.195E-01	0.442	2.497E-01
9bk5A	2w9c-assembly1_A	4.382E-01	4.306E-01	1.559E-01	4.813E-01	0.442	2.838E-01
9bk5A	4f4x-assembly1_A	4.253E-01	4.191E-01	1.522E-01	4.653E-01	0.442	2.197E-01
9bk5A	4ebe-assembly1_A	3.517E-01	3.408E-01	1.248E-01	3.804E-01	0.442	4.726E-02
9bk5A	1t94-assembly1_A	4.531E-01	4.499E-01	1.381E-01	4.895E-01	0.442	3.439E-01
9bk5A	4eey-assembly1_A	4.014E-01	3.987E-01	1.279E-01	4.029E-01	0.442	1.019E-01
9bk5A	6th6-assembly1_BT	5.520E-01	3.586E-01	3.739E-01	4.559E-01	0.411	6.119E-01
9bk5A	6uz7-assembly1_AS	5.197E-01	4.112E-01	2.256E-01	4.865E-01	0.411	6.119E-01
9bk5A	7qyr-assembly2_E	5.258E-01	4.430E-01	1.583E-01	4.453E-01	0.411	4.737E-01
9bk5A	6vqw-assembly1_G	3.815E-01	3.452E-01	1.208E-01	3.600E-01	0.411	6.105E-02
9bk5A	4irc-assembly1_F	4.053E-01	3.941E-01	1.456E-01	4.615E-01	0.411	2.061E-01
9bk5A	3bq1-assembly1_A	4.294E-01	4.141E-01	1.503E-01	4.639E-01	0.411	2.838E-01
9bk5A	2j6u-assembly1_A	4.281E-01	4.236E-01	1.508E-01	4.679E-01	0.411	2.838E-01
9bk5A	3bjy-assembly1_A	3.805E-01	3.737E-01	1.197E-01	4.420E-01	0.411	1.403E-01
9bk5A	4u7c-assembly1_A	3.468E-01	3.445E-01	1.184E-01	4.285E-01	0.411	8.409E-02
9bk5A	2npn-assembly1_A	5.885E-01	4.494E-01	1.816E-01	4.250E-01	0.382	6.955E-01
9bk5A	2ybo-assembly1_A-2	6.195E-01	5.630E-01	2.199E-01	5.172E-01	0.382	1.319E+00
9bk5A	6vqx-assembly1_D	3.589E-01	3.354E-01	1.415E-01	4.136E-01	0.382	1.086E-01
9bk5A	7we6-assembly1_G	3.425E-01	3.129E-01	1.226E-01	3.328E-01	0.382	3.431E-02
9bk5A	7yll-assembly1_A	5.007E-01	4.755E-01	1.530E-01	5.219E-01	0.382	7.415E-01
9bk5A	6b44-assembly1_D	3.688E-01	3.325E-01	1.217E-01	3.503E-01	0.382	6.509E-02
9bk5A	4hyk-assembly1_A	5.135E-01	4.989E-01	1.590E-01	4.886E-01	0.382	6.955E-01
9bk5A	5kt7-assembly1_A	3.739E-01	3.639E-01	1.293E-01	3.978E-01	0.382	1.019E-01
9bk5A	3q8q-assembly1_B	3.964E-01	3.651E-01	1.224E-01	3.858E-01	0.382	1.158E-01
9bk5A	5kt6-assembly1_A	4.158E-01	3.827E-01	1.248E-01	4.102E-01	0.382	1.813E-01
9bk5A	4yr3-assembly1_A	4.501E-01	4.465E-01	1.311E-01	4.351E-01	0.382	3.026E-01
9bk5A	4yp3-assembly1_A	4.162E-01	3.984E-01	1.210E-01	4.110E-01	0.382	1.701E-01
9bk5A	7m7p-assembly1_A	4.502E-01	4.465E-01	1.298E-01	4.376E-01	0.382	3.026E-01
9bk5A	6xu8-assembly1_CS	5.265E-01	4.334E-01	2.339E-01	5.154E-01	0.353	9.580E-01
9bk5A	8jiv-assembly1_CS	5.705E-01	4.077E-01	2.132E-01	4.943E-01	0.353	1.021E+00
9bk5A	5tva-assembly2_B	5.807E-01	4.104E-01	1.620E-01	4.388E-01	0.353	7.906E-01
9bk5A	7qyr-assembly1_F	4.826E-01	4.106E-01	1.585E-01	4.180E-01	0.353	3.909E-01
9bk5A	7qyr-assembly1_C	5.098E-01	4.258E-01	1.545E-01	4.217E-01	0.353	4.737E-01
9bk5A	4iwx-assembly1_A	4.829E-01	4.226E-01	1.576E-01	4.383E-01	0.353	4.737E-01
9bk5A	8jdi-assembly1_A	3.623E-01	3.226E-01	1.343E-01	3.584E-01	0.353	7.887E-02
9bk5A	1k1q-assembly1_A	4.898E-01	4.743E-01	1.641E-01	5.235E-01	0.353	7.906E-01
9bk5A	2flp-assembly1_A-2	3.690E-01	3.638E-01	1.325E-01	4.304E-01	0.353	1.701E-01
9bk5A	5kt4-assembly1_A	3.944E-01	3.836E-01	1.326E-01	4.059E-01	0.353	1.701E-01
9bk5A	6mxo-assembly1_A	3.947E-01	3.823E-01	1.179E-01	4.106E-01	0.353	1.701E-01
9bk5A	5l1l-assembly1_A	4.589E-01	4.248E-01	1.179E-01	4.198E-01	0.353	3.439E-01
9bk5A	4o3p-assembly1_A	4.419E-01	4.097E-01	1.158E-01	4.087E-01	0.353	2.662E-01
9bk5A	6ulu-assembly1_B	6.194E-01	5.429E-01	1.240E-01	5.028E-01	0.353	1.407E+00
9bk5A	3ndc-assembly1_B	5.889E-01	4.846E-01	2.008E-01	4.574E-01	0.326	1.089E+00
9bk5A	6vqv-assembly1_E	3.743E-01	3.492E-01	1.323E-01	3.399E-01	0.326	7.887E-02
9bk5A	8jdi-assembly1_B	3.615E-01	3.185E-01	1.350E-01	3.510E-01	0.326	8.409E-02
9bk5A	7elm-assembly1_C	3.664E-01	3.422E-01	1.283E-01	3.429E-01	0.326	8.409E-02
9bk5A	6vqw-assembly1_H	3.712E-01	3.332E-01	1.225E-01	3.549E-01	0.326	8.965E-02
9bk5A	6whi-assembly1_G	3.272E-01	3.096E-01	1.221E-01	3.839E-01	0.326	8.409E-02
9bk5A	6vqw-assembly1_I	3.925E-01	3.551E-01	1.245E-01	3.537E-01	0.326	1.158E-01
9bk5A	5ulx-assembly1_A	3.316E-01	3.247E-01	1.216E-01	3.826E-01	0.326	7.887E-02
9bk5A	3gv7-assembly1_B	4.204E-01	3.856E-01	1.238E-01	4.131E-01	0.326	2.662E-01
9bk5A	4j9p-assembly1_A	3.528E-01	3.449E-01	1.191E-01	3.876E-01	0.326	1.086E-01
9bk5A	7m84-assembly1_A	4.076E-01	4.048E-01	1.283E-01	4.061E-01	0.326	2.342E-01
9bk5A	6q02-assembly1_A	4.247E-01	4.213E-01	1.269E-01	4.398E-01	0.326	3.439E-01
9bk5A	6cst-assembly1_A	3.445E-01	3.419E-01	1.155E-01	4.413E-01	0.326	1.595E-01
9bk5A	2j6h-assembly1_B	4.482E-01	4.081E-01	8.578E-02	4.217E-01	0.326	3.667E-01
9bk5A	2r6f-assembly1_A	5.976E-01	4.991E-01	6.085E-02	4.883E-01	0.326	1.319E+00
9bk5A	6zu5-assembly1_LS0	5.459E-01	3.899E-01	2.119E-01	4.881E-01	0.301	1.089E+00
9bk5A	8v87-assembly1_S	5.154E-01	3.830E-01	2.074E-01	4.785E-01	0.301	9.580E-01
9bk5A	5xy3-assembly1_S	4.863E-01	4.240E-01	2.204E-01	4.347E-01	0.301	5.740E-01
9bk5A	8q87-assembly1_BS	5.209E-01	3.843E-01	2.035E-01	4.914E-01	0.301	1.089E+00
9bk5A	6vqv-assembly1_G	3.413E-01	3.162E-01	1.257E-01	3.375E-01	0.301	6.509E-02
9bk5A	6jus-assembly2_F	4.450E-01	4.323E-01	1.504E-01	4.569E-01	0.301	5.384E-01
9bk5A	2alz-assembly1_A	4.183E-01	3.821E-01	1.226E-01	4.031E-01	0.301	2.662E-01
9bk5A	3q8r-assembly1_B	4.061E-01	3.802E-01	1.252E-01	4.050E-01	0.301	2.662E-01
9bk5A	2ys7-assembly1_A	5.779E-01	4.761E-01	1.148E-01	4.770E-01	0.301	1.319E+00
9bk5A	3tq1-assembly1_A	3.930E-01	3.904E-01	1.278E-01	3.968E-01	0.301	2.197E-01
9bk5A	6m7p-assembly1_A	3.934E-01	3.908E-01	1.270E-01	4.021E-01	0.301	2.197E-01
9bk5A	7m87-assembly1_A	3.945E-01	3.921E-01	1.271E-01	4.081E-01	0.301	2.497E-01
9bk5A	3jaa-assembly1_A	3.952E-01	3.930E-01	1.208E-01	4.037E-01	0.301	2.342E-01
9bk5A	1pjt-assembly1_A	5.796E-01	5.059E-01	1.147E-01	4.593E-01	0.301	1.161E+00
9bk5A	9axv-assembly1_Be	4.859E-01	3.751E-01	2.042E-01	4.590E-01	0.277	7.415E-01
9bk5A	5xxb-assembly1_R	5.319E-01	3.774E-01	1.907E-01	4.804E-01	0.277	1.089E+00
9bk5A	3kwp-assembly1_A-2	5.769E-01	5.177E-01	2.260E-01	4.687E-01	0.277	1.319E+00
9bk5A	8jdi-assembly2_D	3.481E-01	3.128E-01	1.340E-01	3.642E-01	0.277	1.086E-01
9bk5A	6vqv-assembly1_F	3.551E-01	3.294E-01	1.263E-01	3.825E-01	0.277	1.595E-01
9bk5A	3bq2-assembly1_A	4.269E-01	4.111E-01	1.499E-01	4.694E-01	0.277	5.740E-01
9bk5A	6m7v-assembly1_A	4.062E-01	3.948E-01	1.198E-01	4.251E-01	0.277	3.667E-01
9bk5A	7m7s-assembly1_A	3.923E-01	3.896E-01	1.249E-01	4.011E-01	0.277	2.497E-01
9bk5A	8brf-assembly1_BBB	4.705E-01	4.600E-01	3.183E-01	4.342E-01	0.254	6.955E-01
9bk5A	8btk-assembly1_BS	4.714E-01	3.309E-01	1.768E-01	4.527E-01	0.254	7.906E-01
9bk5A	8adc-assembly1_B	4.656E-01	4.306E-01	2.029E-01	4.020E-01	0.254	5.050E-01
9bk5A	8adb-assembly1_A	4.671E-01	4.238E-01	1.989E-01	3.981E-01	0.254	5.384E-01
9bk5A	4e16-assembly1_A-2	5.615E-01	5.019E-01	2.153E-01	4.685E-01	0.254	1.500E+00
9bk5A	7yhs-assembly1_H	3.665E-01	3.393E-01	1.280E-01	3.616E-01	0.254	1.496E-01
9bk5A	7ecv-assembly1_E	3.886E-01	3.512E-01	1.233E-01	3.593E-01	0.254	1.813E-01
9bk5A	3osn-assembly1_A	4.196E-01	4.061E-01	1.314E-01	3.561E-01	0.254	2.497E-01
9bk5A	8e85-assembly1_A	3.575E-01	3.271E-01	1.082E-01	3.607E-01	0.254	1.496E-01
9bk5A	7m7l-assembly1_A	3.874E-01	3.655E-01	1.127E-01	3.757E-01	0.254	2.342E-01
9bk5A	6d0z-assembly1_A	3.863E-01	3.751E-01	1.188E-01	4.250E-01	0.254	3.667E-01
9bk5A	3mr5-assembly1_A	4.121E-01	3.987E-01	1.188E-01	4.295E-01	0.254	4.168E-01
9bk5A	3mfh-assembly1_A	4.052E-01	3.989E-01	1.048E-01	4.409E-01	0.254	4.737E-01
9bk5A	3mfi-assembly1_A	3.916E-01	3.650E-01	9.565E-02	4.133E-01	0.254	3.226E-01
9bk5A	2glw-assembly1_A	4.086E-01	3.778E-01	3.335E-01	3.884E-01	0.233	3.439E-01
9bk5A	7bqc-assembly1_A	4.438E-01	3.915E-01	2.723E-01	4.547E-01	0.233	7.906E-01
9bk5A	8brf-assembly1_AAA	4.752E-01	4.645E-01	3.072E-01	4.426E-01	0.233	8.428E-01
9bk5A	7r81-assembly1_U1	4.793E-01	3.677E-01	2.010E-01	4.678E-01	0.233	1.089E+00
9bk5A	6whi-assembly1_C	3.247E-01	3.019E-01	1.324E-01	3.782E-01	0.233	1.595E-01
9bk5A	4j9r-assembly1_A	3.475E-01	3.201E-01	1.073E-01	3.574E-01	0.233	1.496E-01
9bk5A	6m7o-assembly1_A	3.915E-01	3.813E-01	1.187E-01	4.089E-01	0.233	3.667E-01
9bk5A	3mr3-assembly1_A	3.559E-01	3.480E-01	1.191E-01	3.917E-01	0.233	2.197E-01
9bk5A	1pjt-assembly1_B	6.100E-01	5.417E-01	1.235E-01	5.091E-01	0.233	2.348E+00
9bk5A	1mt1-assembly1_D	3.191E-01	2.911E-01	2.361E-01	3.613E-01	0.214	1.403E-01
9bk5A	8ipb-assembly1_YA	5.498E-01	3.833E-01	2.005E-01	4.733E-01	0.214	1.817E+00
9bk5A	8fuk-assembly1_F	3.497E-01	3.181E-01	1.318E-01	3.510E-01	0.214	1.595E-01
9bk5A	6kqr-assembly1_B	4.022E-01	3.636E-01	1.295E-01	3.858E-01	0.214	3.909E-01
9bk5A	3gv5-assembly2_D	3.629E-01	3.325E-01	1.135E-01	3.958E-01	0.214	3.226E-01
9bk5A	2yrx-assembly1_A	5.688E-01	4.769E-01	1.156E-01	4.853E-01	0.214	2.065E+00
9bk5A	4dl6-assembly1_A	3.686E-01	3.342E-01	1.042E-01	3.850E-01	0.214	3.026E-01
9bk5A	4q8f-assembly1_A	3.497E-01	3.257E-01	1.074E-01	3.601E-01	0.214	1.813E-01
9bk5A	7m7q-assembly1_A	3.946E-01	3.918E-01	1.275E-01	4.068E-01	0.214	4.443E-01
9bk5A	6p5z-assembly1_B	6.221E-01	5.512E-01	1.263E-01	5.130E-01	0.214	2.845E+00
9bk5A	3ooj-assembly1_G	4.417E-01	3.998E-01	8.634E-02	3.991E-01	0.214	5.740E-01
9bk5A	5it7-assembly1_SS	4.807E-01	3.584E-01	1.995E-01	4.547E-01	0.196	1.238E+00
9bk5A	7olc-assembly1_LS	4.767E-01	3.669E-01	2.017E-01	4.587E-01	0.196	1.319E+00
9bk5A	8b2l-assembly1_I3	4.433E-01	3.530E-01	1.981E-01	4.004E-01	0.196	7.415E-01
9bk5A	9guw-assembly1_D	4.335E-01	3.704E-01	1.669E-01	4.080E-01	0.196	6.955E-01
9bk5A	8k0k-assembly1_H	2.611E-01	2.336E-01	1.025E-01	2.937E-01	0.196	3.019E-02
9bk5A	6jil-assembly1_A	4.679E-01	4.321E-01	1.570E-01	4.484E-01	0.196	1.161E+00
9bk5A	7taw-assembly1_d	3.560E-01	3.211E-01	1.274E-01	3.513E-01	0.196	2.197E-01
9bk5A	1glv-assembly1_A	4.596E-01	3.707E-01	1.293E-01	3.840E-01	0.196	6.524E-01
9bk5A	7wwv-assembly1_F	3.748E-01	3.324E-01	1.137E-01	3.700E-01	0.196	3.226E-01
9bk5A	8jdi-assembly2_C	3.551E-01	3.095E-01	1.264E-01	3.491E-01	0.196	2.342E-01
9bk5A	6w1x-assembly1_D	3.310E-01	3.128E-01	1.258E-01	3.701E-01	0.196	1.933E-01
9bk5A	4j9o-assembly1_A	3.793E-01	3.596E-01	1.158E-01	3.787E-01	0.196	3.667E-01
9bk5A	5ewg-assembly1_A	3.520E-01	3.227E-01	1.071E-01	3.571E-01	0.196	2.497E-01
9bk5A	4yqw-assembly1_A	4.081E-01	3.965E-01	1.215E-01	4.132E-01	0.196	6.524E-01
9bk5A	4dl4-assembly1_A	3.603E-01	3.522E-01	1.193E-01	3.895E-01	0.196	3.439E-01
9bk5A	1pjs-assembly1_A	6.159E-01	5.414E-01	1.250E-01	5.038E-01	0.196	3.033E+00
9bk5A	6pr4-assembly1_B	6.217E-01	5.447E-01	1.232E-01	5.064E-01	0.196	3.033E+00
9bk5A	5e1q-assembly2_B	4.653E-01	3.718E-01	5.588E-02	3.928E-01	0.196	7.906E-01
9bk5A	5l9w-assembly2_b	3.986E-01	3.663E-01	7.330E-02	3.937E-01	0.196	4.737E-01
9bk5A	2v3s-assembly2_B	4.536E-01	3.158E-01	2.669E-01	3.764E-01	0.179	7.906E-01
9bk5A	1vgg-assembly1_F	4.444E-01	4.113E-01	2.339E-01	4.268E-01	0.179	1.021E+00
9bk5A	7oyc-assembly1_S1	4.707E-01	3.491E-01	1.894E-01	4.560E-01	0.179	1.407E+00
9bk5A	8adc-assembly2_A	4.662E-01	4.288E-01	2.063E-01	4.026E-01	0.179	9.580E-01
9bk5A	1v9a-assembly1_A	5.193E-01	4.500E-01	1.887E-01	4.509E-01	0.179	1.705E+00
9bk5A	8xj3-assembly1_B	6.320E-01	5.143E-01	2.059E-01	5.151E-01	0.179	3.675E+00
9bk5A	1xfg-assembly1_A	4.533E-01	4.085E-01	1.840E-01	4.274E-01	0.179	1.021E+00
9bk5A	6w1x-assembly1_G	3.283E-01	3.104E-01	1.263E-01	3.700E-01	0.179	2.497E-01
9bk5A	7yhs-assembly1_I	3.495E-01	3.271E-01	1.260E-01	3.798E-01	0.179	3.439E-01
9bk5A	6lnb-assembly1_D	3.352E-01	3.059E-01	1.189E-01	3.327E-01	0.179	1.933E-01
9bk5A	2fln-assembly1_A-2	3.812E-01	3.729E-01	1.304E-01	3.900E-01	0.179	4.443E-01
9bk5A	5n0v-assembly1_A	5.037E-01	4.842E-01	1.331E-01	4.600E-01	0.179	1.599E+00
9bk5A	6m7t-assembly1_A	3.754E-01	3.447E-01	1.092E-01	3.668E-01	0.179	3.909E-01
9bk5A	4yr2-assembly1_A	3.779E-01	3.670E-01	1.196E-01	4.178E-01	0.179	6.119E-01
9bk5A	3si8-assembly1_A	3.813E-01	3.409E-01	1.037E-01	3.833E-01	0.179	4.168E-01
9bk5A	4j9s-assembly1_A	3.583E-01	3.502E-01	1.204E-01	3.911E-01	0.179	3.667E-01
9bk5A	5ewf-assembly1_A	3.818E-01	3.574E-01	1.117E-01	3.829E-01	0.179	4.737E-01
9bk5A	3mr6-assembly1_A	3.925E-01	3.829E-01	1.180E-01	4.089E-01	0.179	5.740E-01
9bk5A	6pr2-assembly1_B	6.227E-01	5.516E-01	1.268E-01	5.119E-01	0.179	3.447E+00
9bk5A	6p7d-assembly1_A	6.160E-01	5.460E-01	1.255E-01	5.118E-01	0.179	3.447E+00
9bk5A	1pjq-assembly1_B	5.999E-01	5.325E-01	1.221E-01	4.828E-01	0.179	3.033E+00
9bk5A	2xgq-assembly1_B	3.931E-01	3.864E-01	1.003E-01	4.359E-01	0.179	6.955E-01
9bk5A	3ooj-assembly1_C	4.535E-01	4.201E-01	8.633E-02	4.059E-01	0.179	8.986E-01
9bk5A	3ooj-assembly1_D	4.635E-01	4.161E-01	8.653E-02	4.384E-01	0.179	1.161E+00
9bk5A	8wg0-assembly2_C	4.454E-01	3.822E-01	5.559E-02	3.781E-01	0.179	6.955E-01
9bk5A	5l9w-assembly2_B	2.878E-01	2.814E-01	6.785E-02	3.638E-01	0.179	1.496E-01
9bk5A	4adx-assembly1_G	5.230E-01	3.922E-01	3.922E-01	4.733E-01	0.164	2.348E+00
9bk5A	8wpz-assembly1_B	5.778E-01	3.906E-01	3.199E-01	4.264E-01	0.164	2.202E+00
9bk5A	7bpl-assembly1_A	3.602E-01	3.068E-01	2.301E-01	4.173E-01	0.164	5.384E-01
9bk5A	8guo-assembly1_A	3.493E-01	3.078E-01	1.634E-01	4.748E-01	0.164	8.428E-01
9bk5A	5gv0-assembly1_A	6.438E-01	2.777E-01	1.427E-01	3.500E-01	0.164	1.937E+00
9bk5A	7oyb-assembly1_S1	4.722E-01	3.285E-01	1.758E-01	4.431E-01	0.164	1.500E+00
9bk5A	8jiw-assembly1_BD	4.382E-01	3.816E-01	1.706E-01	3.886E-01	0.164	7.906E-01
9bk5A	1wyz-assembly1_A	4.875E-01	4.127E-01	1.822E-01	4.191E-01	0.164	1.500E+00
9bk5A	1s4d-assembly4_H	5.597E-01	5.071E-01	1.946E-01	4.697E-01	0.164	2.668E+00
9bk5A	8k0j-assembly1_A	2.688E-01	2.363E-01	1.029E-01	3.122E-01	0.164	7.398E-02
9bk5A	4egq-assembly5_C	4.544E-01	3.852E-01	1.380E-01	4.074E-01	0.164	1.021E+00
9bk5A	6pij-assembly1_A	2.847E-01	2.666E-01	1.108E-01	3.101E-01	0.164	8.965E-02
9bk5A	7twl-assembly1_B	5.052E-01	4.918E-01	1.404E-01	4.308E-01	0.164	1.705E+00
9bk5A	5n0s-assembly1_A	5.095E-01	4.901E-01	1.296E-01	4.705E-01	0.164	2.065E+00
9bk5A	8ujt-assembly1_A	3.723E-01	3.602E-01	1.190E-01	3.898E-01	0.164	5.050E-01
9bk5A	6mq8-assembly1_A	3.562E-01	3.482E-01	1.195E-01	3.929E-01	0.164	4.443E-01
9bk5A	6uqi-assembly1_A	3.497E-01	3.212E-01	1.060E-01	3.551E-01	0.164	3.439E-01
9bk5A	3ooj-assembly1_B	4.591E-01	4.125E-01	8.568E-02	4.382E-01	0.164	1.407E+00
9bk5A	3ln7-assembly1_A	5.556E-01	4.951E-01	7.421E-02	4.875E-01	0.164	2.845E+00
9bk5A	2jxt-assembly1_A	4.845E-01	3.645E-01	3.393E-01	4.306E-01	0.150	1.817E+00
9bk5A	1yd5-assembly1_A	3.813E-01	3.272E-01	3.007E-01	4.267E-01	0.150	8.986E-01
9bk5A	1iwa-assembly1_N	5.591E-01	4.951E-01	3.167E-01	4.734E-01	0.150	3.233E+00
9bk5A	8tyy-assembly1_B	3.925E-01	2.852E-01	1.546E-01	3.479E-01	0.150	5.384E-01
9bk5A	3jbp-assembly1_AU	5.173E-01	4.058E-01	2.108E-01	4.827E-01	0.150	2.668E+00
9bk5A	5lq6-assembly1_A	5.257E-01	5.129E-01	2.697E-01	4.701E-01	0.150	2.503E+00
9bk5A	6eub-assembly1_A	6.017E-01	3.588E-01	1.492E-01	3.703E-01	0.150	1.937E+00
9bk5A	1va0-assembly1_A	5.313E-01	4.705E-01	2.137E-01	4.469E-01	0.150	2.503E+00
9bk5A	1wyz-assembly1_C	5.355E-01	4.726E-01	2.131E-01	4.854E-01	0.150	2.845E+00
9bk5A	3nei-assembly1_B	5.681E-01	4.859E-01	2.088E-01	4.541E-01	0.150	3.033E+00
9bk5A	1s4d-assembly4_I	4.962E-01	4.486E-01	1.732E-01	4.271E-01	0.150	1.705E+00
9bk5A	2oo3-assembly1_A	4.128E-01	3.900E-01	1.485E-01	4.405E-01	0.150	1.161E+00
9bk5A	6lnc-assembly1_B	3.380E-01	3.121E-01	1.227E-01	3.223E-01	0.150	2.342E-01
9bk5A	1k1s-assembly1_A	3.697E-01	3.437E-01	1.284E-01	4.359E-01	0.150	8.428E-01
9bk5A	5kfm-assembly1_A	3.801E-01	3.570E-01	1.115E-01	3.754E-01	0.150	6.119E-01
9bk5A	5kft-assembly1_A	3.539E-01	3.247E-01	1.068E-01	3.574E-01	0.150	4.168E-01
9bk5A	6pr0-assembly1_B	6.205E-01	5.500E-01	1.265E-01	5.112E-01	0.150	4.453E+00
9bk5A	6pr1-assembly1_B	6.236E-01	5.524E-01	1.256E-01	5.088E-01	0.150	4.453E+00
9bk5A	4bkw-assembly1_A	2.788E-01	2.707E-01	6.995E-02	3.871E-01	0.150	2.342E-01
9bk5A	1jxa-assembly2_C	4.399E-01	4.121E-01	8.920E-02	4.215E-01	0.150	1.319E+00
9bk5A	3a24-assembly1_A	4.679E-01	3.735E-01	5.616E-02	3.937E-01	0.150	1.161E+00
9bk5A	3ln7-assembly1_B	5.675E-01	4.931E-01	7.430E-02	5.099E-01	0.150	3.918E+00
9bk5A	2x09-assembly2_B	7.463E-01	3.036E-01	3.093E-02	3.799E-01	0.150	3.675E+00
9bk5A	8ail-assembly1_J	5.874E-01	3.428E-01	4.585E-01	3.901E-01	0.138	2.348E+00
9bk5A	4v9f-assembly1_6	5.029E-01	3.706E-01	4.663E-01	4.040E-01	0.138	1.817E+00
9bk5A	3zxw-assembly1_B	5.062E-01	4.775E-01	4.246E-01	4.493E-01	0.138	2.348E+00
9bk5A	7fcn-assembly4_D	4.441E-01	3.299E-01	2.685E-01	3.702E-01	0.138	1.021E+00
9bk5A	6uew-assembly1_F	5.296E-01	5.078E-01	4.126E-01	4.657E-01	0.138	3.033E+00
9bk5A	9g6k-assembly1_LG	4.654E-01	2.701E-01	1.750E-01	3.892E-01	0.138	1.407E+00
9bk5A	8ath-assembly2_B	6.591E-01	2.565E-01	1.300E-01	3.369E-01	0.138	2.202E+00
9bk5A	4kyz-assembly1_A	5.838E-01	5.579E-01	3.133E-01	4.920E-01	0.138	4.177E+00
9bk5A	8y0w-assembly1_LS	5.107E-01	3.805E-01	2.056E-01	4.860E-01	0.138	3.033E+00
9bk5A	8fkp-assembly1_LC	4.901E-01	3.503E-01	1.896E-01	4.545E-01	0.138	2.348E+00
9bk5A	6rm3-assembly1_LS0	5.290E-01	3.749E-01	1.909E-01	4.371E-01	0.138	2.503E+00
9bk5A	8fzh-assembly1_c	4.411E-01	3.784E-01	1.723E-01	4.029E-01	0.138	1.319E+00
9bk5A	5iqr-assembly1_h	4.351E-01	3.698E-01	1.728E-01	4.134E-01	0.138	1.319E+00
9bk5A	1v9a-assembly1_B	5.077E-01	4.497E-01	2.033E-01	4.332E-01	0.138	2.348E+00
9bk5A	1s4d-assembly5_J	5.509E-01	4.970E-01	1.965E-01	4.555E-01	0.138	3.233E+00
9bk5A	8vcb-assembly2_B	5.895E-01	3.369E-01	1.009E-01	3.606E-01	0.138	2.065E+00
9bk5A	5n0x-assembly1_A	5.177E-01	4.014E-01	1.103E-01	3.906E-01	0.138	1.817E+00
9bk5A	4eyh-assembly1_B	3.972E-01	3.860E-01	1.310E-01	3.739E-01	0.138	7.906E-01
9bk5A	5n0v-assembly1_B	5.042E-01	4.849E-01	1.315E-01	4.612E-01	0.138	2.668E+00
9bk5A	6m7u-assembly1_A	3.379E-01	3.138E-01	1.065E-01	3.561E-01	0.138	4.168E-01
9bk5A	9cih-assembly1_A	3.845E-01	3.601E-01	1.125E-01	3.765E-01	0.138	6.955E-01
9bk5A	8eve-assembly1_A	3.428E-01	3.165E-01	1.066E-01	3.535E-01	0.138	4.443E-01
9bk5A	8gkr-assembly1_A	3.890E-01	3.636E-01	1.161E-01	3.841E-01	0.138	7.415E-01
9bk5A	6pz3-assembly1_A	3.765E-01	3.427E-01	1.048E-01	3.857E-01	0.138	7.906E-01
9bk5A	5kg6-assembly1_A	3.526E-01	3.245E-01	1.065E-01	3.591E-01	0.138	5.050E-01
9bk5A	6pr2-assembly1_A	5.582E-01	4.939E-01	1.144E-01	4.462E-01	0.138	2.845E+00
9bk5A	6p5x-assembly1_B	5.690E-01	5.056E-01	1.208E-01	4.920E-01	0.138	3.675E+00
9bk5A	6pr1-assembly1_A	6.168E-01	5.471E-01	1.249E-01	5.103E-01	0.138	5.062E+00
9bk5A	1tz1-assembly1_A	3.048E-01	2.952E-01	2.924E-01	3.746E-01	0.126	4.168E-01
9bk5A	7okw-assembly1_B	4.588E-01	3.266E-01	2.745E-01	3.752E-01	0.126	1.407E+00
9bk5A	2mra-assembly1_A	5.120E-01	3.587E-01	2.614E-01	3.738E-01	0.126	1.937E+00
9bk5A	2a25-assembly1_A-2	3.890E-01	3.324E-01	2.200E-01	3.638E-01	0.126	8.428E-01
9bk5A	1n2m-assembly1_A	2.547E-01	2.455E-01	1.564E-01	3.324E-01	0.126	1.496E-01
9bk5A	8ath-assembly1_A	6.692E-01	2.578E-01	1.261E-01	3.374E-01	0.126	2.668E+00
9bk5A	6p5j-assembly1_AS	4.836E-01	3.428E-01	1.839E-01	4.360E-01	0.126	2.348E+00
9bk5A	8h9f-assembly1_G	4.435E-01	3.916E-01	2.132E-01	3.747E-01	0.126	1.238E+00
9bk5A	1ve2-assembly1_B	5.308E-01	4.705E-01	2.144E-01	4.787E-01	0.126	3.675E+00
9bk5A	6ynw-assembly1_g	4.505E-01	3.717E-01	1.528E-01	3.546E-01	0.126	1.161E+00
9bk5A	3nei-assembly1_A	5.781E-01	4.922E-01	2.109E-01	4.536E-01	0.126	3.675E+00
9bk5A	1va0-assembly1_B	5.022E-01	4.473E-01	2.046E-01	4.321E-01	0.126	2.503E+00
9bk5A	1wyz-assembly2_D	5.249E-01	4.464E-01	2.004E-01	4.373E-01	0.126	2.845E+00
9bk5A	6xu8-assembly1_AD	4.476E-01	3.809E-01	1.624E-01	3.881E-01	0.126	1.407E+00
9bk5A	1s4d-assembly6_L	5.420E-01	4.893E-01	1.988E-01	4.529E-01	0.126	3.447E+00
9bk5A	1s4d-assembly2_D	5.432E-01	4.892E-01	1.979E-01	4.550E-01	0.126	3.447E+00
9bk5A	2glt-assembly1_A	5.076E-01	4.040E-01	1.396E-01	3.947E-01	0.126	1.937E+00
9bk5A	6lnc-assembly1_C	3.380E-01	3.139E-01	1.188E-01	3.683E-01	0.126	5.384E-01
9bk5A	6lgl-assembly1_f	4.900E-01	3.522E-01	9.954E-02	4.094E-01	0.126	2.065E+00
9bk5A	7twm-assembly1_A	5.016E-01	4.840E-01	1.429E-01	4.284E-01	0.126	2.503E+00
9bk5A	7twk-assembly1_B	5.084E-01	4.079E-01	1.127E-01	3.534E-01	0.126	1.500E+00
9bk5A	4rno-assembly1_A	3.614E-01	3.365E-01	1.085E-01	3.582E-01	0.126	5.740E-01
9bk5A	3mjf-assembly1_A	5.353E-01	4.831E-01	1.175E-01	4.436E-01	0.126	3.233E+00
9bk5A	4dys-assembly1_B	4.066E-01	3.544E-01	8.975E-02	3.760E-01	0.126	1.021E+00
9bk5A	6pr4-assembly1_A	5.271E-01	4.758E-01	1.141E-01	4.244E-01	0.126	2.845E+00
9bk5A	6veb-assembly1_A	5.544E-01	4.904E-01	1.134E-01	4.420E-01	0.126	3.447E+00
9bk5A	7lk7-assembly1_A	7.415E-01	3.005E-01	4.523E-02	3.719E-01	0.126	4.453E+00
9bk5A	8x8m-assembly1_B	6.722E-01	2.801E-01	3.051E-02	3.444E-01	0.126	2.845E+00
9bk5A	2l6q-assembly1_A	4.608E-01	3.228E-01	3.820E-01	4.136E-01	0.116	2.202E+00
9bk5A	2ybv-assembly1_L	4.544E-01	4.041E-01	3.313E-01	4.029E-01	0.116	1.937E+00
9bk5A	2qqc-assembly2_L	3.395E-01	3.026E-01	2.365E-01	3.758E-01	0.116	6.955E-01
9bk5A	1rld-assembly1_S	5.187E-01	4.674E-01	3.339E-01	4.249E-01	0.116	2.845E+00
9bk5A	3e0j-assembly1_H	2.862E-01	2.530E-01	1.753E-01	3.471E-01	0.116	3.026E-01
9bk5A	6pgv-assembly1_A	4.578E-01	4.148E-01	2.417E-01	3.948E-01	0.116	1.937E+00
9bk5A	8gup-assembly2_B	3.262E-01	2.613E-01	1.600E-01	4.546E-01	0.116	1.161E+00
9bk5A	6xu7-assembly1_CS	5.312E-01	4.354E-01	2.360E-01	4.991E-01	0.116	4.177E+00
9bk5A	7qiz-assembly1_U	4.206E-01	3.355E-01	1.912E-01	3.601E-01	0.116	1.238E+00
9bk5A	9c4f-assembly1_I	5.696E-01	4.352E-01	2.169E-01	4.485E-01	0.116	4.177E+00
9bk5A	4ca1-assembly1_A	4.571E-01	3.518E-01	1.862E-01	3.799E-01	0.116	1.705E+00
9bk5A	4i7b-assembly1_A	4.284E-01	3.327E-01	1.787E-01	3.540E-01	0.116	1.161E+00
9bk5A	6yef-assembly1_c	4.146E-01	3.684E-01	1.786E-01	4.058E-01	0.116	1.500E+00
9bk5A	8qy6-assembly1_F	5.810E-01	2.920E-01	1.280E-01	3.416E-01	0.116	2.348E+00
9bk5A	7unu-assembly1_c	3.933E-01	3.480E-01	1.643E-01	3.609E-01	0.116	1.021E+00
9bk5A	1s4d-assembly6_M	5.418E-01	4.891E-01	1.944E-01	4.470E-01	0.116	3.447E+00
9bk5A	1s4d-assembly3_G	4.656E-01	4.220E-01	1.724E-01	4.081E-01	0.116	2.202E+00
9bk5A	7mgv-assembly1_B	4.508E-01	3.941E-01	1.270E-01	4.200E-01	0.116	1.937E+00
9bk5A	6v7j-assembly1_B	6.623E-01	3.496E-01	8.431E-02	3.956E-01	0.116	4.177E+00
9bk5A	7twk-assembly1_A	5.057E-01	4.875E-01	1.416E-01	4.266E-01	0.116	2.845E+00
9bk5A	6xvi-assembly4_D	3.201E-01	2.492E-01	8.335E-02	3.162E-01	0.116	3.667E-01
9bk5A	3k1t-assembly1_A-2	4.033E-01	3.940E-01	1.161E-01	4.068E-01	0.116	1.500E+00
9bk5A	1pjq-assembly1_A	5.073E-01	4.513E-01	1.105E-01	3.968E-01	0.116	2.503E+00
9bk5A	6yra-assembly1_A	2.975E-01	2.906E-01	6.941E-02	3.365E-01	0.116	3.439E-01
9bk5A	1jgk-assembly1_A	6.440E-01	2.712E-01	3.117E-01	3.225E-01	0.106	2.845E+00
9bk5A	8hl5-assembly1_L45A	6.266E-01	3.070E-01	2.453E-01	3.343E-01	0.106	3.033E+00
9bk5A	2fhz-assembly1_A	5.600E-01	4.969E-01	3.888E-01	4.720E-01	0.106	4.748E+00
9bk5A	6eci-assembly4_G	4.297E-01	2.765E-01	2.167E-01	3.177E-01	0.106	1.089E+00
9bk5A	7zv6-assembly1_B	5.747E-01	2.797E-01	1.915E-01	3.291E-01	0.106	2.348E+00
9bk5A	3u0i-assembly1_A-2	3.882E-01	2.647E-01	1.863E-01	3.116E-01	0.106	7.415E-01
9bk5A	5cw9-assembly1_A	4.532E-01	4.357E-01	2.849E-01	4.315E-01	0.106	2.503E+00
9bk5A	3jai-assembly1_S	4.685E-01	3.518E-01	1.925E-01	4.546E-01	0.106	3.233E+00
9bk5A	4i7d-assembly1_A	3.537E-01	3.034E-01	1.697E-01	3.358E-01	0.106	7.415E-01
9bk5A	8caz-assembly1_C	3.896E-01	3.452E-01	1.549E-01	3.841E-01	0.106	1.238E+00
9bk5A	5a9z-assembly1_BG	3.910E-01	3.556E-01	1.693E-01	3.856E-01	0.106	1.319E+00
9bk5A	7oyc-assembly1_D2	5.442E-01	3.368E-01	1.412E-01	3.627E-01	0.106	2.668E+00
9bk5A	3nd1-assembly1_B	4.958E-01	4.087E-01	1.688E-01	4.464E-01	0.106	3.447E+00
9bk5A	7u5e-assembly1_G	3.618E-01	3.370E-01	1.410E-01	3.978E-01	0.106	1.161E+00
9bk5A	1gsa-assembly1_A	4.393E-01	3.670E-01	1.273E-01	3.912E-01	0.106	1.937E+00
9bk5A	9emc-assembly1_E	3.956E-01	3.113E-01	1.124E-01	3.736E-01	0.106	1.238E+00
9bk5A	6pij-assembly1_C	2.779E-01	2.552E-01	1.128E-01	3.081E-01	0.106	2.497E-01
9bk5A	7twk-assembly2_C	4.972E-01	4.795E-01	1.423E-01	4.254E-01	0.106	3.033E+00
9bk5A	5n0q-assembly1_B	5.160E-01	4.213E-01	1.196E-01	4.145E-01	0.106	3.033E+00
9bk5A	4eyi-assembly1_B	3.594E-01	3.565E-01	1.238E-01	3.810E-01	0.106	9.580E-01
9bk5A	5n0t-assembly1_A	5.104E-01	3.968E-01	1.040E-01	3.820E-01	0.106	2.503E+00
9bk5A	5n0n-assembly1_A-2	4.926E-01	4.160E-01	1.135E-01	3.966E-01	0.106	2.668E+00
9bk5A	8evf-assembly1_A	4.004E-01	3.976E-01	1.266E-01	3.977E-01	0.106	1.599E+00
9bk5A	6p7d-assembly1_B	5.366E-01	4.664E-01	1.090E-01	4.513E-01	0.106	4.177E+00
9bk5A	6pr3-assembly1_B	5.707E-01	4.998E-01	1.190E-01	4.851E-01	0.106	5.397E+00
9bk5A	3ooj-assembly1_F	4.375E-01	3.970E-01	8.773E-02	3.969E-01	0.106	2.065E+00
9bk5A	3ooj-assembly1_E	4.483E-01	4.042E-01	8.614E-02	4.279E-01	0.106	2.503E+00
9bk5A	9bs5-assembly1_B	4.619E-01	3.857E-01	5.217E-02	3.762E-01	0.106	1.937E+00
9bk5A	3pih-assembly1_A	4.691E-01	4.408E-01	6.353E-02	4.274E-01	0.106	2.845E+00
9bk5A	1pqs-assembly1_A	3.436E-01	3.249E-01	3.278E-01	4.032E-01	0.098	1.319E+00
9bk5A	1yd1-assembly1_A	3.557E-01	2.998E-01	2.761E-01	4.264E-01	0.098	1.599E+00
9bk5A	5fu3-assembly1_A	3.738E-01	3.003E-01	2.641E-01	3.072E-01	0.098	6.955E-01
9bk5A	7zv1-assembly3_C	5.921E-01	2.836E-01	2.282E-01	3.405E-01	0.098	3.033E+00
9bk5A	3u5w-assembly1_A-2	4.306E-01	2.542E-01	1.788E-01	2.984E-01	0.098	9.580E-01
9bk5A	8c7h-assembly1_C	2.535E-01	2.534E-01	1.535E-01	3.084E-01	0.098	2.342E-01
9bk5A	2d16-assembly1_A	3.519E-01	3.240E-01	1.931E-01	3.953E-01	0.098	1.238E+00
9bk5A	8esr-assembly1_S	4.459E-01	3.523E-01	2.093E-01	3.841E-01	0.098	2.202E+00
9bk5A	4rnd-assembly1_C	3.679E-01	2.971E-01	1.547E-01	3.843E-01	0.098	1.407E+00
9bk5A	4i7b-assembly2_C	4.265E-01	3.319E-01	1.822E-01	3.662E-01	0.098	1.817E+00
9bk5A	4v8p-assembly2_DX	5.288E-01	3.770E-01	1.868E-01	4.825E-01	0.098	5.062E+00
9bk5A	4x3g-assembly1_A	3.532E-01	3.035E-01	1.683E-01	3.287E-01	0.098	7.906E-01
9bk5A	5lq7-assembly1_A	4.717E-01	4.523E-01	2.255E-01	4.057E-01	0.098	3.033E+00
9bk5A	6u73-assembly1_A	6.328E-01	3.136E-01	1.291E-01	3.492E-01	0.098	4.177E+00
9bk5A	7rsl-assembly1_A	3.462E-01	2.424E-01	9.083E-02	2.574E-01	0.098	3.226E-01
9bk5A	3nd1-assembly1_A	4.983E-01	3.896E-01	1.614E-01	4.297E-01	0.098	3.447E+00
9bk5A	7mwr-assembly1_B	3.084E-01	2.746E-01	1.123E-01	4.144E-01	0.098	1.021E+00
9bk5A	5xlp-assembly1_C	3.605E-01	3.399E-01	1.477E-01	3.531E-01	0.098	1.021E+00
9bk5A	3h20-assembly1_A	5.739E-01	4.336E-01	1.485E-01	4.023E-01	0.098	4.453E+00
9bk5A	8zdy-assembly1_E	3.513E-01	3.187E-01	1.161E-01	3.642E-01	0.098	1.021E+00
9bk5A	6pif-assembly1_F	2.792E-01	2.568E-01	1.197E-01	3.060E-01	0.098	2.662E-01
9bk5A	4h3w-assembly2_B	4.561E-01	3.184E-01	1.062E-01	3.373E-01	0.098	1.705E+00
9bk5A	5xlp-assembly1_E	3.605E-01	3.399E-01	1.339E-01	3.531E-01	0.098	1.021E+00
9bk5A	8fuk-assembly1_A	2.834E-01	2.615E-01	1.130E-01	3.032E-01	0.098	3.026E-01
9bk5A	6lnb-assembly1_F	3.164E-01	2.898E-01	1.172E-01	3.340E-01	0.098	5.740E-01
9bk5A	7u5d-assembly1_B	3.194E-01	3.017E-01	1.175E-01	3.668E-01	0.098	7.906E-01
9bk5A	5n0o-assembly1_B	5.086E-01	4.156E-01	1.182E-01	4.064E-01	0.098	3.447E+00
9bk5A	5n0r-assembly1_A-2	5.049E-01	3.816E-01	1.009E-01	3.679E-01	0.098	2.503E+00
9bk5A	6veb-assembly1_B	6.004E-01	5.188E-01	1.170E-01	4.834E-01	0.098	6.972E+00
9bk5A	3n6x-assembly1_A	4.263E-01	3.488E-01	9.307E-02	4.429E-01	0.098	2.845E+00
9bk5A	1pjs-assembly1_B	5.689E-01	5.003E-01	1.184E-01	4.719E-01	0.098	6.134E+00
9bk5A	5d79-assembly2_B	3.104E-01	2.947E-01	6.963E-02	3.792E-01	0.098	8.428E-01
9bk5A	4aw7-assembly1_A	5.603E-01	3.386E-01	5.704E-02	3.413E-01	0.098	2.668E+00
9bk5A	4moa-assembly1_A	4.126E-01	2.945E-01	5.160E-02	2.994E-01	0.098	8.428E-01
9bk5A	8ghb-assembly1_A	6.529E-01	3.011E-01	4.093E-02	3.279E-01	0.098	3.675E+00
9bk5A	6qbf-assembly1_A	3.351E-01	2.831E-01	4.602E-02	3.354E-01	0.098	7.415E-01
9bk5A	5i8j-assembly1_B	4.822E-01	3.018E-01	3.522E-01	3.421E-01	0.090	2.503E+00
9bk5A	1k51-assembly1_A-2	5.495E-01	3.843E-01	4.076E-01	4.407E-01	0.090	5.397E+00
9bk5A	9e7f-assembly1_BC	4.203E-01	3.481E-01	3.515E-01	3.485E-01	0.090	1.817E+00
9bk5A	6mr1-assembly2_B	5.038E-01	4.228E-01	3.955E-01	4.428E-01	0.090	4.748E+00
9bk5A	1rbl-assembly1_M	4.345E-01	3.784E-01	3.031E-01	4.091E-01	0.090	2.668E+00
9bk5A	1upp-assembly1_I	5.318E-01	4.498E-01	3.172E-01	4.100E-01	0.090	4.453E+00
9bk5A	8fjf-assembly1_A	3.463E-01	3.277E-01	2.232E-01	3.279E-01	0.090	7.906E-01
9bk5A	4v8p-assembly4_GP	4.480E-01	2.733E-01	1.466E-01	3.288E-01	0.090	1.705E+00
9bk5A	8oo0-assembly1_LT	4.177E-01	2.737E-01	1.457E-01	3.368E-01	0.090	1.705E+00
9bk5A	2jb7-assembly1_A	3.305E-01	3.187E-01	2.011E-01	4.268E-01	0.090	1.599E+00
9bk5A	5sxh-assembly2_A	4.573E-01	3.756E-01	2.043E-01	3.926E-01	0.090	3.033E+00
9bk5A	4i7c-assembly1_A	3.224E-01	2.754E-01	1.592E-01	3.371E-01	0.090	7.906E-01
9bk5A	1k2f-assembly2_B-2	4.225E-01	3.272E-01	1.737E-01	3.469E-01	0.090	1.817E+00
9bk5A	5wzz-assembly2_B	4.517E-01	3.476E-01	1.835E-01	3.716E-01	0.090	2.503E+00
9bk5A	5xyi-assembly1_D	5.795E-01	3.556E-01	1.558E-01	3.639E-01	0.090	3.918E+00
9bk5A	2j7q-assembly1_A	4.150E-01	4.015E-01	1.777E-01	3.852E-01	0.090	2.065E+00
9bk5A	1s4d-assembly5_K	4.667E-01	4.242E-01	1.723E-01	4.094E-01	0.090	3.233E+00
9bk5A	5zc2-assembly1_B	4.822E-01	2.213E-01	6.429E-02	2.661E-01	0.090	1.238E+00
9bk5A	8sfg-assembly2_C	4.154E-01	4.052E-01	1.486E-01	4.162E-01	0.090	2.503E+00
9bk5A	4nub-assembly1_A-2	4.420E-01	3.073E-01	8.147E-02	2.922E-01	0.090	1.319E+00
9bk5A	6gew-assembly1_A-2	5.031E-01	4.839E-01	1.351E-01	4.518E-01	0.090	5.062E+00
9bk5A	8oou-assembly1_A	4.428E-01	2.222E-01	6.262E-02	3.535E-01	0.090	2.202E+00
9bk5A	7twm-assembly1_B	4.713E-01	4.444E-01	1.303E-01	4.112E-01	0.090	3.447E+00
9bk5A	4njr-assembly1_A	3.017E-01	2.535E-01	7.325E-02	3.159E-01	0.090	5.050E-01
9bk5A	3tv9-assembly1_A-2	3.470E-01	2.896E-01	6.443E-02	3.108E-01	0.090	7.906E-01
9bk5A	6pqz-assembly1_B	6.399E-01	5.727E-01	1.301E-01	5.173E-01	0.090	9.602E+00
9bk5A	6p5z-assembly1_A	5.246E-01	4.739E-01	1.142E-01	4.240E-01	0.090	4.453E+00
9bk5A	1ulz-assembly1_A-2	4.398E-01	3.976E-01	1.115E-01	4.406E-01	0.090	3.447E+00
9bk5A	1ecf-assembly1_B	4.499E-01	4.180E-01	1.020E-01	4.139E-01	0.090	3.233E+00
9bk5A	8zkk-assembly1_O	5.118E-01	3.436E-01	6.155E-02	3.703E-01	0.090	3.447E+00
9bk5A	7lnp-assembly4_E	7.463E-01	3.012E-01	4.639E-02	3.750E-01	0.090	6.972E+00
9bk5A	2ebf-assembly1_X	4.828E-01	2.541E-01	3.396E-02	3.043E-01	0.090	1.705E+00
9bk5A	2ec5-assembly1_A	4.850E-01	2.612E-01	3.477E-02	3.141E-01	0.090	1.817E+00
9bk5A	2d73-assembly1_B	5.018E-01	3.646E-01	4.735E-02	4.032E-01	0.090	3.675E+00
9bk5A	5hy3-assembly1_B	4.439E-01	3.278E-01	3.947E-01	3.692E-01	0.082	2.668E+00
9bk5A	8vsr-assembly1_C	3.829E-01	2.848E-01	3.414E-01	3.188E-01	0.082	1.238E+00
9bk5A	1jml-assembly1_A	5.487E-01	3.847E-01	4.080E-01	4.420E-01	0.082	6.539E+00
9bk5A	3lfg-assembly2_B	4.203E-01	3.591E-01	3.274E-01	3.784E-01	0.082	2.503E+00
9bk5A	3a2e-assembly2_B	4.294E-01	3.934E-01	3.089E-01	3.952E-01	0.082	2.845E+00
9bk5A	1nc7-assembly1_C	4.549E-01	3.324E-01	2.531E-01	3.394E-01	0.082	2.202E+00
9bk5A	4afm-assembly1_A-2	4.526E-01	3.552E-01	2.533E-01	3.706E-01	0.082	2.668E+00
9bk5A	6u08-assembly4_G	7.750E-01	2.752E-01	1.657E-01	3.501E-01	0.082	7.924E+00
9bk5A	3mu3-assembly2_B	5.017E-01	2.451E-01	1.542E-01	3.322E-01	0.082	2.845E+00
9bk5A	4l82-assembly1_B	6.789E-01	2.209E-01	1.054E-01	3.460E-01	0.082	6.134E+00
9bk5A	8oj3-assembly2_BN	4.968E-01	3.520E-01	1.916E-01	4.713E-01	0.082	6.134E+00
9bk5A	4rnd-assembly1_A	3.701E-01	3.007E-01	1.468E-01	3.755E-01	0.082	1.937E+00
9bk5A	8rxx-assembly1_LR	4.236E-01	3.659E-01	1.982E-01	4.118E-01	0.082	3.033E+00
9bk5A	3nfw-assembly1_A	4.751E-01	2.129E-01	9.799E-02	3.044E-01	0.082	1.937E+00
9bk5A	1uww-assembly1_B	3.423E-01	2.784E-01	1.587E-01	3.533E-01	0.082	1.161E+00
9bk5A	5xyu-assembly1_C	3.947E-01	3.481E-01	1.670E-01	3.399E-01	0.082	1.705E+00
9bk5A	5dgv-assembly2_S3	4.351E-01	3.760E-01	1.615E-01	3.804E-01	0.082	2.845E+00
9bk5A	5g1f-assembly1_A	5.270E-01	3.780E-01	1.500E-01	4.185E-01	0.082	5.397E+00
9bk5A	5fm0-assembly1_A	5.186E-01	3.698E-01	1.464E-01	4.169E-01	0.082	4.748E+00
9bk5A	4f8c-assembly2_C	6.121E-01	3.594E-01	1.324E-01	3.070E-01	0.082	3.675E+00
9bk5A	6yny-assembly1_g2	4.352E-01	3.596E-01	1.235E-01	3.546E-01	0.082	2.503E+00
9bk5A	8udz-assembly1_B	2.854E-01	2.748E-01	1.113E-01	3.370E-01	0.082	6.119E-01
9bk5A	5zc2-assembly1_A	5.147E-01	2.232E-01	6.592E-02	2.635E-01	0.082	1.705E+00
9bk5A	5ffo-assembly1_G	2.931E-01	2.886E-01	1.162E-01	3.543E-01	0.082	7.415E-01
9bk5A	8vsd-assembly1_F	2.670E-01	2.580E-01	9.729E-02	3.271E-01	0.082	5.050E-01
9bk5A	7bqx-assembly1_e	4.743E-01	3.365E-01	1.062E-01	3.868E-01	0.082	3.675E+00
9bk5A	4jaa-assembly1_A	3.629E-01	3.411E-01	1.137E-01	3.217E-01	0.082	1.089E+00
9bk5A	5xtu-assembly1_A	6.377E-01	2.736E-01	7.160E-02	3.367E-01	0.082	5.062E+00
9bk5A	8sfg-assembly1_A	4.165E-01	4.060E-01	1.470E-01	4.161E-01	0.082	2.845E+00
9bk5A	5vqf-assembly1_A	3.202E-01	3.124E-01	1.137E-01	3.740E-01	0.082	1.319E+00
9bk5A	4aby-assembly1_A	4.610E-01	2.045E-01	6.400E-02	3.527E-01	0.082	2.845E+00
9bk5A	2eaa-assembly1_A	5.442E-01	2.963E-01	6.638E-02	3.311E-01	0.082	3.233E+00
9bk5A	7dkg-assembly1_B	3.783E-01	3.263E-01	8.926E-02	3.479E-01	0.082	1.500E+00
9bk5A	3wvq-assembly5_C	4.994E-01	4.776E-01	1.260E-01	4.516E-01	0.082	5.397E+00
9bk5A	6pr3-assembly1_A	5.574E-01	4.878E-01	1.119E-01	4.420E-01	0.082	6.134E+00
9bk5A	6ulu-assembly1_A	5.234E-01	4.592E-01	1.090E-01	4.165E-01	0.082	5.062E+00
9bk5A	1ao0-assembly1_A	3.976E-01	3.524E-01	9.431E-02	3.808E-01	0.082	2.202E+00
9bk5A	1ecb-assembly2_D	4.632E-01	4.312E-01	1.088E-01	4.111E-01	0.082	3.675E+00
9bk5A	1ecb-assembly1_A	4.596E-01	4.282E-01	1.089E-01	4.151E-01	0.082	3.675E+00
9bk5A	4bep-assembly1_A	4.333E-01	4.143E-01	1.045E-01	3.936E-01	0.082	2.845E+00
9bk5A	8wg0-assembly1_B	4.174E-01	3.587E-01	5.368E-02	3.333E-01	0.082	1.705E+00
9bk5A	8wg2-assembly1_B	4.378E-01	3.762E-01	5.533E-02	3.750E-01	0.082	2.503E+00
9bk5A	9bs5-assembly1_A	4.607E-01	3.848E-01	5.249E-02	3.726E-01	0.082	3.233E+00
9bk5A	2jke-assembly1_B	4.917E-01	3.567E-01	4.888E-02	3.709E-01	0.082	3.675E+00
9bk5A	2vzo-assembly2_B	7.536E-01	3.052E-01	3.105E-02	3.781E-01	0.082	7.924E+00
9bk5A	7voo-assembly1_A	5.116E-01	3.385E-01	2.894E-02	3.419E-01	0.082	3.233E+00
9bk5A	7zjy-assembly1_A	5.485E-01	2.368E-01	3.007E-01	3.289E-01	0.076	3.918E+00
9bk5A	4hbo-assembly2_B-3	4.268E-01	3.149E-01	3.210E-01	3.551E-01	0.076	2.503E+00
9bk5A	6mrs-assembly1_A	3.202E-01	2.935E-01	2.963E-01	4.205E-01	0.076	1.937E+00
9bk5A	8hfq-assembly1_m	4.196E-01	3.273E-01	3.190E-01	3.337E-01	0.076	2.202E+00
9bk5A	8ckb-assembly1_I001	4.275E-01	3.474E-01	3.364E-01	4.321E-01	0.076	4.177E+00
9bk5A	3ihs-assembly2_B	4.306E-01	3.714E-01	3.529E-01	3.862E-01	0.076	3.033E+00
9bk5A	6z1g-assembly1_A	5.126E-01	4.321E-01	4.036E-01	4.073E-01	0.076	5.397E+00
9bk5A	4wpy-assembly1_A-2	3.979E-01	2.670E-01	2.412E-01	3.927E-01	0.076	3.033E+00
9bk5A	1yd4-assembly1_A	3.567E-01	3.006E-01	2.768E-01	4.272E-01	0.076	2.668E+00
9bk5A	1yd2-assembly1_A	3.688E-01	3.162E-01	2.875E-01	3.856E-01	0.076	2.202E+00
9bk5A	5aos-assembly1_A	3.642E-01	2.871E-01	2.422E-01	3.013E-01	0.076	1.089E+00
9bk5A	1s62-assembly1_A	2.715E-01	2.205E-01	1.814E-01	3.445E-01	0.076	7.906E-01
9bk5A	6w3g-assembly2_B	6.525E-01	2.473E-01	1.861E-01	3.002E-01	0.076	4.453E+00
9bk5A	2l97-assembly1_A	5.943E-01	3.404E-01	2.266E-01	3.548E-01	0.076	5.397E+00
9bk5A	3m7o-assembly3_C	4.866E-01	2.201E-01	1.454E-01	3.291E-01	0.076	2.845E+00
9bk5A	8w97-assembly1_A	3.851E-01	3.686E-01	2.467E-01	3.871E-01	0.076	2.348E+00
9bk5A	6boh-assembly2_VB	4.863E-01	2.693E-01	1.614E-01	2.854E-01	0.076	2.065E+00
9bk5A	9jx6-assembly2_D	3.251E-01	2.667E-01	1.741E-01	3.829E-01	0.076	1.705E+00
9bk5A	6d9n-assembly1_A	3.257E-01	2.627E-01	1.705E-01	3.850E-01	0.076	1.599E+00
9bk5A	6okk-assembly1_D	4.351E-01	3.829E-01	2.186E-01	3.967E-01	0.076	3.447E+00
9bk5A	5exv-assembly1_A	5.466E-01	3.199E-01	1.749E-01	2.982E-01	0.076	3.233E+00
9bk5A	5gv3-assembly2_B	7.277E-01	2.802E-01	1.396E-01	3.385E-01	0.076	6.972E+00
9bk5A	5xlk-assembly2_C	4.434E-01	3.437E-01	1.708E-01	3.522E-01	0.076	2.668E+00
9bk5A	5h9m-assembly1_B	3.479E-01	2.529E-01	1.395E-01	3.126E-01	0.076	1.161E+00
9bk5A	4i7c-assembly2_C	3.409E-01	2.948E-01	1.636E-01	3.186E-01	0.076	1.238E+00
9bk5A	2a22-assembly1_A	6.397E-01	2.697E-01	1.170E-01	3.610E-01	0.076	6.539E+00
9bk5A	1nzc-assembly2_C	5.856E-01	3.619E-01	1.600E-01	3.761E-01	0.076	5.753E+00
9bk5A	6ha8-assembly1_c	4.566E-01	3.923E-01	1.751E-01	3.973E-01	0.076	4.177E+00
9bk5A	8q87-assembly1_Ac	5.378E-01	3.202E-01	1.330E-01	3.511E-01	0.076	4.453E+00
9bk5A	2j7q-assembly2_C	3.776E-01	3.656E-01	1.631E-01	3.589E-01	0.076	2.065E+00
9bk5A	6och-assembly1_A	6.262E-01	2.672E-01	9.012E-02	3.417E-01	0.076	5.753E+00
9bk5A	2izo-assembly1_C	3.676E-01	3.530E-01	1.421E-01	3.615E-01	0.076	2.065E+00
9bk5A	5fm0-assembly1_B	5.338E-01	3.854E-01	1.510E-01	4.039E-01	0.076	5.397E+00
9bk5A	5i47-assembly1_B	5.252E-01	4.460E-01	1.756E-01	4.246E-01	0.076	6.134E+00
9bk5A	8fs4-assembly1_F	3.735E-01	3.368E-01	1.318E-01	3.475E-01	0.076	1.705E+00
9bk5A	8zdy-assembly1_F	3.237E-01	3.019E-01	1.146E-01	3.090E-01	0.076	9.580E-01
9bk5A	7yhs-assembly1_C	2.967E-01	2.879E-01	1.118E-01	3.100E-01	0.076	6.524E-01
9bk5A	1n26-assembly1_A	4.779E-01	2.938E-01	9.334E-02	3.364E-01	0.076	3.033E+00
9bk5A	8fxs-assembly1_B	3.577E-01	3.401E-01	1.180E-01	3.798E-01	0.076	2.202E+00
9bk5A	5l8h-assembly1_A	5.256E-01	2.690E-01	7.133E-02	3.049E-01	0.076	3.233E+00
9bk5A	5vqf-assembly1_B	3.303E-01	3.217E-01	1.217E-01	3.915E-01	0.076	1.817E+00
9bk5A	2fh3-assembly1_A	3.545E-01	3.216E-01	1.023E-01	3.921E-01	0.076	2.065E+00
9bk5A	6lnb-assembly1_E	3.656E-01	3.329E-01	1.236E-01	3.700E-01	0.076	2.065E+00
9bk5A	2ilm-assembly1_A-2	3.618E-01	3.401E-01	1.100E-01	3.216E-01	0.076	1.238E+00
9bk5A	7ztb-assembly2_B	4.597E-01	4.081E-01	1.205E-01	4.047E-01	0.076	4.453E+00
9bk5A	6v7j-assembly1_C	5.962E-01	3.072E-01	7.176E-02	3.573E-01	0.076	5.753E+00
9bk5A	7bw6-assembly1_i	4.263E-01	3.125E-01	9.345E-02	3.600E-01	0.076	2.668E+00
9bk5A	5frq-assembly1_A	3.290E-01	3.171E-01	8.924E-02	3.286E-01	0.076	1.161E+00
9bk5A	2phl-assembly1_B	5.466E-01	2.935E-01	6.867E-02	3.337E-01	0.076	3.918E+00
9bk5A	5fve-assembly1_A-2	3.685E-01	3.600E-01	1.028E-01	3.606E-01	0.076	1.817E+00
9bk5A	6tsc-assembly1_A-2	4.765E-01	4.591E-01	1.336E-01	4.208E-01	0.076	5.062E+00
9bk5A	3ufx-assembly5_G	4.202E-01	3.933E-01	1.239E-01	4.510E-01	0.076	4.177E+00
9bk5A	3pv3-assembly1_D	5.230E-01	2.401E-01	5.569E-02	2.837E-01	0.076	2.503E+00
9bk5A	5n4i-assembly1_A	5.004E-01	4.831E-01	1.301E-01	4.515E-01	0.076	6.539E+00
9bk5A	4njq-assembly1_C	3.634E-01	3.005E-01	8.546E-02	3.257E-01	0.076	1.407E+00
9bk5A	4v1o-assembly1_W	3.833E-01	2.776E-01	6.556E-02	3.289E-01	0.076	1.705E+00
9bk5A	3wvq-assembly4_B	4.987E-01	4.770E-01	1.273E-01	4.529E-01	0.076	6.539E+00
9bk5A	5b7b-assembly1_B	3.852E-01	3.121E-01	8.301E-02	3.672E-01	0.076	2.202E+00
9bk5A	3wvq-assembly1_A	5.380E-01	5.139E-01	1.300E-01	4.797E-01	0.076	7.924E+00
9bk5A	7lvo-assembly1_A	5.808E-01	5.097E-01	1.177E-01	5.037E-01	0.076	9.602E+00
9bk5A	6qd6-assembly1_A	3.056E-01	2.566E-01	8.039E-02	3.199E-01	0.076	8.986E-01
9bk5A	1gph-assembly1_1	4.184E-01	3.804E-01	9.777E-02	4.028E-01	0.076	3.233E+00
9bk5A	8w7d-assembly1_B	4.211E-01	3.926E-01	1.024E-01	3.994E-01	0.076	3.447E+00
9bk5A	1w99-assembly1_A	4.191E-01	2.976E-01	5.043E-02	2.744E-01	0.076	1.319E+00
9bk5A	8pe4-assembly1_A	7.321E-01	2.525E-01	3.314E-02	3.596E-01	0.076	8.448E+00
9bk5A	6jeh-assembly1_B	3.386E-01	2.849E-01	4.693E-02	3.411E-01	0.076	1.319E+00
9bk5A	5m45-assembly2_K	2.823E-01	2.748E-01	6.738E-02	3.704E-01	0.076	1.021E+00
9bk5A	2ebh-assembly1_X	4.864E-01	2.450E-01	3.256E-02	2.925E-01	0.076	2.202E+00
9bk5A	6q9z-assembly2_B	3.476E-01	2.916E-01	4.610E-02	3.359E-01	0.076	1.500E+00
9bk5A	8k1a-assembly1_D	4.399E-01	3.442E-01	5.432E-02	3.087E-01	0.076	1.937E+00
9bk5A	4rul-assembly1_A	3.373E-01	2.730E-01	4.128E-02	3.265E-01	0.076	1.089E+00
9bk5A	2vzt-assembly2_B	7.454E-01	3.042E-01	3.095E-02	3.753E-01	0.076	9.007E+00
9bk5A	2vzu-assembly2_B	7.442E-01	3.040E-01	3.095E-02	3.771E-01	0.076	9.007E+00
9bk5A	8kag-assembly1_B	3.382E-01	2.284E-01	2.702E-02	3.732E-01	0.076	1.817E+00
9bk5A	2le2-assembly1_B	4.450E-01	3.233E-01	3.949E-01	3.666E-01	0.069	3.675E+00
9bk5A	8cai-assembly1_C	4.869E-01	3.136E-01	3.671E-01	3.441E-01	0.069	3.675E+00
9bk5A	9e6q-assembly1_AR	4.433E-01	3.304E-01	3.362E-01	4.046E-01	0.069	4.177E+00
9bk5A	7du6-assembly1_A	2.661E-01	2.575E-01	2.420E-01	3.323E-01	0.069	7.906E-01
9bk5A	8hhj-assembly1_A	4.086E-01	3.222E-01	2.623E-01	4.078E-01	0.069	3.918E+00
9bk5A	6uew-assembly1_H-2	5.341E-01	4.919E-01	4.091E-01	4.475E-01	0.069	7.924E+00
9bk5A	2ii7-assembly1_H	4.016E-01	3.129E-01	2.483E-01	3.055E-01	0.069	1.937E+00
9bk5A	2ii7-assembly2_E	4.051E-01	3.163E-01	2.550E-01	3.006E-01	0.069	1.705E+00
9bk5A	4p1m-assembly1_B-2	4.706E-01	2.239E-01	1.801E-01	3.715E-01	0.069	4.453E+00
9bk5A	7jil-assembly1_P	6.476E-01	2.889E-01	2.071E-01	3.454E-01	0.069	6.972E+00
9bk5A	2ii7-assembly1_B	4.012E-01	3.125E-01	2.353E-01	3.068E-01	0.069	1.817E+00
9bk5A	6v3a-assembly1_O	5.591E-01	2.854E-01	1.947E-01	2.901E-01	0.069	3.447E+00
9bk5A	5trv-assembly1_A	7.308E-01	3.097E-01	2.108E-01	3.628E-01	0.069	9.602E+00
9bk5A	3axk-assembly1_S	5.192E-01	4.732E-01	3.444E-01	4.250E-01	0.069	6.539E+00
9bk5A	1uzh-assembly1_C	4.021E-01	3.213E-01	2.307E-01	3.570E-01	0.069	2.845E+00
9bk5A	2qqd-assembly2_G	2.529E-01	2.440E-01	1.586E-01	3.282E-01	0.069	6.119E-01
9bk5A	1lb4-assembly1_A	3.769E-01	2.906E-01	1.880E-01	3.808E-01	0.069	2.668E+00
9bk5A	3vwo-assembly1_A	3.470E-01	2.609E-01	1.664E-01	3.439E-01	0.069	1.705E+00
9bk5A	4hfl-assembly1_A	6.460E-01	3.506E-01	1.868E-01	3.720E-01	0.069	7.924E+00
9bk5A	5td5-assembly1_A	3.607E-01	2.998E-01	1.744E-01	3.811E-01	0.069	2.668E+00
9bk5A	6zj3-assembly1_Lg	5.022E-01	3.536E-01	1.818E-01	4.633E-01	0.069	6.972E+00
9bk5A	6c46-assembly2_C	5.786E-01	3.390E-01	1.565E-01	3.634E-01	0.069	6.134E+00
9bk5A	3ngy-assembly2_C	5.951E-01	4.200E-01	2.106E-01	3.656E-01	0.069	6.539E+00
9bk5A	1yzb-assembly1_A	3.441E-01	3.416E-01	2.018E-01	3.826E-01	0.069	2.348E+00
9bk5A	2ixh-assembly1_A	5.181E-01	3.074E-01	1.415E-01	3.116E-01	0.069	3.675E+00
9bk5A	3h25-assembly1_A	4.730E-01	3.487E-01	1.825E-01	3.711E-01	0.069	4.177E+00
9bk5A	4i7d-assembly2_C	3.580E-01	3.081E-01	1.710E-01	3.402E-01	0.069	1.937E+00
9bk5A	5h5w-assembly2_B	3.357E-01	2.697E-01	1.362E-01	3.046E-01	0.069	1.238E+00
9bk5A	5h5w-assembly1_A	3.359E-01	2.703E-01	1.358E-01	2.949E-01	0.069	1.161E+00
9bk5A	2bu3-assembly1_A	4.514E-01	4.396E-01	2.199E-01	4.033E-01	0.069	4.453E+00
9bk5A	6no4-assembly1_B	5.082E-01	4.260E-01	2.075E-01	4.170E-01	0.069	6.134E+00
9bk5A	4w5h-assembly1_A	4.254E-01	3.039E-01	1.253E-01	3.529E-01	0.069	3.033E+00
9bk5A	6ytf-assembly1_d	3.929E-01	3.572E-01	1.590E-01	3.796E-01	0.069	2.845E+00
9bk5A	5gkj-assembly1_A	4.459E-01	3.332E-01	1.512E-01	3.563E-01	0.069	3.675E+00
9bk5A	4ucb-assembly2_A	3.293E-01	2.381E-01	9.716E-02	3.478E-01	0.069	1.599E+00
9bk5A	1ve2-assembly1_A	5.400E-01	4.062E-01	1.753E-01	4.268E-01	0.069	7.433E+00
9bk5A	8c3a-assembly1_F	4.348E-01	3.805E-01	1.617E-01	3.602E-01	0.069	3.447E+00
9bk5A	5d80-assembly1_G	3.440E-01	2.816E-01	1.165E-01	3.504E-01	0.069	1.705E+00
9bk5A	2vld-assembly1_B	4.615E-01	3.169E-01	1.296E-01	3.015E-01	0.069	2.668E+00
9bk5A	7wzg-assembly1_A	4.031E-01	2.822E-01	1.042E-01	3.056E-01	0.069	1.937E+00
9bk5A	6r8f-assembly1_C	3.789E-01	3.114E-01	1.246E-01	3.538E-01	0.069	2.202E+00
9bk5A	8cap-assembly3_C	3.741E-01	2.816E-01	1.019E-01	2.943E-01	0.069	1.319E+00
9bk5A	2e0k-assembly1_B	4.844E-01	4.081E-01	1.747E-01	4.229E-01	0.069	6.134E+00
9bk5A	5xgp-assembly1_A	3.450E-01	2.192E-01	9.099E-02	3.482E-01	0.069	1.705E+00
9bk5A	5fll-assembly1_B	5.060E-01	3.631E-01	1.424E-01	4.069E-01	0.069	5.753E+00
9bk5A	1vhv-assembly1_A	4.924E-01	4.068E-01	1.676E-01	3.861E-01	0.069	4.748E+00
9bk5A	1s4d-assembly3_F	4.906E-01	4.438E-01	1.820E-01	4.098E-01	0.069	5.753E+00
9bk5A	6h3c-assembly1_G	3.825E-01	3.219E-01	1.161E-01	3.457E-01	0.069	2.348E+00
9bk5A	6mn3-assembly2_B	2.852E-01	2.796E-01	1.053E-01	3.501E-01	0.069	1.021E+00
9bk5A	1ywh-assembly2_E	6.598E-01	2.516E-01	8.148E-02	3.201E-01	0.069	6.539E+00
9bk5A	7tsw-assembly3_C	5.406E-01	2.575E-01	8.101E-02	2.852E-01	0.069	3.447E+00
9bk5A	4egq-assembly5_A-2	4.153E-01	3.669E-01	1.463E-01	4.078E-01	0.069	3.675E+00
9bk5A	3bvh-assembly2_F	5.862E-01	3.584E-01	1.152E-01	3.725E-01	0.069	6.972E+00
9bk5A	4zqi-assembly2_D	4.392E-01	3.909E-01	1.435E-01	4.302E-01	0.069	5.062E+00
9bk5A	8two-assembly1_A	2.391E-01	2.254E-01	9.664E-02	3.410E-01	0.069	6.119E-01
9bk5A	7pkn-assembly1_L	4.852E-01	4.517E-01	1.576E-01	4.158E-01	0.069	5.397E+00
9bk5A	6v9q-assembly1_G	3.171E-01	2.920E-01	1.239E-01	3.390E-01	0.069	1.238E+00
9bk5A	8fxs-assembly1_A	3.631E-01	3.448E-01	1.137E-01	3.641E-01	0.069	2.348E+00
9bk5A	6vbw-assembly1_G	3.207E-01	2.940E-01	1.250E-01	3.404E-01	0.069	1.407E+00
9bk5A	5cvm-assembly1_A	5.248E-01	2.687E-01	7.197E-02	3.070E-01	0.069	3.447E+00
9bk5A	6uvn-assembly1_C	2.810E-01	2.651E-01	1.137E-01	3.370E-01	0.069	9.580E-01
9bk5A	7y1r-assembly1_B	2.958E-01	2.849E-01	1.142E-01	3.543E-01	0.069	1.238E+00
9bk5A	6lgn-assembly1_g	4.295E-01	3.358E-01	1.098E-01	3.925E-01	0.069	4.177E+00
9bk5A	8vsd-assembly1_E	2.481E-01	2.434E-01	9.161E-02	2.759E-01	0.069	3.667E-01
9bk5A	3obw-assembly1_A-2	2.826E-01	2.735E-01	1.020E-01	2.831E-01	0.069	6.119E-01
9bk5A	5ffo-assembly1_D	2.512E-01	2.489E-01	1.003E-01	3.278E-01	0.069	5.740E-01
9bk5A	5ffo-assembly1_H	2.484E-01	2.463E-01	9.514E-02	2.992E-01	0.069	4.168E-01
9bk5A	8fuk-assembly1_C	2.864E-01	2.651E-01	1.126E-01	2.919E-01	0.069	6.119E-01
9bk5A	6ii0-assembly1_A	4.074E-01	3.975E-01	1.436E-01	3.921E-01	0.069	3.675E+00
9bk5A	1mze-assembly1_A	3.823E-01	3.619E-01	1.195E-01	3.226E-01	0.069	1.937E+00
9bk5A	6uvn-assembly1_D	2.950E-01	2.738E-01	1.104E-01	3.487E-01	0.069	1.161E+00
9bk5A	7ztb-assembly1_A	4.730E-01	4.212E-01	1.247E-01	4.445E-01	0.069	6.134E+00
9bk5A	4b7e-assembly1_A	3.623E-01	3.401E-01	1.077E-01	3.237E-01	0.069	1.705E+00
9bk5A	4liu-assembly1_A-2	4.668E-01	2.868E-01	7.626E-02	2.722E-01	0.069	2.202E+00
9bk5A	6p3y-assembly1_B	4.362E-01	3.747E-01	1.095E-01	3.738E-01	0.069	3.918E+00
9bk5A	6e9b-assembly2_B	3.161E-01	2.700E-01	8.354E-02	2.819E-01	0.069	7.906E-01
9bk5A	3ufx-assembly1_B	4.204E-01	3.945E-01	1.216E-01	4.531E-01	0.069	5.062E+00
9bk5A	2eaa-assembly1_B	5.858E-01	3.052E-01	6.675E-02	3.544E-01	0.069	6.134E+00
9bk5A	7twl-assembly2_C	4.125E-01	3.888E-01	1.208E-01	3.618E-01	0.069	3.233E+00
9bk5A	5n0t-assembly1_B	4.964E-01	4.166E-01	1.141E-01	4.000E-01	0.069	5.753E+00
9bk5A	7dxp-assembly1_B	3.856E-01	3.213E-01	8.421E-02	3.557E-01	0.069	2.503E+00
9bk5A	6qd6-assembly4_D	3.071E-01	2.587E-01	7.895E-02	3.105E-01	0.069	1.021E+00
9bk5A	6pqz-assembly1_A	5.066E-01	4.507E-01	1.095E-01	4.540E-01	0.069	6.972E+00
9bk5A	6pr0-assembly1_A	5.118E-01	4.480E-01	1.084E-01	4.044E-01	0.069	6.134E+00
9bk5A	8w7d-assembly1_C	4.299E-01	3.983E-01	1.027E-01	3.922E-01	0.069	3.675E+00
9bk5A	3kal-assembly1_A	4.318E-01	3.388E-01	8.736E-02	3.674E-01	0.069	3.447E+00
9bk5A	7lnp-assembly3_D	5.274E-01	2.495E-01	4.339E-02	2.680E-01	0.069	2.845E+00
9bk5A	8a5t-assembly1_A	7.355E-01	2.523E-01	3.187E-02	3.586E-01	0.069	9.602E+00
9bk5A	8ghc-assembly1_A	6.705E-01	3.050E-01	4.086E-02	3.357E-01	0.069	6.972E+00
9bk5A	6jeh-assembly1_A	3.415E-01	2.861E-01	4.534E-02	3.279E-01	0.069	1.407E+00
9bk5A	6jco-assembly1_B	3.590E-01	3.154E-01	5.113E-02	3.843E-01	0.069	2.503E+00
9bk5A	6q9r-assembly1_A	3.563E-01	3.132E-01	5.113E-02	3.843E-01	0.069	2.348E+00
9bk5A	7q1y-assembly2_B	5.432E-01	3.599E-01	2.646E-02	3.598E-01	0.069	5.062E+00
9bk5A	5uyo-assembly1_A	5.509E-01	3.199E-01	5.014E-01	3.986E-01	0.063	7.433E+00
9bk5A	2ii9-assembly1_C	4.008E-01	3.094E-01	2.710E-01	3.088E-01	0.063	2.503E+00
9bk5A	7o86-assembly2_B	3.364E-01	2.503E-01	2.197E-01	3.187E-01	0.063	1.500E+00
9bk5A	1svy-assembly1_A	4.562E-01	2.890E-01	2.282E-01	3.288E-01	0.063	3.675E+00
9bk5A	2ii7-assembly2_D	4.008E-01	3.123E-01	2.532E-01	3.057E-01	0.063	2.348E+00
9bk5A	6lrr-assembly1_V	4.184E-01	3.819E-01	3.194E-01	4.140E-01	0.063	4.748E+00
9bk5A	7zv1-assembly1_A	6.146E-01	2.730E-01	2.025E-01	3.210E-01	0.063	6.539E+00
9bk5A	2ii7-assembly2_C	4.027E-01	3.136E-01	2.392E-01	3.062E-01	0.063	2.348E+00
9bk5A	2kl5-assembly1_A	4.983E-01	3.486E-01	2.733E-01	3.947E-01	0.063	6.539E+00
9bk5A	7zv6-assembly3_C	6.032E-01	2.787E-01	2.053E-01	3.277E-01	0.063	6.134E+00
9bk5A	8v9k-assembly1_R	5.417E-01	2.702E-01	1.913E-01	2.807E-01	0.063	3.447E+00
9bk5A	7acv-assembly2_B	4.869E-01	3.833E-01	2.649E-01	3.906E-01	0.063	6.134E+00
9bk5A	5ld9-assembly1_A	4.110E-01	2.871E-01	1.957E-01	3.773E-01	0.063	3.918E+00
9bk5A	5nv3-assembly1_I	4.321E-01	3.724E-01	2.579E-01	3.798E-01	0.063	4.177E+00
9bk5A	7jfo-assembly1_B	5.347E-01	4.871E-01	3.167E-01	4.614E-01	0.063	9.007E+00
9bk5A	9fgp-assembly2_B	4.079E-01	3.205E-01	2.157E-01	3.136E-01	0.063	2.503E+00
9bk5A	6vgw-assembly1_A	3.836E-01	2.423E-01	1.531E-01	3.040E-01	0.063	2.065E+00
9bk5A	8jx4-assembly2_B	5.096E-01	2.087E-01	1.202E-01	3.323E-01	0.063	4.453E+00
9bk5A	2zew-assembly1_B	3.732E-01	2.822E-01	1.673E-01	3.759E-01	0.063	3.233E+00
9bk5A	5cw6-assembly1_A	3.936E-01	3.186E-01	1.787E-01	3.517E-01	0.063	3.033E+00
9bk5A	1rlh-assembly1_A	3.152E-01	2.969E-01	1.893E-01	3.699E-01	0.063	1.817E+00
9bk5A	7y1t-assembly1_D	2.851E-01	2.792E-01	1.894E-01	3.297E-01	0.063	1.161E+00
9bk5A	8v9l-assembly1_g	3.025E-01	2.342E-01	1.482E-01	3.728E-01	0.063	1.705E+00
9bk5A	1tol-assembly1_A	2.663E-01	2.412E-01	1.569E-01	4.193E-01	0.063	1.937E+00
9bk5A	6hxv-assembly1_B	3.130E-01	2.662E-01	1.321E-01	3.372E-01	0.063	1.500E+00
9bk5A	7ohp-assembly1_S	4.808E-01	3.505E-01	1.985E-01	4.545E-01	0.063	7.924E+00
9bk5A	6hrr-assembly1_A	4.878E-01	3.404E-01	1.832E-01	2.895E-01	0.063	3.233E+00
9bk5A	7qep-assembly1_M7	4.273E-01	3.513E-01	1.789E-01	3.793E-01	0.063	4.177E+00
9bk5A	1sbr-assembly1_B	3.023E-01	2.715E-01	1.397E-01	3.611E-01	0.063	1.817E+00
9bk5A	6c46-assembly3_E-2	5.775E-01	3.387E-01	1.556E-01	3.639E-01	0.063	6.972E+00
9bk5A	6hrs-assembly1_C	4.621E-01	3.057E-01	1.526E-01	2.838E-01	0.063	2.845E+00
9bk5A	5xlj-assembly1_A	3.375E-01	2.749E-01	1.410E-01	3.141E-01	0.063	1.599E+00
9bk5A	7wnk-assembly2_C	3.471E-01	2.912E-01	1.591E-01	3.800E-01	0.063	2.845E+00
9bk5A	4yet-assembly1_A	3.552E-01	2.444E-01	1.226E-01	3.256E-01	0.063	2.065E+00
9bk5A	8bsi-assembly1_SC	3.519E-01	3.125E-01	1.528E-01	3.357E-01	0.063	2.065E+00
9bk5A	4ybn-assembly1_B	4.835E-01	2.973E-01	1.357E-01	3.608E-01	0.063	4.748E+00
9bk5A	4ic1-assembly1_D	4.933E-01	2.632E-01	1.105E-01	3.224E-01	0.063	4.177E+00
9bk5A	8q5i-assembly1_E	4.313E-01	3.757E-01	1.714E-01	3.748E-01	0.063	3.918E+00
9bk5A	2btw-assembly1_A	4.415E-01	4.236E-01	2.023E-01	3.921E-01	0.063	4.748E+00
9bk5A	6zu5-assembly1_SD0	4.380E-01	3.816E-01	1.669E-01	4.038E-01	0.063	5.397E+00
9bk5A	6gff-assembly2_G	2.376E-01	2.287E-01	1.193E-01	2.742E-01	0.063	3.667E-01
9bk5A	4uc6-assembly2_B	3.400E-01	2.441E-01	1.029E-01	3.469E-01	0.063	2.202E+00
9bk5A	6gff-assembly2_E	2.381E-01	2.325E-01	1.162E-01	2.798E-01	0.063	3.667E-01
9bk5A	4uc8-assembly2_A	3.409E-01	2.442E-01	9.966E-02	3.509E-01	0.063	2.202E+00
9bk5A	3kmh-assembly1_B	4.460E-01	3.158E-01	1.180E-01	3.263E-01	0.063	3.447E+00
9bk5A	8xie-assembly1_B	4.384E-01	2.275E-01	8.566E-02	3.486E-01	0.063	3.675E+00
9bk5A	4z48-assembly2_B	4.236E-01	2.083E-01	8.212E-02	2.602E-01	0.063	1.817E+00
9bk5A	8cap-assembly4_E	3.432E-01	2.545E-01	9.636E-02	3.009E-01	0.063	1.599E+00
9bk5A	6ei6-assembly2_B	4.552E-01	2.278E-01	9.078E-02	2.891E-01	0.063	2.503E+00
9bk5A	3gqj-assembly1_A	5.488E-01	3.424E-01	1.309E-01	3.342E-01	0.063	5.062E+00
9bk5A	8wu8-assembly1_B	3.679E-01	3.548E-01	1.358E-01	3.525E-01	0.063	2.503E+00
9bk5A	5i47-assembly1_A	5.473E-01	4.476E-01	1.672E-01	4.267E-01	0.063	8.448E+00
9bk5A	2dv3-assembly1_B	4.220E-01	3.681E-01	1.509E-01	3.804E-01	0.063	3.918E+00
9bk5A	2owf-assembly1_A-2	3.883E-01	3.239E-01	1.378E-01	3.216E-01	0.063	2.503E+00
9bk5A	8tro-assembly1_c	4.096E-01	3.253E-01	1.246E-01	3.492E-01	0.063	3.447E+00
9bk5A	6ppb-assembly1_5	4.631E-01	3.621E-01	1.409E-01	3.809E-01	0.063	5.397E+00
9bk5A	8p94-assembly1_U	4.584E-01	3.181E-01	1.151E-01	3.518E-01	0.063	4.177E+00
9bk5A	4nx9-assembly1_A	3.501E-01	2.901E-01	1.174E-01	3.308E-01	0.063	1.817E+00
9bk5A	7qys-assembly2_F	3.717E-01	3.227E-01	1.364E-01	3.722E-01	0.063	3.033E+00
9bk5A	8fs4-assembly1_G	3.437E-01	3.325E-01	1.218E-01	3.331E-01	0.063	2.065E+00
9bk5A	8fs8-assembly1_G	2.737E-01	2.611E-01	1.056E-01	3.027E-01	0.063	8.428E-01
9bk5A	8yeo-assembly1_D	2.979E-01	2.750E-01	1.140E-01	3.365E-01	0.063	1.238E+00
9bk5A	2fh4-assembly1_A	3.562E-01	3.232E-01	1.073E-01	3.925E-01	0.063	2.845E+00
9bk5A	8vsc-assembly1_B	2.662E-01	2.641E-01	1.015E-01	3.059E-01	0.063	7.415E-01
9bk5A	3tii-assembly2_B	3.723E-01	3.277E-01	1.289E-01	3.948E-01	0.063	3.233E+00
9bk5A	1p8x-assembly1_A	3.550E-01	3.221E-01	1.034E-01	3.831E-01	0.063	2.668E+00
9bk5A	6ii0-assembly2_B	3.862E-01	3.707E-01	1.359E-01	3.700E-01	0.063	3.033E+00
9bk5A	5zap-assembly1_S	5.181E-01	3.870E-01	1.224E-01	4.325E-01	0.063	8.448E+00
9bk5A	1yle-assembly1_A	3.720E-01	3.281E-01	1.121E-01	3.817E-01	0.063	3.033E+00
9bk5A	6lnb-assembly1_C	3.191E-01	2.851E-01	1.143E-01	3.332E-01	0.063	1.599E+00
9bk5A	6v9q-assembly1_F	3.158E-01	2.926E-01	1.143E-01	3.406E-01	0.063	1.705E+00
9bk5A	7au5-assembly1_F	3.882E-01	3.365E-01	1.200E-01	3.606E-01	0.063	3.033E+00
9bk5A	6v7l-assembly1_C	5.767E-01	3.304E-01	8.476E-02	3.629E-01	0.063	6.972E+00
9bk5A	2xum-assembly1_A	3.451E-01	3.256E-01	1.055E-01	3.083E-01	0.063	1.705E+00
9bk5A	5frq-assembly1_D	3.350E-01	3.218E-01	9.109E-02	3.239E-01	0.063	1.705E+00
9bk5A	7azl-assembly2_B	3.538E-01	3.392E-01	9.285E-02	3.591E-01	0.063	2.348E+00
9bk5A	7azl-assembly1_D	3.554E-01	3.406E-01	9.273E-02	3.597E-01	0.063	2.348E+00
9bk5A	4liv-assembly1_A-2	4.711E-01	2.885E-01	7.642E-02	2.697E-01	0.063	2.668E+00
9bk5A	1phs-assembly1_A	4.983E-01	3.067E-01	7.321E-02	3.368E-01	0.063	4.453E+00
9bk5A	7u1h-assembly1_A-2	5.756E-01	2.905E-01	6.623E-02	3.087E-01	0.063	5.062E+00
9bk5A	5n0o-assembly1_A	5.156E-01	4.018E-01	1.099E-01	3.969E-01	0.063	6.539E+00
9bk5A	6bbn-assembly1_E	4.836E-01	4.318E-01	1.295E-01	4.156E-01	0.063	6.972E+00
9bk5A	8bb1-assembly1_D	2.615E-01	2.195E-01	7.850E-02	4.061E-01	0.063	1.599E+00
9bk5A	1t3n-assembly1_A	3.474E-01	3.225E-01	1.138E-01	3.616E-01	0.063	2.503E+00
9bk5A	7twl-assembly2_D	5.079E-01	4.129E-01	1.153E-01	3.607E-01	0.063	5.062E+00
9bk5A	6e57-assembly3_C	3.342E-01	2.814E-01	8.126E-02	2.931E-01	0.063	1.161E+00
9bk5A	5n0w-assembly1_A	4.567E-01	3.698E-01	1.031E-01	3.709E-01	0.063	4.453E+00
9bk5A	6xv8-assembly2_B	3.409E-01	2.290E-01	7.352E-02	3.057E-01	0.063	1.599E+00
9bk5A	5tj7-assembly1_A	4.769E-01	3.939E-01	1.024E-01	4.434E-01	0.063	6.972E+00
9bk5A	5fxv-assembly2_B	3.070E-01	2.893E-01	8.699E-02	3.421E-01	0.063	1.500E+00
9bk5A	2q06-assembly1_A	4.184E-01	3.690E-01	8.899E-02	3.773E-01	0.063	4.177E+00
9bk5A	6ruv-assembly1_L	5.180E-01	2.912E-01	5.828E-02	3.616E-01	0.063	5.753E+00
9bk5A	6xt1-assembly3_C	3.324E-01	3.198E-01	7.173E-02	2.977E-01	0.063	1.238E+00
9bk5A	8h97-assembly1_A	5.467E-01	3.456E-01	5.424E-02	3.620E-01	0.063	6.134E+00
9bk5A	8ghc-assembly1_B	6.910E-01	2.849E-01	3.766E-02	3.358E-01	0.063	7.924E+00
9bk5A	6r4i-assembly1_B	4.246E-01	3.855E-01	7.688E-02	3.827E-01	0.063	4.177E+00
9bk5A	6r4i-assembly1_A	4.461E-01	4.016E-01	7.548E-02	4.026E-01	0.063	5.397E+00
9bk5A	2zq0-assembly1_A	5.237E-01	3.787E-01	4.893E-02	4.111E-01	0.063	7.433E+00
9bk5A	5svc-assembly1_E	2.661E-01	2.569E-01	6.334E-02	3.284E-01	0.063	8.428E-01
9bk5A	6qbf-assembly2_B	3.356E-01	2.826E-01	4.589E-02	3.377E-01	0.063	1.705E+00
9bk5A	8viz-assembly1_G	4.546E-01	3.039E-01	4.666E-02	3.644E-01	0.063	4.453E+00
9bk5A	3htx-assembly2_D	2.440E-01	2.141E-01	4.578E-02	3.181E-01	0.063	6.119E-01
9bk5A	5vyw-assembly1_B	3.352E-01	3.092E-01	4.235E-02	4.059E-01	0.063	2.668E+00
9bk5A	3zoq-assembly1_C	5.354E-01	3.220E-01	4.231E-01	3.275E-01	0.057	5.397E+00
9bk5A	7xi6-assembly1_B	4.473E-01	2.295E-01	2.989E-01	3.326E-01	0.057	4.453E+00
9bk5A	2kvt-assembly1_A	4.114E-01	2.637E-01	2.856E-01	3.126E-01	0.057	3.233E+00
9bk5A	8to5-assembly1_c	4.100E-01	3.258E-01	3.347E-01	3.517E-01	0.057	3.918E+00
9bk5A	2pjy-assembly1_C-2	5.239E-01	3.603E-01	3.563E-01	3.985E-01	0.057	7.924E+00
9bk5A	7dvc-assembly6_D	2.704E-01	2.611E-01	2.469E-01	3.134E-01	0.057	1.089E+00
9bk5A	1kkm-assembly1_J	3.832E-01	3.356E-01	3.142E-01	3.906E-01	0.057	3.918E+00
9bk5A	1yd3-assembly1_A	3.610E-01	3.001E-01	2.729E-01	3.840E-01	0.057	3.447E+00
9bk5A	1k5j-assembly1_B	4.175E-01	2.303E-01	1.995E-01	3.369E-01	0.057	3.447E+00
9bk5A	2hlq-assembly1_A	4.576E-01	3.505E-01	2.841E-01	3.986E-01	0.057	6.539E+00
9bk5A	6zu5-assembly1_LFF	5.515E-01	2.653E-01	2.096E-01	3.069E-01	0.057	5.397E+00
9bk5A	5dm7-assembly1_M	5.361E-01	2.821E-01	2.065E-01	2.918E-01	0.057	4.748E+00
9bk5A	1rsc-assembly1_M	4.151E-01	3.562E-01	2.856E-01	3.851E-01	0.057	5.062E+00
9bk5A	6w3g-assembly1_A	6.140E-01	2.458E-01	1.830E-01	2.907E-01	0.057	5.753E+00
9bk5A	2ii7-assembly1_A	4.019E-01	3.130E-01	2.357E-01	3.070E-01	0.057	2.845E+00
9bk5A	2rs7-assembly1_A	3.469E-01	2.857E-01	2.251E-01	3.605E-01	0.057	3.033E+00
9bk5A	7pi8-assembly1_o	4.608E-01	2.579E-01	1.816E-01	2.754E-01	0.057	2.845E+00
9bk5A	1pm4-assembly1_C	3.470E-01	3.260E-01	2.339E-01	3.730E-01	0.057	2.845E+00
9bk5A	3fpn-assembly2_A	4.990E-01	4.529E-01	3.343E-01	4.198E-01	0.057	7.924E+00
9bk5A	6vna-assembly1_C	2.994E-01	2.380E-01	1.845E-01	2.890E-01	0.057	1.238E+00
9bk5A	6i4k-assembly1_G	4.049E-01	3.137E-01	2.223E-01	3.899E-01	0.057	5.062E+00
9bk5A	5tpj-assembly1_A	5.194E-01	2.893E-01	1.917E-01	3.265E-01	0.057	5.062E+00
9bk5A	5iu0-assembly1_I	4.368E-01	3.853E-01	2.731E-01	3.914E-01	0.057	5.753E+00
9bk5A	1uzd-assembly1_C	3.957E-01	3.132E-01	2.110E-01	3.448E-01	0.057	3.675E+00
9bk5A	6w90-assembly1_A	4.805E-01	2.714E-01	1.709E-01	3.193E-01	0.057	4.748E+00
9bk5A	8e5e-assembly1_A	7.017E-01	2.410E-01	1.455E-01	3.112E-01	0.057	9.007E+00
9bk5A	7y7n-assembly1_A	3.225E-01	2.589E-01	1.837E-01	3.200E-01	0.057	1.817E+00
9bk5A	3b2d-assembly1_D	4.583E-01	2.711E-01	1.659E-01	2.872E-01	0.057	3.033E+00
9bk5A	4rpt-assembly3_B	2.332E-01	2.191E-01	1.356E-01	3.276E-01	0.057	8.428E-01
9bk5A	2z65-assembly3_C	6.169E-01	2.753E-01	1.642E-01	3.305E-01	0.057	7.924E+00
9bk5A	7acz-assembly2_C	4.865E-01	4.320E-01	2.823E-01	4.265E-01	0.057	7.924E+00
9bk5A	6vna-assembly2_B-2	3.342E-01	2.381E-01	1.550E-01	2.931E-01	0.057	1.599E+00
9bk5A	7acz-assembly1_A	5.110E-01	3.377E-01	2.010E-01	4.129E-01	0.057	8.448E+00
9bk5A	2gia-assembly1_G	3.800E-01	3.160E-01	1.905E-01	3.576E-01	0.057	3.233E+00
9bk5A	8eth-assembly1_S	4.283E-01	2.984E-01	1.779E-01	3.291E-01	0.057	3.675E+00
9bk5A	8euy-assembly1_S	4.450E-01	3.515E-01	2.074E-01	3.831E-01	0.057	5.397E+00
9bk5A	2ia1-assembly1_A	2.923E-01	2.580E-01	1.474E-01	3.710E-01	0.057	2.065E+00
9bk5A	7cv2-assembly1_A	4.564E-01	4.394E-01	2.481E-01	4.279E-01	0.057	6.972E+00
9bk5A	6swa-assembly1_Q	4.737E-01	3.512E-01	1.914E-01	4.587E-01	0.057	8.448E+00
9bk5A	3o65-assembly4_G	3.641E-01	3.614E-01	2.116E-01	3.494E-01	0.057	2.845E+00
9bk5A	6din-assembly1_A-2	5.231E-01	3.097E-01	1.422E-01	3.111E-01	0.057	4.748E+00
9bk5A	5fuc-assembly2_C	5.628E-01	2.826E-01	1.205E-01	2.994E-01	0.057	5.753E+00
9bk5A	5xxu-assembly1_D	4.144E-01	3.520E-01	1.649E-01	3.396E-01	0.057	3.447E+00
9bk5A	7bge-assembly1_c	4.293E-01	3.767E-01	1.808E-01	4.100E-01	0.057	5.753E+00
9bk5A	2vfy-assembly1_A	3.094E-01	2.696E-01	1.197E-01	3.788E-01	0.057	2.503E+00
9bk5A	2vpa-assembly1_A	4.192E-01	2.408E-01	1.196E-01	3.264E-01	0.057	3.447E+00
9bk5A	8fmw-assembly1_C	3.854E-01	3.409E-01	1.643E-01	3.564E-01	0.057	3.675E+00
9bk5A	7jil-assembly1_h	4.190E-01	3.762E-01	1.734E-01	3.703E-01	0.057	4.177E+00
9bk5A	1n34-assembly1_C	4.244E-01	3.588E-01	1.650E-01	3.771E-01	0.057	4.748E+00
9bk5A	5v93-assembly1_c	4.601E-01	3.200E-01	1.341E-01	3.581E-01	0.057	5.397E+00
9bk5A	8b2l-assembly1_a1	4.209E-01	3.638E-01	1.641E-01	3.854E-01	0.057	5.062E+00
9bk5A	1gpc-assembly1_A	2.968E-01	2.831E-01	1.448E-01	2.826E-01	0.057	1.089E+00
9bk5A	8w9z-assembly1_G	3.552E-01	2.421E-01	1.138E-01	3.156E-01	0.057	2.348E+00
9bk5A	4uca-assembly1_A	3.329E-01	2.403E-01	1.002E-01	3.511E-01	0.057	2.348E+00
9bk5A	4uca-assembly2_B	3.247E-01	2.410E-01	1.004E-01	3.501E-01	0.057	2.348E+00
9bk5A	4ucd-assembly1_A	3.312E-01	2.392E-01	1.004E-01	3.169E-01	0.057	1.937E+00
9bk5A	1hq6-assembly1_B	4.033E-01	3.053E-01	1.380E-01	3.419E-01	0.057	3.675E+00
9bk5A	1nkv-assembly1_B	4.075E-01	3.375E-01	1.417E-01	3.843E-01	0.057	4.453E+00
9bk5A	3g2m-assembly1_A	3.831E-01	2.770E-01	1.064E-01	2.979E-01	0.057	2.202E+00
9bk5A	2e0k-assembly1_A	4.399E-01	3.701E-01	1.643E-01	3.849E-01	0.057	5.397E+00
9bk5A	3g65-assembly1_C	3.206E-01	3.144E-01	1.203E-01	3.092E-01	0.057	1.705E+00
9bk5A	8t1s-assembly1_A	3.963E-01	3.815E-01	1.594E-01	3.878E-01	0.057	4.453E+00
9bk5A	1s4d-assembly1_B	4.912E-01	4.462E-01	1.776E-01	4.263E-01	0.057	7.924E+00
9bk5A	2p6l-assembly1_A	4.202E-01	3.758E-01	1.571E-01	3.685E-01	0.057	4.748E+00
9bk5A	4hsa-assembly2_F	5.192E-01	2.266E-01	7.763E-02	2.729E-01	0.057	3.918E+00
9bk5A	8ptk-assembly1_K	4.479E-01	3.042E-01	1.098E-01	3.459E-01	0.057	4.453E+00
9bk5A	5nd2-assembly1_C	5.492E-01	3.872E-01	1.320E-01	3.978E-01	0.057	9.007E+00
9bk5A	8fs5-assembly1_F	3.749E-01	3.380E-01	1.255E-01	3.499E-01	0.057	3.233E+00
9bk5A	4zqi-assembly1_A	4.296E-01	3.752E-01	1.408E-01	4.305E-01	0.057	6.134E+00
9bk5A	8w1p-assembly1_F	3.003E-01	2.739E-01	1.165E-01	3.080E-01	0.057	1.319E+00
9bk5A	8ydb-assembly1_D	2.677E-01	2.478E-01	1.069E-01	3.537E-01	0.057	1.500E+00
9bk5A	2j4r-assembly2_B	4.240E-01	2.337E-01	8.302E-02	3.636E-01	0.057	4.748E+00
9bk5A	5lt0-assembly1_A	4.705E-01	4.102E-01	1.424E-01	3.426E-01	0.057	5.062E+00
9bk5A	5e55-assembly1_A	6.254E-01	2.641E-01	7.559E-02	3.474E-01	0.057	8.448E+00
9bk5A	5nri-assembly1_A	4.164E-01	3.810E-01	1.423E-01	4.094E-01	0.057	5.753E+00
9bk5A	3x2t-assembly1_A	3.831E-01	3.481E-01	1.297E-01	3.743E-01	0.057	3.675E+00
9bk5A	7ywx-assembly1_L	4.913E-01	4.552E-01	1.532E-01	4.220E-01	0.057	7.433E+00
9bk5A	7qgq-assembly1_I	4.408E-01	3.371E-01	1.150E-01	4.148E-01	0.057	6.539E+00
9bk5A	3uoe-assembly1_B	2.881E-01	2.820E-01	8.599E-02	3.381E-01	0.057	1.500E+00
9bk5A	8zdy-assembly1_C	2.716E-01	2.521E-01	1.112E-01	3.239E-01	0.057	1.161E+00
9bk5A	8z0l-assembly1_C	2.852E-01	2.576E-01	9.894E-02	2.939E-01	0.057	9.580E-01
9bk5A	8z0k-assembly1_B	2.726E-01	2.463E-01	9.485E-02	3.074E-01	0.057	1.021E+00
9bk5A	5h5v-assembly1_F	3.664E-01	2.956E-01	9.338E-02	3.084E-01	0.057	2.065E+00
9bk5A	6v9q-assembly1_E	3.211E-01	2.951E-01	1.165E-01	3.450E-01	0.057	2.202E+00
9bk5A	6v9q-assembly1_B	3.231E-01	2.962E-01	1.157E-01	3.421E-01	0.057	2.202E+00
9bk5A	6vbw-assembly1_F	3.176E-01	2.947E-01	1.162E-01	3.453E-01	0.057	2.202E+00
9bk5A	8hz5-assembly1_A	2.937E-01	2.610E-01	8.615E-02	3.846E-01	0.057	2.065E+00
9bk5A	4lej-assembly1_A	3.524E-01	2.398E-01	6.082E-02	3.484E-01	0.057	2.503E+00
9bk5A	5n0p-assembly1_B	5.171E-01	4.030E-01	1.144E-01	3.974E-01	0.057	7.433E+00
9bk5A	7azl-assembly2_C	3.546E-01	3.400E-01	9.272E-02	3.589E-01	0.057	2.845E+00
9bk5A	4trt-assembly1_B	3.407E-01	3.274E-01	9.476E-02	3.331E-01	0.057	2.202E+00
9bk5A	7u1h-assembly1_B	5.708E-01	2.868E-01	6.579E-02	3.166E-01	0.057	6.134E+00
9bk5A	3orr-assembly1_B	5.111E-01	4.033E-01	1.111E-01	3.744E-01	0.057	6.539E+00
9bk5A	4ccl-assembly1_B	4.594E-01	2.859E-01	7.319E-02	2.706E-01	0.057	2.845E+00
9bk5A	6e57-assembly2_B	2.831E-01	2.398E-01	7.111E-02	2.794E-01	0.057	9.580E-01
9bk5A	6odm-assembly1_5	5.488E-01	3.167E-01	8.269E-02	3.483E-01	0.057	6.539E+00
9bk5A	3pv2-assembly1_C	4.979E-01	2.424E-01	5.654E-02	2.704E-01	0.057	3.233E+00
9bk5A	7dkg-assembly1_A	4.331E-01	2.714E-01	6.772E-02	3.272E-01	0.057	3.447E+00
9bk5A	8z02-assembly1_B	4.422E-01	4.313E-01	1.251E-01	4.092E-01	0.057	6.539E+00
9bk5A	7dxp-assembly1_A	4.027E-01	3.479E-01	9.702E-02	3.733E-01	0.057	4.453E+00
9bk5A	4oid-assembly1_A	3.031E-01	2.623E-01	7.874E-02	3.255E-01	0.057	1.705E+00
9bk5A	4njq-assembly1_D	2.950E-01	2.620E-01	7.996E-02	3.247E-01	0.057	1.500E+00
9bk5A	2yw2-assembly1_A	4.521E-01	3.981E-01	1.056E-01	4.193E-01	0.057	6.539E+00
9bk5A	4dyt-assembly1_A	4.509E-01	3.770E-01	9.423E-02	3.849E-01	0.057	5.753E+00
9bk5A	5tj7-assembly3_C	4.129E-01	3.659E-01	1.050E-01	4.035E-01	0.057	5.397E+00
9bk5A	5jm9-assembly1_A	2.661E-01	2.293E-01	7.409E-02	3.028E-01	0.057	9.580E-01
9bk5A	6yw5-assembly1_CC	3.964E-01	3.396E-01	7.122E-02	3.385E-01	0.057	3.447E+00
9bk5A	6rim-assembly3_C	4.503E-01	2.231E-01	5.047E-02	2.858E-01	0.057	3.233E+00
9bk5A	8fbz-assembly1_B	3.422E-01	2.787E-01	7.983E-02	3.431E-01	0.057	2.348E+00
9bk5A	3hvn-assembly1_A	5.155E-01	3.473E-01	7.855E-02	4.145E-01	0.057	7.924E+00
9bk5A	8w7d-assembly1_A	4.088E-01	3.790E-01	9.861E-02	3.695E-01	0.057	4.453E+00
9bk5A	5ejj-assembly3_B-2	3.697E-01	3.605E-01	7.706E-02	3.062E-01	0.057	2.065E+00
9bk5A	6r4j-assembly1_A	4.553E-01	4.197E-01	8.035E-02	4.194E-01	0.057	6.539E+00
9bk5A	5hqb-assembly1_A	4.421E-01	3.722E-01	5.644E-02	3.673E-01	0.057	5.062E+00
9bk5A	8wg2-assembly1_A	4.238E-01	3.657E-01	5.392E-02	3.438E-01	0.057	3.918E+00
9bk5A	6jco-assembly1_A	3.558E-01	3.128E-01	5.187E-02	3.848E-01	0.057	3.447E+00
9bk5A	2zq0-assembly1_B	5.029E-01	3.650E-01	4.811E-02	4.032E-01	0.057	7.924E+00
9bk5A	8enu-assembly1_D	4.532E-01	3.040E-01	4.397E-02	3.147E-01	0.057	3.918E+00
9bk5A	6q9z-assembly1_A	3.350E-01	2.822E-01	4.630E-02	3.343E-01	0.057	2.202E+00
9bk5A	6q9r-assembly2_B	3.497E-01	2.932E-01	4.558E-02	3.268E-01	0.057	2.348E+00
9bk5A	6jeg-assembly1_A	3.146E-01	2.664E-01	4.423E-02	3.135E-01	0.057	1.705E+00
9bk5A	3ffn-assembly1_A	3.308E-01	2.785E-01	4.352E-02	3.310E-01	0.057	2.065E+00
9bk5A	1d0n-assembly1_A	3.404E-01	2.861E-01	4.377E-02	3.282E-01	0.057	2.065E+00
9bk5A	5jpm-assembly1_B	5.436E-01	3.724E-01	4.831E-02	3.730E-01	0.057	7.924E+00
9bk5A	3zoq-assembly1_B	5.137E-01	3.140E-01	4.353E-01	3.204E-01	0.051	6.134E+00
9bk5A	7eyd-assembly1_N7	4.912E-01	3.675E-01	4.617E-01	3.561E-01	0.051	6.972E+00
9bk5A	6cka-assembly1_A	3.503E-01	2.706E-01	2.975E-01	3.010E-01	0.051	2.503E+00
9bk5A	3zqp-assembly1_C	3.448E-01	2.601E-01	2.624E-01	3.846E-01	0.051	3.918E+00
9bk5A	7dg7-assembly1_A	3.108E-01	2.583E-01	2.419E-01	3.086E-01	0.051	1.817E+00
9bk5A	3tqm-assembly1_A	4.700E-01	3.095E-01	2.782E-01	3.716E-01	0.051	6.972E+00
9bk5A	2oyz-assembly1_A-2	2.371E-01	1.942E-01	1.672E-01	3.209E-01	0.051	1.021E+00
9bk5A	4p1m-assembly1_A-2	4.728E-01	2.141E-01	1.765E-01	3.720E-01	0.051	6.539E+00
9bk5A	2llf-assembly1_A	4.877E-01	2.546E-01	1.909E-01	3.451E-01	0.051	6.134E+00
9bk5A	2zjr-assembly1_M	6.235E-01	2.458E-01	1.816E-01	3.231E-01	0.051	9.007E+00
9bk5A	9chz-assembly1_I	3.916E-01	3.457E-01	2.572E-01	3.479E-01	0.051	3.918E+00
9bk5A	4dfc-assembly1_B	4.667E-01	4.239E-01	3.106E-01	4.051E-01	0.051	7.924E+00
9bk5A	5wsk-assembly1_E	4.200E-01	3.714E-01	2.661E-01	3.613E-01	0.051	5.062E+00
9bk5A	8qj0-assembly1_V	4.222E-01	3.723E-01	2.659E-01	3.768E-01	0.051	5.753E+00
9bk5A	4a8x-assembly1_C	4.776E-01	4.212E-01	3.067E-01	4.036E-01	0.051	7.924E+00
9bk5A	8i9p-assembly1_LT	3.982E-01	2.641E-01	1.724E-01	2.991E-01	0.051	3.033E+00
9bk5A	4a90-assembly1_A	4.632E-01	4.077E-01	2.885E-01	3.932E-01	0.051	6.972E+00
9bk5A	6nd6-assembly2_2T	4.668E-01	2.564E-01	1.607E-01	2.789E-01	0.051	3.447E+00
9bk5A	3rg1-assembly3_K	4.944E-01	2.541E-01	1.593E-01	2.903E-01	0.051	4.453E+00
9bk5A	3k8u-assembly1_A	3.701E-01	3.557E-01	2.456E-01	3.430E-01	0.051	3.447E+00
9bk5A	4mh4-assembly1_B	3.171E-01	2.465E-01	1.547E-01	3.476E-01	0.051	2.503E+00
9bk5A	6vna-assembly1_A	3.839E-01	2.638E-01	1.577E-01	3.009E-01	0.051	3.033E+00
9bk5A	8fru-assembly1_T	4.165E-01	2.725E-01	1.489E-01	3.050E-01	0.051	3.447E+00
9bk5A	3jc8-assembly1_Pa	5.737E-01	2.748E-01	1.525E-01	3.435E-01	0.051	7.924E+00
9bk5A	1ryl-assembly1_A	6.589E-01	2.598E-01	1.384E-01	3.004E-01	0.051	9.007E+00
9bk5A	6ds5-assembly1_A	2.895E-01	2.765E-01	1.612E-01	3.180E-01	0.051	1.599E+00
9bk5A	4bi8-assembly1_B	4.835E-01	3.907E-01	2.191E-01	3.758E-01	0.051	6.972E+00
9bk5A	5l6w-assembly1_C	3.263E-01	2.190E-01	1.239E-01	3.218E-01	0.051	2.202E+00
9bk5A	8eug-assembly1_S	4.117E-01	3.082E-01	1.834E-01	3.787E-01	0.051	5.062E+00
9bk5A	1zrr-assembly1_A	2.974E-01	2.447E-01	1.267E-01	2.394E-01	0.051	8.986E-01
9bk5A	5cqk-assembly1_A	4.046E-01	3.217E-01	1.777E-01	3.700E-01	0.051	5.062E+00
9bk5A	5h7f-assembly1_A	2.485E-01	2.427E-01	1.114E-01	3.033E-01	0.051	1.021E+00
9bk5A	6rbd-assembly1_D	5.729E-01	3.331E-01	1.610E-01	3.516E-01	0.051	8.448E+00
9bk5A	5xlk-assembly1_A	3.275E-01	2.599E-01	1.333E-01	2.900E-01	0.051	1.817E+00
9bk5A	8do8-assembly1_D	4.489E-01	3.478E-01	1.802E-01	3.424E-01	0.051	5.397E+00
9bk5A	3h1s-assembly1_A	3.578E-01	2.435E-01	1.240E-01	3.208E-01	0.051	2.668E+00
9bk5A	6th6-assembly1_Ac	4.362E-01	3.773E-01	1.824E-01	4.045E-01	0.051	6.539E+00
9bk5A	7c2h-assembly1_G	4.475E-01	2.984E-01	1.339E-01	3.526E-01	0.051	5.753E+00
9bk5A	6ex3-assembly2_B	3.651E-01	2.977E-01	1.581E-01	3.755E-01	0.051	3.918E+00
9bk5A	8uhf-assembly1_G	4.128E-01	3.916E-01	2.004E-01	3.911E-01	0.051	5.397E+00
9bk5A	9b8p-assembly1_H	3.321E-01	2.610E-01	1.133E-01	3.594E-01	0.051	2.845E+00
9bk5A	5x2j-assembly1_A-2	3.458E-01	2.904E-01	1.569E-01	3.834E-01	0.051	3.918E+00
9bk5A	4ic1-assembly1_J	5.294E-01	2.867E-01	1.204E-01	3.303E-01	0.051	6.539E+00
9bk5A	6s0x-assembly1_c	2.988E-01	2.667E-01	1.344E-01	3.285E-01	0.051	1.937E+00
9bk5A	8uu6-assembly1_c	3.851E-01	3.406E-01	1.610E-01	3.505E-01	0.051	3.918E+00
9bk5A	2x1j-assembly1_A-2	3.701E-01	2.388E-01	1.033E-01	2.995E-01	0.051	2.668E+00
9bk5A	6gre-assembly1_A	4.206E-01	3.844E-01	1.810E-01	4.040E-01	0.051	6.539E+00
9bk5A	6tmj-assembly1_g2	5.279E-01	3.749E-01	1.729E-01	3.655E-01	0.051	7.924E+00
9bk5A	2x1k-assembly1_A-2	4.139E-01	2.499E-01	1.010E-01	2.997E-01	0.051	3.447E+00
9bk5A	2btw-assembly2_B	4.432E-01	4.235E-01	2.021E-01	3.904E-01	0.051	6.972E+00
9bk5A	6rm3-assembly1_SD0	4.132E-01	3.677E-01	1.675E-01	3.624E-01	0.051	5.062E+00
9bk5A	2z84-assembly1_A	4.097E-01	3.986E-01	1.817E-01	3.368E-01	0.051	4.177E+00
9bk5A	6grf-assembly2_B	4.155E-01	3.805E-01	1.739E-01	3.781E-01	0.051	5.062E+00
9bk5A	6xbw-assembly1_H	3.739E-01	3.123E-01	1.350E-01	4.116E-01	0.051	5.397E+00
9bk5A	3r6m-assembly2_C	4.913E-01	2.979E-01	1.372E-01	3.845E-01	0.051	7.433E+00
9bk5A	4uc9-assembly4_D	4.731E-01	2.311E-01	8.633E-02	3.567E-01	0.051	6.539E+00
9bk5A	6tjl-assembly1_B	4.326E-01	4.287E-01	2.009E-01	3.962E-01	0.051	6.539E+00
9bk5A	4uce-assembly1_A	3.357E-01	2.416E-01	1.007E-01	3.507E-01	0.051	2.845E+00
9bk5A	8z4f-assembly1_B-2	5.205E-01	2.109E-01	8.466E-02	3.414E-01	0.051	6.972E+00
9bk5A	6uz7-assembly1_D	4.161E-01	3.628E-01	1.562E-01	3.737E-01	0.051	5.062E+00
9bk5A	7oxp-assembly1_A	3.491E-01	2.384E-01	9.004E-02	2.528E-01	0.051	1.500E+00
9bk5A	5gkh-assembly1_B	4.086E-01	3.017E-01	1.248E-01	3.209E-01	0.051	3.675E+00
9bk5A	3nut-assembly1_D	4.832E-01	4.291E-01	1.776E-01	3.758E-01	0.051	7.433E+00
9bk5A	3cvz-assembly4_D	4.246E-01	3.375E-01	1.461E-01	4.039E-01	0.051	6.539E+00
9bk5A	3gqm-assembly1_A	5.043E-01	3.275E-01	1.281E-01	3.044E-01	0.051	5.062E+00
9bk5A	2wss-assembly2_P	4.146E-01	3.544E-01	1.523E-01	3.521E-01	0.051	5.062E+00
9bk5A	2dsg-assembly1_A	4.217E-01	3.747E-01	1.573E-01	3.586E-01	0.051	5.397E+00
9bk5A	2e8s-assembly1_B	4.215E-01	3.742E-01	1.569E-01	3.579E-01	0.051	4.748E+00
9bk5A	4h62-assembly1_Q	3.833E-01	2.776E-01	9.618E-02	3.289E-01	0.051	3.233E+00
9bk5A	4ll4-assembly1_A	6.254E-01	2.569E-01	7.685E-02	3.371E-01	0.051	9.007E+00
9bk5A	7qys-assembly1_B	3.556E-01	3.110E-01	1.337E-01	3.467E-01	0.051	3.233E+00
9bk5A	1dle-assembly1_B	5.175E-01	3.090E-01	1.043E-01	3.648E-01	0.051	7.433E+00
9bk5A	7qys-assembly2_H	3.552E-01	3.107E-01	1.327E-01	3.478E-01	0.051	3.233E+00
9bk5A	7qys-assembly1_D	3.556E-01	3.110E-01	1.304E-01	3.482E-01	0.051	3.233E+00
9bk5A	8z0l-assembly1_H	3.200E-01	2.875E-01	1.125E-01	2.849E-01	0.051	1.705E+00
9bk5A	6ii0-assembly4_D	3.938E-01	3.359E-01	1.274E-01	3.532E-01	0.051	4.177E+00
9bk5A	6nje-assembly1_A	3.414E-01	2.957E-01	1.018E-01	3.135E-01	0.051	2.503E+00
9bk5A	5or7-assembly1_A	5.684E-01	2.572E-01	7.974E-02	3.147E-01	0.051	6.972E+00
9bk5A	8fs6-assembly1_G	3.036E-01	2.073E-01	8.062E-02	2.942E-01	0.051	1.599E+00
9bk5A	6lnb-assembly1_B	3.269E-01	3.027E-01	1.294E-01	3.284E-01	0.051	2.348E+00
9bk5A	5ffo-assembly1_C	2.403E-01	2.383E-01	1.035E-01	3.159E-01	0.051	8.986E-01
9bk5A	9gs9-assembly1_G	3.716E-01	3.395E-01	1.369E-01	3.759E-01	0.051	4.177E+00
9bk5A	3tii-assembly1_A	4.971E-01	4.126E-01	1.369E-01	4.199E-01	0.051	9.602E+00
9bk5A	3tin-assembly1_A	4.069E-01	3.558E-01	1.332E-01	3.689E-01	0.051	5.397E+00
9bk5A	7br7-assembly1_5	3.364E-01	2.849E-01	9.384E-02	3.479E-01	0.051	2.845E+00
9bk5A	6ppd-assembly1_5	4.966E-01	3.604E-01	1.224E-01	3.874E-01	0.051	7.924E+00
9bk5A	6lgn-assembly1_f	3.943E-01	2.888E-01	9.441E-02	3.490E-01	0.051	4.177E+00
9bk5A	8znr-assembly1_D	2.684E-01	2.476E-01	1.093E-01	3.272E-01	0.051	1.319E+00
9bk5A	8ydb-assembly1_H	2.661E-01	2.437E-01	1.020E-01	3.343E-01	0.051	1.500E+00
9bk5A	4zxc-assembly2_Y	5.550E-01	3.082E-01	8.635E-02	3.569E-01	0.051	8.448E+00
9bk5A	3x2t-assembly2_B	3.798E-01	3.423E-01	1.227E-01	3.429E-01	0.051	3.675E+00
9bk5A	8hwp-assembly1_A	5.757E-01	2.580E-01	7.004E-02	2.935E-01	0.051	6.134E+00
9bk5A	5k16-assembly3_B	5.317E-01	2.692E-01	6.785E-02	3.069E-01	0.051	5.753E+00
9bk5A	3jvu-assembly1_C-2	3.672E-01	2.913E-01	8.408E-02	3.366E-01	0.051	3.233E+00
9bk5A	6lnc-assembly1_F	3.205E-01	2.957E-01	1.084E-01	3.143E-01	0.051	2.065E+00
9bk5A	6lnc-assembly1_G	2.961E-01	2.532E-01	9.941E-02	2.721E-01	0.051	1.238E+00
9bk5A	6lgl-assembly1_h	3.611E-01	2.859E-01	9.967E-02	3.605E-01	0.051	3.675E+00
9bk5A	6vbw-assembly1_E	2.829E-01	2.633E-01	1.104E-01	2.946E-01	0.051	1.238E+00
9bk5A	3d8c-assembly1_A	3.510E-01	3.320E-01	1.097E-01	3.115E-01	0.051	2.503E+00
9bk5A	5m8d-assembly1_F	3.590E-01	3.201E-01	1.035E-01	3.445E-01	0.051	3.033E+00
9bk5A	3u06-assembly1_B	5.378E-01	3.496E-01	9.977E-02	3.924E-01	0.051	9.007E+00
9bk5A	7u1j-assembly3_C	4.073E-01	2.456E-01	6.304E-02	3.696E-01	0.051	5.062E+00
9bk5A	5h5v-assembly1_A	3.542E-01	2.913E-01	9.199E-02	3.176E-01	0.051	2.845E+00
9bk5A	5w3d-assembly1_A	4.772E-01	3.314E-01	9.123E-02	3.205E-01	0.051	5.062E+00
9bk5A	6v7g-assembly1_A	5.823E-01	3.215E-01	8.009E-02	3.399E-01	0.051	7.924E+00
9bk5A	3ax6-assembly2_C	4.379E-01	3.237E-01	8.765E-02	4.236E-01	0.051	7.433E+00
9bk5A	3ax6-assembly2_D	4.603E-01	3.273E-01	8.944E-02	4.492E-01	0.051	9.007E+00
9bk5A	6l4c-assembly1_A	4.073E-01	2.695E-01	6.858E-02	3.275E-01	0.051	4.177E+00
9bk5A	4lit-assembly1_A-2	3.657E-01	2.412E-01	6.943E-02	2.477E-01	0.051	1.407E+00
9bk5A	7azg-assembly4_G	3.682E-01	3.537E-01	1.026E-01	3.963E-01	0.051	4.748E+00
9bk5A	6p40-assembly1_B	3.680E-01	2.727E-01	8.847E-02	3.412E-01	0.051	3.675E+00
9bk5A	7r8p-assembly1_A	5.038E-01	3.740E-01	1.010E-01	3.843E-01	0.051	8.448E+00
9bk5A	1uik-assembly1_C	4.855E-01	2.504E-01	6.089E-02	2.616E-01	0.051	3.447E+00
9bk5A	1ipk-assembly1_B	5.335E-01	2.778E-01	6.546E-02	2.932E-01	0.051	5.397E+00
9bk5A	7azc-assembly2_C	3.599E-01	3.461E-01	9.449E-02	3.670E-01	0.051	3.918E+00
9bk5A	1vpk-assembly1_A-2	3.235E-01	3.121E-01	9.260E-02	3.195E-01	0.051	2.202E+00
9bk5A	1deq-assembly1_F	5.954E-01	3.656E-01	9.438E-02	3.622E-01	0.051	9.602E+00
9bk5A	6ptr-assembly1_A	3.484E-01	3.361E-01	9.197E-02	3.293E-01	0.051	2.668E+00
9bk5A	2eaa-assembly1_C	5.579E-01	2.965E-01	6.596E-02	3.300E-01	0.051	6.972E+00
9bk5A	5n0p-assembly1_A	4.101E-01	3.426E-01	1.051E-01	3.252E-01	0.051	3.675E+00
9bk5A	4a8d-assembly1_A	5.240E-01	2.269E-01	5.271E-02	2.626E-01	0.051	4.453E+00
9bk5A	6mjg-assembly1_A	5.275E-01	4.203E-01	1.121E-01	3.978E-01	0.051	9.602E+00
9bk5A	4oiw-assembly1_A	2.897E-01	2.584E-01	7.748E-02	3.433E-01	0.051	1.937E+00
9bk5A	4njq-assembly1_B	2.948E-01	2.619E-01	7.888E-02	3.285E-01	0.051	1.817E+00
9bk5A	2v40-assembly1_A-2	4.820E-01	3.763E-01	9.100E-02	3.698E-01	0.051	6.972E+00
9bk5A	3ro5-assembly1_B	3.587E-01	2.658E-01	6.915E-02	3.214E-01	0.051	3.033E+00
9bk5A	3tg6-assembly1_B	3.358E-01	2.665E-01	7.529E-02	3.428E-01	0.051	2.845E+00
9bk5A	8t9w-assembly1_A	4.323E-01	3.064E-01	7.748E-02	3.215E-01	0.051	3.918E+00
9bk5A	3zif-assembly1_M	5.842E-01	2.646E-01	5.117E-02	3.304E-01	0.051	7.924E+00
9bk5A	6rim-assembly7_G	4.514E-01	2.220E-01	4.935E-02	2.872E-01	0.051	3.675E+00
9bk5A	6lbp-assembly1_A	3.490E-01	3.180E-01	8.982E-02	3.464E-01	0.051	3.233E+00
9bk5A	5tjw-assembly1_A	3.541E-01	2.849E-01	6.919E-02	3.370E-01	0.051	2.845E+00
9bk5A	5xda-assembly1_F	3.875E-01	3.770E-01	7.801E-02	3.372E-01	0.051	3.675E+00
9bk5A	6wom-assembly2_C	3.090E-01	2.975E-01	6.554E-02	3.415E-01	0.051	2.503E+00
9bk5A	6wom-assembly1_A	3.057E-01	2.932E-01	6.187E-02	3.632E-01	0.051	2.348E+00
9bk5A	6svo-assembly1_B	3.749E-01	3.407E-01	7.201E-02	3.470E-01	0.051	3.447E+00
9bk5A	5hqa-assembly1_A	4.419E-01	3.747E-01	5.661E-02	3.560E-01	0.051	5.397E+00
9bk5A	5hqc-assembly1_A	4.512E-01	3.794E-01	5.680E-02	3.734E-01	0.051	6.539E+00
9bk5A	2jka-assembly1_A	4.513E-01	3.406E-01	4.906E-02	3.327E-01	0.051	5.397E+00
9bk5A	3hs0-assembly3_D	5.402E-01	2.967E-01	4.307E-02	3.555E-01	0.051	7.433E+00
9bk5A	6jeg-assembly1_B	3.459E-01	2.904E-01	4.583E-02	3.375E-01	0.051	3.033E+00
9bk5A	6qfo-assembly1_A	4.555E-01	3.381E-01	2.558E-02	3.167E-01	0.051	4.748E+00
9bk5A	6v67-assembly1_A	4.694E-01	2.959E-01	4.458E-01	3.540E-01	0.045	7.433E+00
9bk5A	4l5n-assembly6_F	4.951E-01	2.989E-01	4.153E-01	2.935E-01	0.045	5.753E+00
9bk5A	3zqo-assembly2_Q	3.406E-01	2.566E-01	3.111E-01	3.839E-01	0.045	4.748E+00
9bk5A	7vea-assembly1_fM	4.178E-01	2.934E-01	3.538E-01	3.266E-01	0.045	4.748E+00
9bk5A	2wnm-assembly1_A	4.283E-01	3.168E-01	3.845E-01	3.973E-01	0.045	7.924E+00
9bk5A	1k50-assembly4_D	4.712E-01	3.226E-01	3.732E-01	3.727E-01	0.045	8.448E+00
9bk5A	7bpm-assembly1_A	4.112E-01	2.567E-01	2.617E-01	2.999E-01	0.045	3.675E+00
9bk5A	6kz7-assembly2_D	3.703E-01	2.900E-01	2.788E-01	3.666E-01	0.045	4.453E+00
9bk5A	7dww-assembly2_A	2.524E-01	2.468E-01	2.325E-01	3.729E-01	0.045	1.937E+00
9bk5A	1jem-assembly1_A	3.771E-01	3.280E-01	3.064E-01	3.590E-01	0.045	4.453E+00
9bk5A	1sph-assembly1_B	3.960E-01	3.455E-01	3.226E-01	3.500E-01	0.045	5.062E+00
9bk5A	7di0-assembly3_C	2.397E-01	2.107E-01	1.971E-01	3.094E-01	0.045	1.238E+00
9bk5A	1pu1-assembly1_A	2.975E-01	2.386E-01	2.151E-01	3.579E-01	0.045	3.033E+00
9bk5A	7di1-assembly2_B	2.596E-01	2.163E-01	1.946E-01	2.808E-01	0.045	1.089E+00
9bk5A	2o2v-assembly1_A	4.126E-01	2.782E-01	2.383E-01	3.495E-01	0.045	5.397E+00
9bk5A	2jvu-assembly1_A	3.782E-01	2.936E-01	2.493E-01	3.249E-01	0.045	4.177E+00
9bk5A	8ui2-assembly1_B	2.901E-01	2.410E-01	1.935E-01	3.444E-01	0.045	2.668E+00
9bk5A	6rqm-assembly1_A	3.156E-01	2.347E-01	1.780E-01	2.891E-01	0.045	2.065E+00
9bk5A	1wwq-assembly1_A	4.994E-01	3.184E-01	2.410E-01	3.584E-01	0.045	7.924E+00
9bk5A	2nmm-assembly4_A	4.303E-01	3.200E-01	2.433E-01	3.675E-01	0.045	6.134E+00
9bk5A	8rdw-assembly1_Oi	5.114E-01	2.746E-01	1.926E-01	2.849E-01	0.045	5.397E+00
9bk5A	2inw-assembly2_B	3.633E-01	2.820E-01	2.119E-01	3.942E-01	0.045	5.753E+00
9bk5A	8fn2-assembly1_R	5.185E-01	2.741E-01	1.890E-01	3.053E-01	0.045	6.972E+00
9bk5A	1wdd-assembly1_S	4.049E-01	3.685E-01	2.623E-01	3.564E-01	0.045	5.397E+00
9bk5A	8wif-assembly1_w	5.708E-01	2.431E-01	1.588E-01	3.099E-01	0.045	8.448E+00
9bk5A	3fkh-assembly2_C	3.685E-01	2.507E-01	1.759E-01	2.783E-01	0.045	2.503E+00
9bk5A	3oj6-assembly1_C	2.808E-01	2.558E-01	1.857E-01	3.722E-01	0.045	2.845E+00
9bk5A	2e8c-assembly1_A	3.768E-01	2.771E-01	1.807E-01	4.177E-01	0.045	6.134E+00
9bk5A	1fxk-assembly1_C-2	3.353E-01	2.577E-01	1.589E-01	3.325E-01	0.045	3.233E+00
9bk5A	4a90-assembly2_B	4.263E-01	3.805E-01	2.669E-01	3.507E-01	0.045	5.397E+00
9bk5A	2c3b-assembly1_B	4.085E-01	2.535E-01	1.557E-01	3.371E-01	0.045	5.062E+00
9bk5A	8pv8-assembly1_LT	4.104E-01	2.704E-01	1.606E-01	3.413E-01	0.045	5.062E+00
9bk5A	9k1j-assembly1_B	3.262E-01	2.691E-01	1.723E-01	3.822E-01	0.045	3.918E+00
9bk5A	6bjh-assembly1_A	4.548E-01	2.881E-01	1.867E-01	3.887E-01	0.045	7.924E+00
9bk5A	7poi-assembly1_C	2.940E-01	2.213E-01	1.385E-01	2.452E-01	0.045	9.580E-01
9bk5A	6bjh-assembly1_B	4.515E-01	3.065E-01	1.922E-01	4.016E-01	0.045	7.924E+00
9bk5A	2qsd-assembly2_G	4.120E-01	2.460E-01	1.550E-01	3.199E-01	0.045	4.177E+00
9bk5A	2zdi-assembly1_C-2	4.020E-01	3.273E-01	1.974E-01	3.397E-01	0.045	5.062E+00
9bk5A	5dn5-assembly2_B	4.791E-01	2.716E-01	1.516E-01	3.465E-01	0.045	6.972E+00
9bk5A	1lb6-assembly1_A	3.797E-01	2.887E-01	1.829E-01	3.706E-01	0.045	5.397E+00
9bk5A	4l82-assembly2_D	5.413E-01	2.196E-01	1.139E-01	2.827E-01	0.045	5.753E+00
9bk5A	8p5d-assembly1_LT0	4.083E-01	2.727E-01	1.490E-01	3.383E-01	0.045	4.748E+00
9bk5A	6sf2-assembly1_F	2.495E-01	2.069E-01	1.351E-01	2.607E-01	0.045	8.428E-01
9bk5A	6gqb-assembly1_T	4.324E-01	2.685E-01	1.433E-01	2.893E-01	0.045	3.918E+00
9bk5A	3hva-assembly2_B	3.394E-01	3.009E-01	1.714E-01	3.266E-01	0.045	3.033E+00
9bk5A	4bex-assembly1_1-2	3.469E-01	2.618E-01	1.389E-01	3.175E-01	0.045	3.233E+00
9bk5A	4rov-assembly2_B	3.752E-01	3.094E-01	1.691E-01	3.512E-01	0.045	4.453E+00
9bk5A	7qep-assembly1_N0	4.738E-01	3.505E-01	1.865E-01	3.869E-01	0.045	8.448E+00
9bk5A	6hrs-assembly2_H	4.090E-01	3.376E-01	1.802E-01	3.002E-01	0.045	4.177E+00
9bk5A	7osm-assembly1_uS3	3.118E-01	2.783E-01	1.533E-01	2.562E-01	0.045	1.407E+00
9bk5A	5sww-assembly4_D	3.473E-01	1.869E-01	9.762E-02	2.788E-01	0.045	2.065E+00
9bk5A	2aga-assembly1_A	2.802E-01	2.737E-01	1.591E-01	3.595E-01	0.045	2.348E+00
9bk5A	4g1i-assembly2_B	4.296E-01	3.133E-01	1.476E-01	4.149E-01	0.045	8.448E+00
9bk5A	6jov-assembly1_B	4.195E-01	2.100E-01	1.037E-01	2.962E-01	0.045	3.918E+00
9bk5A	6vwn-assembly1_b	3.731E-01	3.318E-01	1.585E-01	3.691E-01	0.045	5.062E+00
9bk5A	7w6w-assembly2_D	3.531E-01	2.328E-01	1.179E-01	3.094E-01	0.045	3.233E+00
9bk5A	4dvh-assembly1_B	3.605E-01	2.821E-01	1.381E-01	3.711E-01	0.045	5.062E+00
9bk5A	1vaj-assembly1_A	3.744E-01	3.625E-01	1.889E-01	3.653E-01	0.045	4.748E+00
9bk5A	2bu3-assembly2_B	4.353E-01	4.193E-01	2.059E-01	3.867E-01	0.045	6.972E+00
9bk5A	1d5n-assembly1_A	3.486E-01	2.888E-01	1.396E-01	3.589E-01	0.045	3.918E+00
9bk5A	8cdl-assembly1_g	3.619E-01	3.309E-01	1.621E-01	3.291E-01	0.045	3.447E+00
9bk5A	8p0m-assembly1_D	3.929E-01	2.911E-01	1.272E-01	3.463E-01	0.045	5.062E+00
9bk5A	6grf-assembly1_A	4.100E-01	3.724E-01	1.720E-01	3.928E-01	0.045	6.539E+00
9bk5A	2vrs-assembly1_C	2.964E-01	2.704E-01	1.163E-01	2.689E-01	0.045	1.319E+00
9bk5A	7bjk-assembly3_E-2	3.565E-01	2.411E-01	1.134E-01	3.054E-01	0.045	2.845E+00
9bk5A	4uc7-assembly1_A	3.245E-01	2.444E-01	1.118E-01	3.174E-01	0.045	2.845E+00
9bk5A	8k4l-assembly1_A	3.713E-01	2.906E-01	1.338E-01	3.103E-01	0.045	3.233E+00
9bk5A	8p5d-assembly1_SD0	4.108E-01	3.570E-01	1.582E-01	3.428E-01	0.045	5.397E+00
9bk5A	3rk1-assembly1_A	4.119E-01	3.589E-01	1.704E-01	3.976E-01	0.045	7.433E+00
9bk5A	6wxv-assembly1_B	4.123E-01	2.087E-01	7.690E-02	2.735E-01	0.045	3.033E+00
9bk5A	4v5o-assembly1_AC	3.836E-01	3.391E-01	1.460E-01	3.429E-01	0.045	4.748E+00
9bk5A	3j4r-assembly1_A	3.094E-01	2.696E-01	1.097E-01	3.788E-01	0.045	3.447E+00
9bk5A	2eix-assembly1_B	3.262E-01	2.568E-01	1.105E-01	3.069E-01	0.045	2.668E+00
9bk5A	5n9b-assembly1_A	5.476E-01	2.507E-01	9.360E-02	3.253E-01	0.045	7.924E+00
9bk5A	3oee-assembly2_P	4.181E-01	3.684E-01	1.689E-01	3.965E-01	0.045	7.433E+00
9bk5A	8gme-assembly1_A	4.534E-01	2.057E-01	7.002E-02	3.294E-01	0.045	6.134E+00
9bk5A	4x6c-assembly2_C	4.054E-01	2.493E-01	1.004E-01	3.512E-01	0.045	5.753E+00
9bk5A	5ixa-assembly1_A	3.253E-01	3.138E-01	1.364E-01	3.637E-01	0.045	3.675E+00
9bk5A	7uwn-assembly1_C	5.344E-01	2.558E-01	8.959E-02	3.067E-01	0.045	7.433E+00
9bk5A	2dek-assembly1_A	4.218E-01	3.746E-01	1.577E-01	3.591E-01	0.045	5.753E+00
9bk5A	2e4r-assembly1_B	4.195E-01	3.729E-01	1.566E-01	3.573E-01	0.045	6.134E+00
9bk5A	2ed3-assembly1_A	4.338E-01	3.852E-01	1.600E-01	3.659E-01	0.045	6.972E+00
9bk5A	2hux-assembly1_A	4.211E-01	3.682E-01	1.523E-01	3.787E-01	0.045	6.134E+00
9bk5A	3n0s-assembly1_A	2.693E-01	2.619E-01	1.027E-01	3.464E-01	0.045	2.202E+00
9bk5A	3aae-assembly1_A	4.423E-01	3.106E-01	1.169E-01	3.424E-01	0.045	5.753E+00
9bk5A	7w3o-assembly2_B	5.224E-01	2.559E-01	7.830E-02	2.741E-01	0.045	5.062E+00
9bk5A	5h7y-assembly1_A	3.369E-01	2.732E-01	9.683E-02	2.884E-01	0.045	2.503E+00
9bk5A	7sks-assembly1_B	4.518E-01	2.137E-01	7.721E-02	2.861E-01	0.045	4.748E+00
9bk5A	7ane-assembly1_y	3.681E-01	2.696E-01	1.058E-01	3.383E-01	0.045	3.675E+00
9bk5A	7stb-assembly1_F	3.039E-01	2.931E-01	1.159E-01	3.209E-01	0.045	2.348E+00
9bk5A	4zqi-assembly1_B	4.302E-01	3.816E-01	1.419E-01	4.305E-01	0.045	9.007E+00
9bk5A	8znr-assembly1_H	2.793E-01	2.528E-01	1.051E-01	3.088E-01	0.045	1.817E+00
9bk5A	3gbj-assembly3_C	4.713E-01	4.194E-01	1.573E-01	4.142E-01	0.045	9.007E+00
9bk5A	7drm-assembly1_B	4.152E-01	3.266E-01	1.130E-01	3.758E-01	0.045	6.539E+00
9bk5A	3u0g-assembly2_B	3.225E-01	2.325E-01	8.677E-02	3.550E-01	0.045	3.233E+00
9bk5A	8yh9-assembly1_H	2.871E-01	2.615E-01	1.041E-01	3.278E-01	0.045	2.202E+00
9bk5A	5h5v-assembly1_E	3.543E-01	2.915E-01	1.057E-01	3.183E-01	0.045	3.233E+00
9bk5A	3u0g-assembly1_C	3.204E-01	2.284E-01	8.282E-02	3.181E-01	0.045	2.348E+00
9bk5A	3stj-assembly1_A	5.631E-01	2.265E-01	6.394E-02	2.715E-01	0.045	6.539E+00
9bk5A	3gbj-assembly1_A	4.678E-01	3.666E-01	1.319E-01	3.925E-01	0.045	7.924E+00
9bk5A	8z0l-assembly1_G	2.883E-01	2.598E-01	1.028E-01	2.890E-01	0.045	1.407E+00
9bk5A	8twj-assembly1_A	2.221E-01	2.090E-01	9.414E-02	3.137E-01	0.045	1.021E+00
9bk5A	4whx-assembly1_C	2.917E-01	2.189E-01	8.246E-02	3.224E-01	0.045	2.202E+00
9bk5A	6lgn-assembly1_h	4.085E-01	3.313E-01	1.100E-01	3.543E-01	0.045	5.753E+00
9bk5A	5b55-assembly1_B	3.902E-01	2.929E-01	8.245E-02	3.791E-01	0.045	6.134E+00
9bk5A	1iz3-assembly1_A-2	3.768E-01	3.505E-01	1.106E-01	3.221E-01	0.045	3.675E+00
9bk5A	6pif-assembly1_C	2.846E-01	2.611E-01	1.121E-01	2.991E-01	0.045	1.500E+00
9bk5A	5h5v-assembly1_B	3.487E-01	2.881E-01	9.314E-02	2.957E-01	0.045	2.668E+00
9bk5A	4y7p-assembly2_A	4.202E-01	2.701E-01	8.589E-02	2.897E-01	0.045	3.918E+00
9bk5A	6pig-assembly1_A	2.843E-01	2.642E-01	1.106E-01	3.076E-01	0.045	1.599E+00
9bk5A	8riv-assembly1_F	3.365E-01	3.036E-01	1.094E-01	3.204E-01	0.045	3.033E+00
9bk5A	9gs9-assembly1_F	3.347E-01	3.152E-01	1.216E-01	3.651E-01	0.045	3.918E+00
9bk5A	5h5v-assembly1_D	3.658E-01	2.953E-01	8.995E-02	3.082E-01	0.045	3.233E+00
9bk5A	6y4m-assembly1_F	3.532E-01	2.941E-01	9.636E-02	3.322E-01	0.045	3.675E+00
9bk5A	4zol-assembly1_F	3.334E-01	2.837E-01	1.000E-01	3.306E-01	0.045	2.845E+00
9bk5A	6fjm-assembly1_F	3.205E-01	2.882E-01	1.098E-01	3.614E-01	0.045	3.233E+00
9bk5A	5h5v-assembly1_C	3.538E-01	2.910E-01	9.110E-02	3.170E-01	0.045	3.233E+00
9bk5A	3q4k-assembly1_B	3.661E-01	3.513E-01	9.891E-02	3.860E-01	0.045	5.062E+00
9bk5A	5wce-assembly1_B	3.737E-01	3.596E-01	9.931E-02	4.038E-01	0.045	5.753E+00
9bk5A	2avt-assembly1_B	3.555E-01	3.420E-01	9.764E-02	3.477E-01	0.045	3.675E+00
9bk5A	4ccl-assembly1_A	3.470E-01	2.526E-01	7.375E-02	2.635E-01	0.045	1.817E+00
9bk5A	1kt1-assembly1_A	2.915E-01	2.872E-01	9.938E-02	3.311E-01	0.045	2.065E+00
9bk5A	6e9b-assembly1_A	2.851E-01	2.413E-01	7.204E-02	2.794E-01	0.045	1.319E+00
9bk5A	8a28-assembly1_A	2.971E-01	2.757E-01	7.398E-02	2.964E-01	0.045	1.705E+00
9bk5A	4a8b-assembly1_G	5.545E-01	2.576E-01	5.790E-02	2.898E-01	0.045	6.972E+00
9bk5A	4a8b-assembly1_A	5.485E-01	2.563E-01	5.767E-02	2.905E-01	0.045	6.972E+00
9bk5A	7dys-assembly1_C	3.698E-01	2.681E-01	8.160E-02	2.494E-01	0.045	2.065E+00
9bk5A	3gtd-assembly1_B-2	4.621E-01	3.022E-01	7.169E-02	3.784E-01	0.045	7.924E+00
9bk5A	8s89-assembly1_A	3.147E-01	2.697E-01	8.700E-02	3.206E-01	0.045	2.668E+00
9bk5A	3k2i-assembly1_A	4.264E-01	2.470E-01	5.940E-02	2.621E-01	0.045	3.033E+00
9bk5A	5mdm-assembly2_A	3.884E-01	1.961E-01	4.314E-02	2.420E-01	0.045	1.937E+00
9bk5A	4iry-assembly1_B	3.519E-01	2.873E-01	7.144E-02	3.229E-01	0.045	3.033E+00
9bk5A	4njr-assembly1_C	3.086E-01	2.600E-01	7.457E-02	3.320E-01	0.045	2.503E+00
9bk5A	4r8f-assembly1_D	3.181E-01	2.750E-01	7.977E-02	3.363E-01	0.045	2.845E+00
9bk5A	4r8f-assembly1_C	3.430E-01	2.805E-01	7.751E-02	3.344E-01	0.045	3.447E+00
9bk5A	1zq1-assembly1_B	4.371E-01	2.313E-01	5.656E-02	2.793E-01	0.045	4.177E+00
9bk5A	4uf0-assembly2_B	3.094E-01	2.902E-01	8.723E-02	3.414E-01	0.045	2.845E+00
9bk5A	4dys-assembly1_A	4.185E-01	3.603E-01	9.252E-02	3.809E-01	0.045	6.134E+00
9bk5A	5msy-assembly2_B	3.104E-01	2.441E-01	6.416E-02	2.787E-01	0.045	1.817E+00
9bk5A	6rim-assembly5_E	4.521E-01	2.215E-01	4.862E-02	2.865E-01	0.045	4.453E+00
9bk5A	4bep-assembly1_B	3.305E-01	3.218E-01	9.601E-02	3.631E-01	0.045	3.918E+00
9bk5A	4bes-assembly1_A-2	3.268E-01	3.181E-01	9.484E-02	3.611E-01	0.045	3.918E+00
9bk5A	5z3k-assembly1_A	4.042E-01	2.635E-01	5.354E-02	2.808E-01	0.045	3.233E+00
9bk5A	5w3s-assembly1_A	2.865E-01	2.337E-01	7.245E-02	2.515E-01	0.045	1.161E+00
9bk5A	6vhy-assembly2_D	3.270E-01	2.213E-01	5.614E-02	3.792E-01	0.045	3.918E+00
9bk5A	4ec3-assembly1_A	2.896E-01	2.747E-01	6.764E-02	3.423E-01	0.045	2.348E+00
9bk5A	5ejj-assembly3_A	3.713E-01	3.618E-01	7.887E-02	3.232E-01	0.045	3.447E+00
9bk5A	1ecl-assembly1_A	3.519E-01	2.789E-01	5.944E-02	3.230E-01	0.045	3.233E+00
9bk5A	6ysq-assembly2_D	4.566E-01	3.421E-01	5.657E-02	3.573E-01	0.045	7.433E+00
9bk5A	6r4h-assembly1_B	3.793E-01	3.607E-01	7.508E-02	3.824E-01	0.045	5.062E+00
9bk5A	6r4h-assembly1_A	4.211E-01	4.025E-01	8.011E-02	4.087E-01	0.045	7.924E+00
9bk5A	8ayr-assembly2_B	3.816E-01	2.478E-01	3.837E-02	2.998E-01	0.045	3.233E+00
9bk5A	8wg2-assembly2_D	4.447E-01	3.831E-01	5.567E-02	3.839E-01	0.045	6.972E+00
9bk5A	7p2b-assembly2_B	3.503E-01	2.936E-01	4.577E-02	3.265E-01	0.045	3.233E+00
9bk5A	3ffn-assembly2_B	3.313E-01	2.788E-01	4.379E-02	3.277E-01	0.045	2.845E+00
9bk5A	6v1v-assembly1_B	2.407E-01	1.865E-01	3.035E-02	2.626E-01	0.045	6.955E-01
9bk5A	6v1v-assembly1_A	2.410E-01	1.873E-01	3.022E-02	2.645E-01	0.045	7.906E-01
9bk5A	3waj-assembly1_A	4.404E-01	2.504E-01	3.323E-02	3.086E-01	0.045	4.748E+00
9bk5A	7wrg-assembly1_A	3.273E-01	2.534E-01	3.735E-02	2.607E-01	0.045	1.599E+00
9bk5A	5vyw-assembly1_A	3.322E-01	3.078E-01	4.493E-02	4.194E-01	0.045	5.062E+00
9bk5A	7v99-assembly1_A	3.472E-01	2.462E-01	3.155E-02	2.804E-01	0.045	2.503E+00
9bk5A	6qfk-assembly1_A	4.719E-01	3.387E-01	2.498E-02	3.283E-01	0.045	6.134E+00
9bk5A	7von-assembly1_A	5.161E-01	3.341E-01	2.498E-02	3.217E-01	0.045	7.433E+00
9bk5A	8ail-assembly2_E	4.800E-01	2.963E-01	3.721E-01	3.116E-01	0.040	6.539E+00
9bk5A	3zqm-assembly1_I	3.288E-01	2.505E-01	3.016E-01	3.792E-01	0.040	4.748E+00
9bk5A	1wtx-assembly1_A	3.378E-01	1.850E-01	2.046E-01	3.061E-01	0.040	3.233E+00
9bk5A	2xiw-assembly1_B-2	3.413E-01	2.020E-01	2.214E-01	3.323E-01	0.040	3.918E+00
9bk5A	8xow-assembly1_w2	3.723E-01	2.603E-01	2.906E-01	3.606E-01	0.040	5.753E+00
9bk5A	2rmo-assembly1_A	4.990E-01	2.596E-01	2.813E-01	3.554E-01	0.040	9.602E+00
9bk5A	3jtz-assembly1_A	4.542E-01	2.128E-01	2.144E-01	3.214E-01	0.040	6.972E+00
9bk5A	6e5c-assembly1_A	3.387E-01	2.809E-01	2.809E-01	3.213E-01	0.040	3.918E+00
9bk5A	4hbo-assembly4_D-5	4.206E-01	3.063E-01	2.980E-01	3.206E-01	0.040	5.397E+00
9bk5A	5npg-assembly1_A	3.360E-01	2.792E-01	2.658E-01	3.664E-01	0.040	4.748E+00
9bk5A	7ff5-assembly3_C	4.000E-01	3.475E-01	3.308E-01	3.652E-01	0.040	6.134E+00
9bk5A	7du7-assembly2_B	2.441E-01	2.090E-01	2.009E-01	2.863E-01	0.040	1.161E+00
9bk5A	7eyl-assembly1_B	2.553E-01	2.050E-01	1.713E-01	3.266E-01	0.040	2.065E+00
9bk5A	2h45-assembly1_A	3.832E-01	2.241E-01	1.925E-01	2.485E-01	0.040	2.845E+00
9bk5A	7m0q-assembly1_B	3.564E-01	2.460E-01	2.028E-01	3.123E-01	0.040	4.177E+00
9bk5A	8fn2-assembly1_b	3.353E-01	2.827E-01	2.281E-01	3.679E-01	0.040	4.453E+00
9bk5A	1xe0-assembly1_C	3.818E-01	2.778E-01	2.267E-01	3.146E-01	0.040	4.177E+00
9bk5A	2job-assembly1_A	3.828E-01	3.197E-01	2.639E-01	3.945E-01	0.040	6.972E+00
9bk5A	2npt-assembly1_A	2.944E-01	2.035E-01	1.648E-01	3.210E-01	0.040	2.503E+00
9bk5A	4zgl-assembly2_D	3.382E-01	2.980E-01	2.372E-01	3.296E-01	0.040	3.918E+00
9bk5A	8uua-assembly1_R	5.425E-01	2.787E-01	2.154E-01	2.808E-01	0.040	7.433E+00
9bk5A	1xb9-assembly2_G	4.823E-01	3.275E-01	2.564E-01	3.619E-01	0.040	9.007E+00
9bk5A	6hbc-assembly1_D	4.332E-01	3.850E-01	3.096E-01	3.936E-01	0.040	8.448E+00
9bk5A	4odq-assembly1_A	3.378E-01	2.728E-01	2.224E-01	3.216E-01	0.040	3.918E+00
9bk5A	7asn-assembly1_N	5.504E-01	2.833E-01	2.002E-01	2.964E-01	0.040	7.924E+00
9bk5A	6spb-assembly1_P	4.952E-01	2.753E-01	1.962E-01	2.908E-01	0.040	6.972E+00
9bk5A	1uil-assembly1_A	3.680E-01	3.237E-01	2.531E-01	3.839E-01	0.040	6.539E+00
9bk5A	6zyg-assembly1_A	3.400E-01	2.140E-01	1.730E-01	2.997E-01	0.040	3.233E+00
9bk5A	6eci-assembly10_S	4.103E-01	2.741E-01	2.044E-01	3.193E-01	0.040	5.753E+00
9bk5A	8wey-assembly1_D	3.116E-01	2.633E-01	2.047E-01	3.194E-01	0.040	3.033E+00
9bk5A	3uws-assembly2_C	2.872E-01	2.598E-01	1.954E-01	3.183E-01	0.040	2.348E+00
9bk5A	3vya-assembly1_A-2	5.573E-01	2.798E-01	1.941E-01	3.296E-01	0.040	9.602E+00
9bk5A	1ir1-assembly1_S	4.470E-01	4.118E-01	2.989E-01	3.761E-01	0.040	7.924E+00
9bk5A	4rub-assembly1_S	3.960E-01	3.416E-01	2.424E-01	3.416E-01	0.040	5.397E+00
9bk5A	3fkh-assembly1_A	3.917E-01	2.455E-01	1.709E-01	2.703E-01	0.040	3.233E+00
9bk5A	4v4j-assembly1_A	3.314E-01	3.030E-01	2.260E-01	3.438E-01	0.040	4.177E+00
9bk5A	8cyk-assembly1_B	3.715E-01	3.243E-01	2.217E-01	4.125E-01	0.040	6.972E+00
9bk5A	4c84-assembly2_B	3.547E-01	1.789E-01	1.203E-01	2.487E-01	0.040	2.202E+00
9bk5A	1wlo-assembly1_A	3.077E-01	2.517E-01	1.692E-01	3.860E-01	0.040	4.748E+00
9bk5A	3m7o-assembly1_A	5.397E-01	2.389E-01	1.492E-01	3.180E-01	0.040	8.448E+00
9bk5A	2hx0-assembly1_A	2.988E-01	2.885E-01	1.924E-01	2.965E-01	0.040	2.065E+00
9bk5A	8vu3-assembly1_d	3.774E-01	3.176E-01	2.100E-01	3.057E-01	0.040	4.453E+00
9bk5A	6ftl-assembly1_I	4.514E-01	3.874E-01	2.572E-01	3.758E-01	0.040	9.007E+00
9bk5A	8jfu-assembly2_C	3.984E-01	3.172E-01	2.185E-01	3.548E-01	0.040	5.753E+00
9bk5A	5af2-assembly4_D	2.436E-01	2.324E-01	1.426E-01	3.291E-01	0.040	1.705E+00
9bk5A	2c3b-assembly1_A	4.148E-01	2.778E-01	1.659E-01	3.527E-01	0.040	6.134E+00
9bk5A	6o2k-assembly1_B	4.006E-01	3.059E-01	1.905E-01	3.162E-01	0.040	5.062E+00
9bk5A	6wb9-assembly1_7	3.642E-01	2.380E-01	1.487E-01	2.662E-01	0.040	2.668E+00
9bk5A	7yca-assembly1_D	3.782E-01	3.160E-01	2.041E-01	3.030E-01	0.040	3.918E+00
9bk5A	3oea-assembly1_A	3.593E-01	2.737E-01	1.645E-01	3.763E-01	0.040	5.753E+00
9bk5A	5e80-assembly2_A	2.807E-01	2.270E-01	1.396E-01	2.621E-01	0.040	1.407E+00
9bk5A	9ild-assembly1_A	3.562E-01	3.352E-01	2.001E-01	3.551E-01	0.040	5.397E+00
9bk5A	7pwo-assembly1_T2	4.462E-01	2.698E-01	1.480E-01	2.872E-01	0.040	5.397E+00
9bk5A	1rz0-assembly1_B	5.099E-01	2.297E-01	1.237E-01	2.813E-01	0.040	6.134E+00
9bk5A	6ymh-assembly1_AAA	3.276E-01	2.125E-01	1.326E-01	2.629E-01	0.040	2.202E+00
9bk5A	4lwz-assembly2_C	4.001E-01	3.092E-01	1.742E-01	3.200E-01	0.040	5.397E+00
9bk5A	2ovi-assembly1_D	4.475E-01	2.527E-01	1.456E-01	2.782E-01	0.040	5.062E+00
9bk5A	6uz7-assembly1_AT	4.743E-01	2.744E-01	1.459E-01	3.139E-01	0.040	6.972E+00
9bk5A	7ls1-assembly1_N2	4.163E-01	2.567E-01	1.391E-01	3.289E-01	0.040	6.134E+00
9bk5A	7qep-assembly1_N1	3.995E-01	2.675E-01	1.428E-01	3.264E-01	0.040	5.753E+00
9bk5A	6xiq-assembly1_T	4.278E-01	2.713E-01	1.451E-01	3.363E-01	0.040	6.539E+00
9bk5A	6u9j-assembly1_A	5.052E-01	2.789E-01	1.571E-01	2.982E-01	0.040	7.433E+00
9bk5A	3i0t-assembly1_A	3.027E-01	2.699E-01	1.488E-01	3.664E-01	0.040	3.918E+00
9bk5A	6hrr-assembly2_B	4.292E-01	2.863E-01	1.576E-01	2.744E-01	0.040	4.453E+00
9bk5A	2bsf-assembly1_A	3.296E-01	3.008E-01	1.499E-01	2.853E-01	0.040	2.668E+00
9bk5A	3wkm-assembly1_A	4.283E-01	2.638E-01	1.466E-01	2.995E-01	0.040	5.397E+00
9bk5A	2ov2-assembly9_H	4.339E-01	3.253E-01	1.611E-01	3.360E-01	0.040	6.972E+00
9bk5A	6ww7-assembly1_H	3.370E-01	2.819E-01	1.543E-01	3.198E-01	0.040	3.675E+00
9bk5A	1s7h-assembly2_D	3.275E-01	2.834E-01	1.375E-01	3.851E-01	0.040	5.062E+00
9bk5A	1uww-assembly1_A	3.130E-01	2.531E-01	1.390E-01	2.925E-01	0.040	2.668E+00
9bk5A	8s9x-assembly1_B	3.703E-01	3.662E-01	2.092E-01	3.705E-01	0.040	5.397E+00
9bk5A	3ir2-assembly1_A	3.379E-01	2.787E-01	1.521E-01	3.376E-01	0.040	3.675E+00
9bk5A	3gr1-assembly10_H	4.211E-01	3.139E-01	1.521E-01	4.246E-01	0.040	9.007E+00
9bk5A	2bkb-assembly1_A	3.733E-01	2.450E-01	1.236E-01	3.149E-01	0.040	4.177E+00
9bk5A	1za5-assembly1_B	3.722E-01	2.451E-01	1.243E-01	3.156E-01	0.040	3.918E+00
9bk5A	4nn6-assembly1_B	4.581E-01	2.315E-01	1.089E-01	2.539E-01	0.040	3.918E+00
9bk5A	7tpm-assembly1_A	4.345E-01	2.686E-01	1.326E-01	3.399E-01	0.040	6.972E+00
9bk5A	6ex3-assembly1_A	3.597E-01	2.927E-01	1.578E-01	3.699E-01	0.040	5.062E+00
9bk5A	2goj-assembly1_A	3.180E-01	2.603E-01	1.458E-01	3.872E-01	0.040	4.748E+00
9bk5A	3up1-assembly1_B	4.647E-01	1.897E-01	8.423E-02	2.410E-01	0.040	4.177E+00
9bk5A	6j55-assembly3_K	3.773E-01	2.536E-01	1.260E-01	2.984E-01	0.040	3.675E+00
9bk5A	6qv9-assembly1_B	3.595E-01	2.385E-01	1.154E-01	3.121E-01	0.040	4.177E+00
9bk5A	6z0y-assembly3_C	3.940E-01	2.107E-01	9.751E-02	3.108E-01	0.040	4.453E+00
9bk5A	7ddw-assembly1_A	3.459E-01	2.912E-01	1.572E-01	3.797E-01	0.040	5.753E+00
9bk5A	6ex5-assembly1_B	3.569E-01	2.925E-01	1.589E-01	3.665E-01	0.040	5.753E+00
9bk5A	1dnl-assembly1_A	3.269E-01	2.133E-01	1.079E-01	2.647E-01	0.040	2.202E+00
9bk5A	1xuq-assembly1_B	3.404E-01	2.144E-01	1.060E-01	3.043E-01	0.040	3.233E+00
9bk5A	8avn-assembly1_B	3.451E-01	2.808E-01	1.421E-01	3.715E-01	0.040	5.062E+00
9bk5A	6hil-assembly1_A	3.823E-01	2.768E-01	1.265E-01	3.370E-01	0.040	4.748E+00
9bk5A	4ri0-assembly1_B	3.721E-01	1.978E-01	9.154E-02	2.891E-01	0.040	3.447E+00
9bk5A	2a2j-assembly1_B	3.910E-01	1.967E-01	9.574E-02	2.709E-01	0.040	3.675E+00
9bk5A	5nd9-assembly1_c	3.696E-01	3.271E-01	1.572E-01	3.667E-01	0.040	6.134E+00
9bk5A	8rd8-assembly1_CT	4.643E-01	3.300E-01	1.413E-01	3.822E-01	0.040	9.007E+00
9bk5A	1fll-assembly1_A	3.820E-01	2.959E-01	1.408E-01	3.331E-01	0.040	5.062E+00
9bk5A	5a9g-assembly1_B	4.137E-01	2.361E-01	1.076E-01	3.112E-01	0.040	5.397E+00
9bk5A	6gsb-assembly1_B	4.128E-01	2.357E-01	1.087E-01	3.109E-01	0.040	4.748E+00
9bk5A	6gff-assembly1_C	2.460E-01	2.406E-01	1.325E-01	3.138E-01	0.040	1.599E+00
9bk5A	8rxx-assembly1_SC	3.474E-01	3.095E-01	1.477E-01	3.165E-01	0.040	3.447E+00
9bk5A	4y0w-assembly1_C-2	4.766E-01	2.898E-01	1.368E-01	3.565E-01	0.040	9.007E+00
9bk5A	4h3e-assembly2_B	3.384E-01	2.764E-01	1.353E-01	3.697E-01	0.040	4.453E+00
9bk5A	1jnw-assembly1_A-2	3.273E-01	2.157E-01	1.022E-01	2.648E-01	0.040	1.937E+00
9bk5A	8scb-assembly1_DD	4.250E-01	3.695E-01	1.589E-01	3.828E-01	0.040	8.448E+00
9bk5A	6k2l-assembly1_B	2.986E-01	2.869E-01	1.394E-01	3.232E-01	0.040	2.668E+00
9bk5A	7r81-assembly1_E2	4.298E-01	3.753E-01	1.588E-01	3.843E-01	0.040	7.924E+00
9bk5A	3w03-assembly1_B	4.159E-01	2.627E-01	1.082E-01	2.926E-01	0.040	4.453E+00
9bk5A	6zm5-assembly1_e	4.508E-01	2.393E-01	9.781E-02	3.161E-01	0.040	6.134E+00
9bk5A	6mf4-assembly1_A	3.263E-01	2.362E-01	1.077E-01	3.292E-01	0.040	3.675E+00
9bk5A	6tda-assembly1_K	4.666E-01	2.954E-01	1.138E-01	3.656E-01	0.040	8.448E+00
9bk5A	6mf6-assembly2_B	3.772E-01	2.230E-01	1.002E-01	3.280E-01	0.040	4.748E+00
9bk5A	6mn4-assembly6_F	3.166E-01	3.109E-01	1.328E-01	3.474E-01	0.040	3.918E+00
9bk5A	8yvg-assembly1_Z	3.424E-01	2.710E-01	1.208E-01	3.391E-01	0.040	4.177E+00
9bk5A	5ufa-assembly3_C	3.228E-01	2.612E-01	1.083E-01	2.914E-01	0.040	2.845E+00
9bk5A	6k2l-assembly1_A	3.121E-01	3.031E-01	1.297E-01	3.365E-01	0.040	3.447E+00
9bk5A	5che-assembly1_C	4.526E-01	2.688E-01	1.038E-01	3.257E-01	0.040	6.539E+00
9bk5A	7awe-assembly1_Q	3.548E-01	2.609E-01	1.110E-01	3.693E-01	0.040	5.062E+00
9bk5A	7rom-assembly1_A	3.226E-01	2.547E-01	1.082E-01	3.151E-01	0.040	3.233E+00
9bk5A	1nx4-assembly1_B-2	2.916E-01	2.821E-01	1.048E-01	3.187E-01	0.040	2.668E+00
9bk5A	1nx8-assembly1_B-2	2.917E-01	2.822E-01	1.048E-01	3.168E-01	0.040	2.668E+00
9bk5A	2dsh-assembly1_A	3.918E-01	3.528E-01	1.521E-01	3.673E-01	0.040	6.972E+00
9bk5A	2eh5-assembly1_A	3.477E-01	3.045E-01	1.311E-01	3.381E-01	0.040	4.453E+00
9bk5A	2huq-assembly1_A	3.907E-01	3.509E-01	1.527E-01	3.584E-01	0.040	6.134E+00
9bk5A	2p2x-assembly1_B	4.216E-01	3.744E-01	1.568E-01	3.592E-01	0.040	7.433E+00
9bk5A	1xdn-assembly1_A	4.947E-01	2.296E-01	7.020E-02	2.864E-01	0.040	5.753E+00
9bk5A	6ll9-assembly1_B	3.565E-01	3.210E-01	1.157E-01	3.703E-01	0.040	5.753E+00
9bk5A	7tnv-assembly1_A	3.810E-01	2.045E-01	7.000E-02	2.385E-01	0.040	2.202E+00
9bk5A	8h9s-assembly1_G	4.371E-01	3.766E-01	1.551E-01	3.747E-01	0.040	8.448E+00
9bk5A	7sks-assembly1_A	5.411E-01	2.381E-01	8.103E-02	2.956E-01	0.040	7.924E+00
9bk5A	8fs8-assembly1_F	3.196E-01	2.891E-01	1.164E-01	3.038E-01	0.040	3.033E+00
9bk5A	8fs3-assembly1_F	3.328E-01	3.270E-01	1.325E-01	3.410E-01	0.040	4.177E+00
9bk5A	5tkq-assembly1_A	3.187E-01	2.701E-01	9.545E-02	2.946E-01	0.040	2.845E+00
9bk5A	3kg7-assembly1_C	2.385E-01	2.343E-01	9.247E-02	2.855E-01	0.040	1.089E+00
9bk5A	1dle-assembly1_A	5.034E-01	3.044E-01	1.017E-01	3.595E-01	0.040	9.007E+00
9bk5A	4gkr-assembly1_A	4.008E-01	3.481E-01	1.293E-01	3.532E-01	0.040	6.539E+00
9bk5A	5c1o-assembly1_A	4.084E-01	3.637E-01	1.349E-01	4.010E-01	0.040	7.924E+00
9bk5A	6thq-assembly1_A	3.554E-01	2.483E-01	8.306E-02	3.007E-01	0.040	3.447E+00
9bk5A	1t6d-assembly2_B	4.134E-01	2.359E-01	8.791E-02	3.695E-01	0.040	7.433E+00
9bk5A	2nun-assembly1_A	3.142E-01	2.019E-01	6.225E-02	3.014E-01	0.040	2.503E+00
9bk5A	8yh9-assembly1_I	3.182E-01	2.793E-01	1.063E-01	2.975E-01	0.040	2.668E+00
9bk5A	5hle-assembly1_A	3.323E-01	2.951E-01	1.230E-01	3.352E-01	0.040	3.918E+00
9bk5A	3u0g-assembly2_A	3.515E-01	2.507E-01	8.596E-02	3.611E-01	0.040	5.062E+00
9bk5A	5zyr-assembly1_B	4.145E-01	1.980E-01	5.918E-02	2.471E-01	0.040	3.447E+00
9bk5A	5lt3-assembly1_A	3.783E-01	2.785E-01	1.064E-01	3.617E-01	0.040	6.134E+00
9bk5A	4ubf-assembly1_A	4.562E-01	3.918E-01	1.350E-01	3.689E-01	0.040	7.924E+00
9bk5A	2c9o-assembly2_C	3.862E-01	2.396E-01	8.874E-02	3.276E-01	0.040	4.748E+00
9bk5A	6pph-assembly1_5	3.848E-01	2.782E-01	1.007E-01	3.689E-01	0.040	6.134E+00
9bk5A	3ixg-assembly3_A	4.496E-01	2.822E-01	8.739E-02	3.071E-01	0.040	5.753E+00
9bk5A	2fh3-assembly2_B	4.932E-01	2.626E-01	7.407E-02	3.707E-01	0.040	9.602E+00
9bk5A	3wrd-assembly2_B	3.811E-01	3.432E-01	1.257E-01	3.642E-01	0.040	5.753E+00
9bk5A	8sfg-assembly1_B	3.782E-01	2.923E-01	9.916E-02	3.246E-01	0.040	4.748E+00
9bk5A	5b53-assembly1_A	3.775E-01	2.874E-01	8.150E-02	3.746E-01	0.040	5.753E+00
9bk5A	1mzf-assembly1_A	3.647E-01	3.419E-01	1.098E-01	3.211E-01	0.040	4.453E+00
9bk5A	3jvv-assembly1_C-2	3.615E-01	2.813E-01	8.731E-02	3.615E-01	0.040	5.062E+00
9bk5A	2y65-assembly3_D	3.904E-01	3.486E-01	1.207E-01	3.584E-01	0.040	6.134E+00
9bk5A	5mrf-assembly1_CC	4.493E-01	3.333E-01	9.030E-02	3.298E-01	0.040	6.539E+00
9bk5A	5sb8-assembly1_F	3.514E-01	2.987E-01	1.102E-01	3.175E-01	0.040	3.675E+00
9bk5A	5vqf-assembly2_C	2.565E-01	2.542E-01	8.901E-02	2.895E-01	0.040	1.500E+00
9bk5A	8asn-assembly1_G	3.722E-01	3.188E-01	1.101E-01	3.750E-01	0.040	6.134E+00
9bk5A	6v7l-assembly1_A	3.513E-01	2.403E-01	6.550E-02	3.394E-01	0.040	4.748E+00
9bk5A	7e4z-assembly1_F	3.813E-01	3.228E-01	1.044E-01	3.520E-01	0.040	5.753E+00
9bk5A	7emj-assembly1_F	3.092E-01	2.726E-01	9.324E-02	3.426E-01	0.040	3.447E+00
9bk5A	6cgr-assembly1_5	3.852E-01	2.901E-01	9.136E-02	3.489E-01	0.040	5.753E+00
9bk5A	4k3l-assembly1_A	3.612E-01	3.468E-01	1.025E-01	3.499E-01	0.040	5.062E+00
9bk5A	4k3p-assembly1_B	3.691E-01	3.540E-01	1.025E-01	3.564E-01	0.040	5.397E+00
9bk5A	3j15-assembly1_A	3.488E-01	2.639E-01	8.404E-02	2.909E-01	0.040	2.845E+00
9bk5A	5frq-assembly1_C	3.290E-01	3.160E-01	8.842E-02	3.205E-01	0.040	3.447E+00
9bk5A	6cib-assembly4_D	4.242E-01	3.347E-01	1.010E-01	3.956E-01	0.040	8.448E+00
9bk5A	6cib-assembly5_E	4.544E-01	3.100E-01	8.554E-02	3.434E-01	0.040	7.433E+00
9bk5A	8ciz-assembly1_B	3.354E-01	3.219E-01	8.750E-02	3.334E-01	0.040	3.675E+00
9bk5A	5frq-assembly1_B	3.303E-01	3.172E-01	8.722E-02	3.176E-01	0.040	3.033E+00
9bk5A	6fvl-assembly1_B	3.558E-01	3.409E-01	9.277E-02	3.705E-01	0.040	5.397E+00
9bk5A	5g4q-assembly2_A-3	3.567E-01	3.431E-01	1.010E-01	3.358E-01	0.040	4.748E+00
9bk5A	3smh-assembly2_F	3.143E-01	2.989E-01	7.459E-02	2.963E-01	0.040	2.348E+00
9bk5A	7azk-assembly2_C	3.765E-01	3.617E-01	1.019E-01	3.884E-01	0.040	6.134E+00
9bk5A	3orq-assembly1_B	4.845E-01	3.767E-01	1.101E-01	3.667E-01	0.040	9.602E+00
9bk5A	3s4x-assembly1_A	3.757E-01	1.858E-01	6.507E-02	2.437E-01	0.040	2.202E+00
9bk5A	6e9b-assembly4_D	2.593E-01	2.279E-01	7.466E-02	2.816E-01	0.040	1.407E+00
9bk5A	6fvm-assembly1_B	3.987E-01	3.827E-01	1.062E-01	3.884E-01	0.040	7.924E+00
9bk5A	5g4q-assembly2_B	3.582E-01	3.456E-01	1.051E-01	3.893E-01	0.040	6.539E+00
9bk5A	8ei7-assembly2_B	3.645E-01	2.913E-01	9.029E-02	3.577E-01	0.040	5.753E+00
9bk5A	2jes-assembly1_Y	3.835E-01	3.179E-01	8.659E-02	3.827E-01	0.040	6.539E+00
9bk5A	6ptr-assembly1_B	3.372E-01	3.233E-01	8.569E-02	3.297E-01	0.040	3.675E+00
9bk5A	5fxt-assembly1_A	3.447E-01	3.324E-01	9.842E-02	3.773E-01	0.040	5.397E+00
9bk5A	7uu5-assembly1_B	4.608E-01	3.894E-01	1.070E-01	3.650E-01	0.040	9.007E+00
9bk5A	6jjk-assembly1_C	5.004E-01	2.121E-01	5.105E-02	2.406E-01	0.040	4.177E+00
9bk5A	3pv2-assembly1_D	5.314E-01	2.309E-01	5.417E-02	2.708E-01	0.040	6.539E+00
9bk5A	3mh6-assembly1_A	5.068E-01	2.253E-01	5.173E-02	2.644E-01	0.040	5.753E+00
9bk5A	3pv3-assembly1_A	4.948E-01	2.414E-01	5.581E-02	2.675E-01	0.040	5.753E+00
9bk5A	3pv5-assembly1_A-3	4.991E-01	2.119E-01	4.967E-02	2.457E-01	0.040	4.453E+00
9bk5A	5cae-assembly1_B	4.459E-01	4.359E-01	1.177E-01	3.811E-01	0.040	8.448E+00
9bk5A	8ffv-assembly1_D	3.413E-01	2.761E-01	8.867E-02	3.658E-01	0.040	4.748E+00
9bk5A	3oqc-assembly2_B	3.892E-01	3.787E-01	9.662E-02	3.311E-01	0.040	5.062E+00
9bk5A	1j4b-assembly1_A	3.421E-01	2.778E-01	7.873E-02	3.381E-01	0.040	4.453E+00
9bk5A	8t9w-assembly2_B	3.114E-01	2.407E-01	6.008E-02	2.636E-01	0.040	2.065E+00
9bk5A	3qtd-assembly2_B	3.784E-01	3.046E-01	7.235E-02	3.373E-01	0.040	5.062E+00
9bk5A	5nja-assembly2_D	3.595E-01	2.895E-01	6.591E-02	3.432E-01	0.040	4.453E+00
9bk5A	8u18-assembly1_B	5.830E-01	2.267E-01	4.494E-02	2.678E-01	0.040	7.924E+00
9bk5A	4dys-assembly1_C	3.200E-01	2.768E-01	7.274E-02	3.157E-01	0.040	3.033E+00
9bk5A	4ezh-assembly1_A	3.340E-01	2.977E-01	8.514E-02	3.141E-01	0.040	3.447E+00
9bk5A	6h4i-assembly1_A	5.255E-01	2.717E-01	4.938E-02	2.932E-01	0.040	6.972E+00
9bk5A	8fbz-assembly1_A	3.357E-01	2.688E-01	7.555E-02	3.423E-01	0.040	4.177E+00
9bk5A	6e8e-assembly1_A	3.743E-01	3.593E-01	8.231E-02	3.710E-01	0.040	5.753E+00
9bk5A	4eme-assembly1_D	4.923E-01	2.321E-01	4.872E-02	2.972E-01	0.040	6.972E+00
9bk5A	3avr-assembly1_A	3.277E-01	2.859E-01	7.941E-02	3.171E-01	0.040	3.033E+00
9bk5A	4eme-assembly1_A	3.238E-01	2.685E-01	7.491E-02	3.283E-01	0.040	3.447E+00
9bk5A	4ber-assembly2_B	4.272E-01	4.081E-01	1.041E-01	3.910E-01	0.040	8.448E+00
9bk5A	5jh9-assembly1_D	3.107E-01	2.648E-01	7.081E-02	3.098E-01	0.040	2.845E+00
9bk5A	8h67-assembly1_L	3.105E-01	2.437E-01	6.725E-02	3.372E-01	0.040	3.233E+00
9bk5A	8i0a-assembly1_A	3.358E-01	2.623E-01	5.492E-02	2.645E-01	0.040	2.202E+00
9bk5A	6ozw-assembly1_A	3.096E-01	2.362E-01	5.179E-02	2.943E-01	0.040	2.668E+00
9bk5A	7zts-assembly1_AV	3.930E-01	3.485E-01	8.601E-02	3.702E-01	0.040	6.972E+00
9bk5A	8qa6-assembly1_A	2.758E-01	2.642E-01	5.895E-02	2.896E-01	0.040	1.599E+00
9bk5A	1mw9-assembly1_X	3.509E-01	2.789E-01	5.908E-02	2.922E-01	0.040	3.447E+00
9bk5A	3pwt-assembly1_A	3.494E-01	2.780E-01	5.844E-02	2.901E-01	0.040	2.845E+00
9bk5A	7lnp-assembly2_C	5.308E-01	2.497E-01	4.178E-02	2.682E-01	0.040	6.134E+00
9bk5A	6hhx-assembly1_A	3.070E-01	2.819E-01	6.182E-02	3.952E-01	0.040	4.748E+00
9bk5A	1l0w-assembly1_B	3.122E-01	2.875E-01	6.136E-02	3.732E-01	0.040	4.453E+00
9bk5A	6uwi-assembly1_I	2.330E-01	2.233E-01	4.272E-02	2.915E-01	0.040	1.238E+00
9bk5A	6uwi-assembly1_A	2.325E-01	2.243E-01	4.119E-02	2.724E-01	0.040	9.580E-01
9bk5A	6uwi-assembly2_d	2.326E-01	2.243E-01	4.114E-02	2.719E-01	0.040	9.580E-01
9bk5A	6uwi-assembly1_E	2.325E-01	2.242E-01	4.108E-02	2.719E-01	0.040	9.580E-01
9bk5A	6uwi-assembly2_g	2.330E-01	2.233E-01	4.240E-02	2.927E-01	0.040	1.161E+00
9bk5A	6svq-assembly1_A	4.190E-01	3.762E-01	7.421E-02	3.810E-01	0.040	7.924E+00
9bk5A	6r4e-assembly1_A	3.263E-01	3.158E-01	7.557E-02	3.598E-01	0.040	3.918E+00
9bk5A	2fgh-assembly1_A	3.490E-01	2.926E-01	4.481E-02	3.283E-01	0.040	3.918E+00
9bk5A	8k1a-assembly1_C	2.940E-01	2.352E-01	4.132E-02	2.471E-01	0.040	1.407E+00
9bk5A	6v1v-assembly1_C	2.407E-01	1.864E-01	3.058E-02	2.646E-01	0.040	8.428E-01
9bk5A	5vyw-assembly1_C	3.678E-01	2.618E-01	3.383E-02	2.999E-01	0.040	3.675E+00
9bk5A	8a19-assembly1_A	4.704E-01	3.379E-01	2.501E-02	3.269E-01	0.040	7.433E+00
9bk5A	7xi6-assembly1_A	3.550E-01	2.341E-01	3.064E-01	2.875E-01	0.034	3.675E+00
9bk5A	3zqm-assembly1_C	3.370E-01	2.597E-01	3.194E-01	3.767E-01	0.034	6.539E+00
9bk5A	6w6k-assembly1_F	4.291E-01	2.884E-01	3.507E-01	3.220E-01	0.034	6.972E+00
9bk5A	1hyw-assembly1_A	3.986E-01	2.843E-01	3.502E-01	3.905E-01	0.034	8.448E+00
9bk5A	4njc-assembly1_A	3.292E-01	2.466E-01	2.857E-01	3.360E-01	0.034	4.453E+00
9bk5A	3o27-assembly1_A	3.765E-01	2.362E-01	2.969E-01	2.929E-01	0.034	4.453E+00
9bk5A	7veb-assembly1_Y	4.415E-01	3.256E-01	3.869E-01	3.294E-01	0.034	7.924E+00
9bk5A	8y9c-assembly1_A	3.935E-01	3.031E-01	3.457E-01	4.217E-01	0.034	9.602E+00
9bk5A	8xow-assembly1_w	3.987E-01	2.873E-01	3.224E-01	3.794E-01	0.034	7.924E+00
9bk5A	8d9z-assembly1_D	6.095E-01	2.499E-01	2.829E-01	2.823E-01	0.034	9.602E+00
9bk5A	5in1-assembly1_B	4.215E-01	2.448E-01	2.646E-01	3.336E-01	0.034	7.433E+00
9bk5A	3zqn-assembly1_I	3.247E-01	2.485E-01	2.637E-01	3.793E-01	0.034	6.134E+00
9bk5A	3rmp-assembly1_C	4.547E-01	2.126E-01	2.184E-01	3.189E-01	0.034	7.924E+00
9bk5A	8f2u-assembly1_F	4.922E-01	2.888E-01	2.917E-01	3.200E-01	0.034	9.602E+00
9bk5A	4iaj-assembly1_B	3.279E-01	2.081E-01	2.099E-01	2.669E-01	0.034	2.503E+00
9bk5A	1t4a-assembly1_A	3.972E-01	2.962E-01	2.915E-01	3.840E-01	0.034	9.007E+00
9bk5A	1opd-assembly1_A	4.007E-01	3.451E-01	3.261E-01	3.854E-01	0.034	9.007E+00
9bk5A	7dvh-assembly4_C	2.927E-01	2.419E-01	2.255E-01	3.037E-01	0.034	3.033E+00
9bk5A	3jtp-assembly1_A	3.091E-01	2.562E-01	2.290E-01	3.489E-01	0.034	4.748E+00
9bk5A	2x5h-assembly2_B	3.057E-01	2.476E-01	2.156E-01	3.071E-01	0.034	3.233E+00
9bk5A	7y8h-assembly2_B	5.090E-01	2.050E-01	1.759E-01	3.008E-01	0.034	7.924E+00
9bk5A	6b8w-assembly1_B	2.332E-01	1.960E-01	1.672E-01	2.975E-01	0.034	1.599E+00
9bk5A	7wim-assembly2_F	3.789E-01	2.668E-01	2.311E-01	3.142E-01	0.034	5.062E+00
9bk5A	3lwc-assembly1_A-2	2.415E-01	1.874E-01	1.546E-01	2.993E-01	0.034	1.817E+00
9bk5A	8fkz-assembly1_LE	4.180E-01	2.670E-01	2.033E-01	3.369E-01	0.034	6.972E+00
9bk5A	5x8r-assembly1_y	4.006E-01	3.075E-01	2.489E-01	3.742E-01	0.034	8.448E+00
9bk5A	4ot1-assembly1_A	3.944E-01	2.709E-01	1.910E-01	3.477E-01	0.034	6.972E+00
9bk5A	7uqb-assembly1_T	4.216E-01	2.713E-01	1.945E-01	2.924E-01	0.034	6.134E+00
9bk5A	6eci-assembly9_Q	4.735E-01	2.681E-01	1.997E-01	3.231E-01	0.034	7.924E+00
9bk5A	7oht-assembly1_T	4.097E-01	2.578E-01	1.832E-01	3.330E-01	0.034	6.539E+00
9bk5A	3x29-assembly2_D	3.950E-01	2.658E-01	1.910E-01	3.019E-01	0.034	5.062E+00
9bk5A	1i8l-assembly2_D	2.819E-01	2.134E-01	1.564E-01	2.877E-01	0.034	2.503E+00
9bk5A	6eci-assembly8_O	4.829E-01	2.673E-01	1.935E-01	3.270E-01	0.034	9.007E+00
9bk5A	5tph-assembly1_A	5.094E-01	2.713E-01	1.815E-01	3.220E-01	0.034	9.602E+00
9bk5A	9hac-assembly2_D	3.768E-01	2.936E-01	2.058E-01	3.470E-01	0.034	6.134E+00
9bk5A	3cxg-assembly2_B	3.874E-01	2.879E-01	2.030E-01	3.326E-01	0.034	6.539E+00
9bk5A	2q3l-assembly2_B	4.340E-01	2.709E-01	1.871E-01	3.824E-01	0.034	9.007E+00
9bk5A	8u5b-assembly1_B	3.316E-01	2.113E-01	1.425E-01	2.443E-01	0.034	2.503E+00
9bk5A	8fl0-assembly1_LE	4.158E-01	2.589E-01	1.759E-01	3.162E-01	0.034	6.972E+00
9bk5A	1gk8-assembly1_O-2	3.903E-01	3.127E-01	2.171E-01	3.494E-01	0.034	6.972E+00
9bk5A	5ld9-assembly1_B	4.089E-01	2.881E-01	1.999E-01	3.786E-01	0.034	8.448E+00
9bk5A	3fkh-assembly3_F	3.674E-01	2.498E-01	1.767E-01	2.781E-01	0.034	4.177E+00
9bk5A	2z3i-assembly1_D	2.687E-01	2.459E-01	1.880E-01	3.734E-01	0.034	3.447E+00
9bk5A	4ang-assembly1_A	3.470E-01	2.330E-01	1.630E-01	2.756E-01	0.034	3.233E+00
9bk5A	5el4-assembly1_71	4.079E-01	3.876E-01	2.769E-01	3.553E-01	0.034	7.924E+00
9bk5A	6rfg-assembly2_C	4.928E-01	2.999E-01	1.960E-01	3.434E-01	0.034	9.602E+00
9bk5A	3zqq-assembly1_C	3.629E-01	2.648E-01	1.764E-01	3.632E-01	0.034	6.539E+00
9bk5A	3rg1-assembly1_D	4.755E-01	2.449E-01	1.545E-01	2.913E-01	0.034	6.539E+00
9bk5A	7w52-assembly3_F	2.879E-01	2.432E-01	1.649E-01	3.235E-01	0.034	3.447E+00
9bk5A	9jxc-assembly2_C	3.181E-01	2.530E-01	1.620E-01	3.582E-01	0.034	4.748E+00
9bk5A	5oya-assembly2_N-3	4.394E-01	3.719E-01	2.480E-01	3.758E-01	0.034	9.602E+00
9bk5A	3tjz-assembly2_F	3.722E-01	2.830E-01	1.778E-01	3.926E-01	0.034	8.448E+00
9bk5A	5dn5-assembly3_C	4.509E-01	2.696E-01	1.601E-01	3.483E-01	0.034	9.602E+00
9bk5A	8wgh-assembly1_D	3.460E-01	2.893E-01	1.934E-01	3.299E-01	0.034	4.748E+00
9bk5A	4zu4-assembly1_B	2.788E-01	2.691E-01	1.598E-01	3.245E-01	0.034	3.233E+00
9bk5A	7bgi-assembly1_D	3.824E-01	3.246E-01	2.115E-01	3.117E-01	0.034	5.753E+00
9bk5A	2qsd-assembly3_D	4.033E-01	2.366E-01	1.498E-01	2.999E-01	0.034	5.397E+00
9bk5A	2xon-assembly1_A	3.212E-01	2.561E-01	1.734E-01	2.899E-01	0.034	3.033E+00
9bk5A	4l9c-assembly1_A	3.983E-01	2.588E-01	1.580E-01	3.316E-01	0.034	6.134E+00
9bk5A	6myd-assembly2_C	3.143E-01	2.597E-01	1.692E-01	3.227E-01	0.034	3.675E+00
9bk5A	7sfp-assembly1_A	4.742E-01	2.756E-01	1.576E-01	2.713E-01	0.034	6.134E+00
9bk5A	7zhe-assembly1_A	2.636E-01	2.545E-01	1.560E-01	2.555E-01	0.034	1.500E+00
9bk5A	2lxx-assembly1_A	3.280E-01	2.628E-01	1.602E-01	3.476E-01	0.034	5.062E+00
9bk5A	3kop-assembly1_D	4.090E-01	2.563E-01	1.404E-01	2.717E-01	0.034	4.748E+00
9bk5A	3ggl-assembly1_A	3.934E-01	2.906E-01	1.647E-01	3.188E-01	0.034	6.134E+00
9bk5A	3loi-assembly1_A	3.908E-01	2.813E-01	1.619E-01	2.878E-01	0.034	5.062E+00
9bk5A	2ph0-assembly1_A	4.772E-01	2.821E-01	1.589E-01	3.145E-01	0.034	8.448E+00
9bk5A	7qfu-assembly1_A	3.579E-01	2.295E-01	1.409E-01	3.409E-01	0.034	5.753E+00
9bk5A	6hxv-assembly1_A	3.135E-01	2.665E-01	1.310E-01	3.262E-01	0.034	4.177E+00
9bk5A	3l0x-assembly1_A	3.257E-01	2.666E-01	1.518E-01	3.124E-01	0.034	3.675E+00
9bk5A	2bt8-assembly1_A	3.344E-01	2.953E-01	1.523E-01	2.683E-01	0.034	2.845E+00
9bk5A	4kek-assembly1_A	5.277E-01	2.302E-01	1.174E-01	3.185E-01	0.034	9.602E+00
9bk5A	6gff-assembly1_A	2.498E-01	2.480E-01	1.687E-01	3.281E-01	0.034	2.202E+00
9bk5A	8vs5-assembly1_A	3.631E-01	2.769E-01	1.391E-01	3.810E-01	0.034	7.433E+00
9bk5A	3im7-assembly1_A	5.249E-01	2.310E-01	1.149E-01	3.124E-01	0.034	9.602E+00
9bk5A	1s7h-assembly2_C	3.084E-01	2.764E-01	1.438E-01	3.767E-01	0.034	4.748E+00
9bk5A	1w2k-assembly1_T	4.204E-01	2.204E-01	1.050E-01	2.363E-01	0.034	3.675E+00
9bk5A	1xe8-assembly2_C-2	3.501E-01	2.302E-01	1.142E-01	2.535E-01	0.034	3.033E+00
9bk5A	5hm9-assembly1_A	4.449E-01	2.409E-01	1.156E-01	2.630E-01	0.034	5.397E+00
9bk5A	6ex3-assembly2_D	3.687E-01	2.426E-01	1.190E-01	3.143E-01	0.034	5.062E+00
9bk5A	1uer-assembly1_B	3.159E-01	2.108E-01	1.080E-01	3.005E-01	0.034	3.233E+00
9bk5A	1isc-assembly1_B	3.552E-01	2.173E-01	1.119E-01	3.072E-01	0.034	4.748E+00
9bk5A	6ex3-assembly1_C	3.600E-01	2.437E-01	1.211E-01	3.170E-01	0.034	4.748E+00
9bk5A	5h5t-assembly1_D	3.433E-01	2.515E-01	1.297E-01	3.080E-01	0.034	4.453E+00
9bk5A	6p67-assembly3_I	5.547E-01	2.700E-01	1.250E-01	3.017E-01	0.034	9.602E+00
9bk5A	6elk-assembly1_A	3.142E-01	2.580E-01	1.360E-01	3.308E-01	0.034	4.177E+00
9bk5A	1nf3-assembly1_A	4.148E-01	3.148E-01	1.478E-01	3.267E-01	0.034	6.539E+00
9bk5A	2awp-assembly1_B	3.722E-01	2.478E-01	1.237E-01	3.227E-01	0.034	5.062E+00
9bk5A	8j0o-assembly1_H	4.140E-01	3.263E-01	1.571E-01	3.757E-01	0.034	8.448E+00
9bk5A	7opb-assembly3_C	5.239E-01	2.395E-01	1.123E-01	2.669E-01	0.034	6.972E+00
9bk5A	6qzn-assembly1_C	4.299E-01	2.678E-01	1.340E-01	3.189E-01	0.034	6.972E+00
9bk5A	2a03-assembly1_A	3.136E-01	2.113E-01	1.028E-01	3.052E-01	0.034	3.675E+00
9bk5A	6m30-assembly3_F	3.546E-01	2.894E-01	1.542E-01	3.677E-01	0.034	6.539E+00
9bk5A	6qv8-assembly1_B	3.568E-01	2.363E-01	1.202E-01	3.127E-01	0.034	4.748E+00
9bk5A	7wnl-assembly2_C	3.468E-01	2.904E-01	1.589E-01	3.795E-01	0.034	6.539E+00
9bk5A	7z3q-assembly1_D	4.545E-01	2.173E-01	9.657E-02	2.532E-01	0.034	5.397E+00
9bk5A	5opt-assembly1_m	3.675E-01	3.254E-01	1.597E-01	3.126E-01	0.034	5.062E+00
9bk5A	6z0x-assembly3_C	3.643E-01	2.116E-01	9.656E-02	3.051E-01	0.034	4.453E+00
9bk5A	4jyy-assembly1_A	2.878E-01	2.283E-01	1.233E-01	3.435E-01	0.034	3.447E+00
9bk5A	8bhx-assembly1_A	3.051E-01	2.524E-01	1.464E-01	3.673E-01	0.034	4.748E+00
9bk5A	6z0x-assembly1_A-4	3.603E-01	1.918E-01	8.885E-02	2.781E-01	0.034	3.447E+00
9bk5A	1ci0-assembly1_B	3.610E-01	2.318E-01	1.131E-01	2.714E-01	0.034	3.675E+00
9bk5A	6h00-assembly1_A-2	3.884E-01	2.198E-01	1.078E-01	2.615E-01	0.034	3.675E+00
9bk5A	4v6i-assembly1_AB	4.216E-01	2.632E-01	1.257E-01	2.586E-01	0.034	4.453E+00
9bk5A	6xi5-assembly1_B	2.955E-01	2.901E-01	1.424E-01	3.313E-01	0.034	3.447E+00
9bk5A	6gsc-assembly1_A	4.386E-01	2.354E-01	1.137E-01	3.167E-01	0.034	6.539E+00
9bk5A	8a0v-assembly3_C	4.020E-01	2.988E-01	1.290E-01	3.505E-01	0.034	7.433E+00
9bk5A	6uyc-assembly1_A	4.072E-01	2.978E-01	1.324E-01	3.362E-01	0.034	7.433E+00
9bk5A	9brq-assembly1_7	3.018E-01	2.429E-01	1.071E-01	3.573E-01	0.034	4.748E+00
9bk5A	1m2x-assembly3_C	3.762E-01	2.486E-01	1.067E-01	3.278E-01	0.034	6.134E+00
9bk5A	7dwm-assembly1_A	4.972E-01	3.658E-01	1.468E-01	3.288E-01	0.034	9.007E+00
9bk5A	3sr2-assembly3_D	4.594E-01	2.778E-01	1.147E-01	2.860E-01	0.034	6.539E+00
9bk5A	5m5q-assembly1_A	3.702E-01	3.052E-01	1.338E-01	3.995E-01	0.034	7.924E+00
9bk5A	5gn0-assembly4_D	3.799E-01	2.727E-01	1.137E-01	3.220E-01	0.034	5.397E+00
9bk5A	2qm4-assembly2_D	4.262E-01	2.738E-01	1.109E-01	2.932E-01	0.034	6.134E+00
9bk5A	1yln-assembly1_A-2	4.020E-01	2.577E-01	1.122E-01	2.484E-01	0.034	3.447E+00
9bk5A	3rwr-assembly1_H	4.434E-01	2.784E-01	1.114E-01	2.837E-01	0.034	6.134E+00
9bk5A	7naq-assembly1_B	3.660E-01	2.740E-01	1.263E-01	3.653E-01	0.034	6.539E+00
9bk5A	6tek-assembly1_B	4.376E-01	3.503E-01	1.498E-01	3.332E-01	0.034	8.448E+00
9bk5A	1vf7-assembly1_M	2.452E-01	2.257E-01	1.107E-01	3.213E-01	0.034	2.065E+00
9bk5A	7jzt-assembly2_C	2.876E-01	2.411E-01	1.105E-01	3.154E-01	0.034	3.033E+00
9bk5A	8any-assembly1_e	4.578E-01	2.360E-01	9.050E-02	3.135E-01	0.034	7.433E+00
9bk5A	2kin-assembly1_A	3.529E-01	3.193E-01	1.560E-01	3.505E-01	0.034	6.134E+00
9bk5A	8oiq-assembly1_Bv	3.516E-01	1.926E-01	7.967E-02	2.355E-01	0.034	2.668E+00
9bk5A	5him-assembly1_A	3.001E-01	2.312E-01	9.586E-02	2.420E-01	0.034	1.817E+00
9bk5A	8cap-assembly2_B	2.692E-01	2.047E-01	8.716E-02	2.490E-01	0.034	1.319E+00
9bk5A	5cw4-assembly1_A	3.883E-01	3.263E-01	1.227E-01	3.674E-01	0.034	6.972E+00
9bk5A	2hik-assembly1_A	3.568E-01	3.431E-01	1.427E-01	3.940E-01	0.034	7.433E+00
9bk5A	1t6l-assembly1_A-2	3.231E-01	3.126E-01	1.346E-01	3.468E-01	0.034	4.453E+00
9bk5A	5l4g-assembly1_P	3.413E-01	2.873E-01	1.263E-01	3.605E-01	0.034	5.753E+00
9bk5A	8wi9-assembly1_w	3.243E-01	2.646E-01	1.091E-01	3.403E-01	0.034	4.177E+00
9bk5A	2c39-assembly4_W	3.174E-01	1.819E-01	6.127E-02	2.855E-01	0.034	2.845E+00
9bk5A	6ywy-assembly1_44	4.291E-01	2.568E-01	9.065E-02	3.271E-01	0.034	6.972E+00
9bk5A	3e4f-assembly1_B	2.381E-01	2.339E-01	9.906E-02	3.407E-01	0.034	2.202E+00
9bk5A	6mmz-assembly3_E	2.896E-01	2.869E-01	1.179E-01	3.314E-01	0.034	3.033E+00
9bk5A	6j8y-assembly1_B	3.509E-01	3.380E-01	1.300E-01	3.437E-01	0.034	5.753E+00
9bk5A	2el1-assembly1_B	4.195E-01	3.743E-01	1.558E-01	3.639E-01	0.034	7.924E+00
9bk5A	2ele-assembly1_B	4.054E-01	3.363E-01	1.399E-01	3.216E-01	0.034	6.134E+00
9bk5A	6bbz-assembly1_A	2.545E-01	2.491E-01	9.889E-02	3.042E-01	0.034	2.065E+00
9bk5A	6np2-assembly1_A	2.558E-01	2.503E-01	9.983E-02	3.415E-01	0.034	2.668E+00
9bk5A	1ywh-assembly2_A	4.450E-01	3.056E-01	1.067E-01	3.272E-01	0.034	7.433E+00
9bk5A	7tn5-assembly1_A-2	2.661E-01	2.278E-01	8.236E-02	3.424E-01	0.034	3.233E+00
9bk5A	5yly-assembly2_B	4.090E-01	3.185E-01	1.199E-01	3.131E-01	0.034	6.134E+00
9bk5A	6wxu-assembly1_D	3.946E-01	2.056E-01	7.012E-02	2.621E-01	0.034	3.675E+00
9bk5A	7z6h-assembly1_C	3.949E-01	2.399E-01	7.858E-02	2.967E-01	0.034	5.397E+00
9bk5A	8apo-assembly1_Bc	4.068E-01	3.585E-01	1.319E-01	3.489E-01	0.034	7.433E+00
9bk5A	6i56-assembly1_A	2.865E-01	2.163E-01	7.733E-02	2.980E-01	0.034	2.348E+00
9bk5A	7ay0-assembly2_D	4.074E-01	2.386E-01	7.523E-02	3.050E-01	0.034	5.753E+00
9bk5A	8apn-assembly1_Bc	4.066E-01	3.572E-01	1.276E-01	3.486E-01	0.034	7.433E+00
9bk5A	6lgn-assembly1_e	3.951E-01	3.257E-01	9.777E-02	3.302E-01	0.034	6.539E+00
9bk5A	8fs5-assembly1_G	3.433E-01	2.285E-01	8.279E-02	2.890E-01	0.034	3.675E+00
9bk5A	5c1o-assembly2_D	4.028E-01	3.668E-01	1.440E-01	4.101E-01	0.034	9.602E+00
9bk5A	8vsc-assembly1_A	2.258E-01	1.859E-01	7.561E-02	2.623E-01	0.034	1.089E+00
9bk5A	7ay0-assembly1_B	4.241E-01	2.422E-01	7.320E-02	3.364E-01	0.034	7.924E+00
9bk5A	8yh9-assembly1_G	3.326E-01	2.969E-01	1.099E-01	3.143E-01	0.034	3.918E+00
9bk5A	7dro-assembly2_C	4.191E-01	3.270E-01	1.211E-01	3.792E-01	0.034	9.602E+00
9bk5A	5lak-assembly2_C	5.219E-01	2.333E-01	7.382E-02	3.229E-01	0.034	9.602E+00
9bk5A	6bjd-assembly2_B	3.338E-01	3.236E-01	9.961E-02	3.402E-01	0.034	4.748E+00
9bk5A	4ixm-assembly1_A	3.417E-01	3.305E-01	1.143E-01	3.329E-01	0.034	4.453E+00
9bk5A	8sfg-assembly2_D	3.781E-01	2.922E-01	1.008E-01	3.227E-01	0.034	5.397E+00
9bk5A	2v4d-assembly1_E	2.839E-01	2.596E-01	9.028E-02	3.090E-01	0.034	2.503E+00
9bk5A	4b7b-assembly1_A	3.909E-01	3.534E-01	1.290E-01	3.895E-01	0.034	9.007E+00
9bk5A	5vqf-assembly2_D	2.478E-01	2.440E-01	9.174E-02	2.905E-01	0.034	1.705E+00
9bk5A	6w2e-assembly1_h	4.039E-01	3.462E-01	1.043E-01	3.902E-01	0.034	8.448E+00
9bk5A	5jh7-assembly1_F	3.036E-01	2.573E-01	9.717E-02	3.189E-01	0.034	3.233E+00
9bk5A	5jwp-assembly1_A	3.652E-01	3.430E-01	1.100E-01	3.246E-01	0.034	5.753E+00
9bk5A	2y65-assembly3_C	3.946E-01	3.510E-01	1.207E-01	3.675E-01	0.034	7.433E+00
9bk5A	2cau-assembly1_A	3.468E-01	2.397E-01	6.588E-02	3.392E-01	0.034	5.397E+00
9bk5A	6bwy-assembly4_E	3.117E-01	2.614E-01	8.704E-02	3.078E-01	0.034	3.447E+00
9bk5A	5nfz-assembly1_F	3.603E-01	3.184E-01	1.082E-01	3.431E-01	0.034	5.753E+00
9bk5A	4o4h-assembly1_F	3.657E-01	3.177E-01	1.092E-01	3.177E-01	0.034	4.748E+00
9bk5A	6fii-assembly1_F	3.141E-01	2.834E-01	1.041E-01	3.428E-01	0.034	4.453E+00
9bk5A	5s4p-assembly1_F	3.167E-01	2.787E-01	1.032E-01	3.501E-01	0.034	4.748E+00
9bk5A	5la6-assembly1_F	3.648E-01	3.298E-01	1.072E-01	3.491E-01	0.034	6.539E+00
9bk5A	6aw3-assembly1_B	4.581E-01	3.195E-01	9.445E-02	3.595E-01	0.034	9.602E+00
9bk5A	6v7j-assembly1_A	4.107E-01	2.703E-01	7.023E-02	3.483E-01	0.034	7.433E+00
9bk5A	1goj-assembly1_A	2.831E-01	2.534E-01	9.678E-02	3.415E-01	0.034	3.233E+00
9bk5A	1kt0-assembly1_A	2.930E-01	2.856E-01	1.021E-01	3.276E-01	0.034	3.447E+00
9bk5A	4ovf-assembly1_A	3.326E-01	3.192E-01	8.935E-02	3.352E-01	0.034	5.062E+00
9bk5A	6cib-assembly1_A	4.448E-01	3.137E-01	8.605E-02	3.302E-01	0.034	8.448E+00
9bk5A	7aze-assembly1_B	3.417E-01	3.276E-01	9.090E-02	3.505E-01	0.034	5.397E+00
9bk5A	6cib-assembly2_B	4.534E-01	3.096E-01	8.450E-02	3.422E-01	0.034	9.007E+00
9bk5A	2xur-assembly1_B	3.682E-01	3.536E-01	9.997E-02	3.462E-01	0.034	6.134E+00
9bk5A	6fvl-assembly2_D	3.767E-01	3.618E-01	1.007E-01	3.920E-01	0.034	7.924E+00
9bk5A	6c07-assembly1_D	2.481E-01	2.150E-01	7.391E-02	3.791E-01	0.034	3.447E+00
9bk5A	3t0p-assembly1_B	3.278E-01	3.161E-01	1.001E-01	3.545E-01	0.034	5.062E+00
9bk5A	6pth-assembly1_A-2	3.720E-01	3.562E-01	9.489E-02	3.735E-01	0.034	6.972E+00
9bk5A	7ceb-assembly1_B	3.994E-01	2.676E-01	7.510E-02	2.835E-01	0.034	5.062E+00
9bk5A	6e9b-assembly3_C	2.953E-01	2.579E-01	8.243E-02	2.676E-01	0.034	1.937E+00
9bk5A	7u9g-assembly1_A	4.504E-01	2.263E-01	5.841E-02	3.247E-01	0.034	8.448E+00
9bk5A	6tmr-assembly1_A	4.482E-01	3.014E-01	7.100E-02	3.434E-01	0.034	9.007E+00
9bk5A	8ofd-assembly1_A	4.662E-01	3.130E-01	6.665E-02	3.464E-01	0.034	9.602E+00
9bk5A	4pln-assembly1_B	5.727E-01	2.875E-01	5.957E-02	2.971E-01	0.034	9.602E+00
9bk5A	8jb3-assembly1_A	3.214E-01	2.808E-01	6.883E-02	3.726E-01	0.034	5.062E+00
9bk5A	5b7b-assembly1_A	3.821E-01	3.104E-01	8.301E-02	3.630E-01	0.034	6.972E+00
9bk5A	8b74-assembly1_A	3.559E-01	2.714E-01	7.364E-02	3.068E-01	0.034	4.453E+00
9bk5A	5z24-assembly2_B	2.335E-01	2.267E-01	7.142E-02	3.132E-01	0.034	1.817E+00
9bk5A	6yxx-assembly1_E4	3.444E-01	3.119E-01	8.113E-02	3.220E-01	0.034	4.748E+00
9bk5A	4wk4-assembly1_B	4.119E-01	2.810E-01	6.652E-02	2.711E-01	0.034	5.062E+00
9bk5A	6j6a-assembly1_B	3.567E-01	2.440E-01	5.553E-02	3.358E-01	0.034	5.753E+00
9bk5A	5oy3-assembly1_A	3.302E-01	3.143E-01	8.781E-02	3.207E-01	0.034	3.918E+00
9bk5A	5b0o-assembly4_D	5.113E-01	2.650E-01	5.506E-02	2.925E-01	0.034	7.924E+00
9bk5A	6e8d-assembly1_C	3.492E-01	3.358E-01	8.098E-02	3.603E-01	0.034	5.753E+00
9bk5A	1fur-assembly1_B-2	4.530E-01	3.010E-01	6.355E-02	3.599E-01	0.034	9.602E+00
9bk5A	4ccm-assembly1_A-2	3.658E-01	2.901E-01	7.420E-02	3.151E-01	0.034	4.748E+00
9bk5A	4qfu-assembly3_C	3.570E-01	2.542E-01	6.243E-02	2.876E-01	0.034	3.675E+00
9bk5A	4qfu-assembly8_H	3.568E-01	2.540E-01	6.216E-02	2.884E-01	0.034	3.675E+00
9bk5A	3zdp-assembly3_C	3.456E-01	2.789E-01	7.036E-02	3.455E-01	0.034	5.397E+00
9bk5A	6e8d-assembly1_A	3.667E-01	3.527E-01	8.038E-02	3.748E-01	0.034	6.539E+00
9bk5A	4qfu-assembly6_F	3.441E-01	2.440E-01	5.791E-02	2.875E-01	0.034	3.447E+00
9bk5A	3zdp-assembly2_B	3.480E-01	2.801E-01	7.004E-02	3.486E-01	0.034	5.753E+00
9bk5A	4ber-assembly1_A	3.710E-01	3.552E-01	9.277E-02	3.804E-01	0.034	7.924E+00
9bk5A	6fuk-assembly1_A	3.237E-01	2.877E-01	8.006E-02	3.208E-01	0.034	3.675E+00
9bk5A	3fw8-assembly1_A	3.037E-01	2.830E-01	6.572E-02	3.428E-01	0.034	3.675E+00
9bk5A	5kdn-assembly1_A	2.329E-01	2.247E-01	5.273E-02	2.687E-01	0.034	1.319E+00
9bk5A	8uy2-assembly1_A	2.721E-01	2.605E-01	5.964E-02	3.166E-01	0.034	2.845E+00
9bk5A	1cy7-assembly1_A	3.487E-01	2.774E-01	5.833E-02	2.876E-01	0.034	3.447E+00
9bk5A	1cy8-assembly1_A	3.486E-01	2.777E-01	5.837E-02	2.909E-01	0.034	3.675E+00
9bk5A	7snk-assembly1_A	5.185E-01	2.481E-01	4.177E-02	2.639E-01	0.034	7.433E+00
9bk5A	6pwi-assembly2_B	3.818E-01	3.128E-01	6.327E-02	3.876E-01	0.034	8.448E+00
9bk5A	7kzi-assembly2_B	4.429E-01	3.495E-01	6.099E-02	3.418E-01	0.034	9.007E+00
9bk5A	5xfm-assembly2_B	3.647E-01	2.474E-01	4.183E-02	2.536E-01	0.034	2.845E+00
9bk5A	4in3-assembly1_D	2.680E-01	2.478E-01	5.822E-02	3.239E-01	0.034	2.503E+00
9bk5A	8hhe-assembly1_A	4.132E-01	2.989E-01	5.116E-02	3.184E-01	0.034	6.972E+00
9bk5A	6r4f-assembly1_B	4.346E-01	3.931E-01	7.658E-02	3.935E-01	0.034	9.602E+00
9bk5A	6svp-assembly1_B	3.165E-01	2.846E-01	6.593E-02	3.291E-01	0.034	3.675E+00
9bk5A	7ndl-assembly1_B	3.874E-01	3.511E-01	7.323E-02	3.682E-01	0.034	7.433E+00
9bk5A	3wfa-assembly1_A	4.395E-01	3.688E-01	5.139E-02	3.456E-01	0.034	7.924E+00
9bk5A	5svb-assembly1_B	2.742E-01	2.690E-01	6.601E-02	3.413E-01	0.034	3.447E+00
9bk5A	5m41-assembly1_A	3.069E-01	2.070E-01	4.627E-02	3.004E-01	0.034	2.845E+00
9bk5A	6v1v-assembly1_D	2.361E-01	1.862E-01	3.019E-02	2.744E-01	0.034	1.319E+00
9bk5A	8es4-assembly1_E	3.008E-01	2.488E-01	4.982E-02	3.221E-01	0.034	3.233E+00
9bk5A	7y1c-assembly1_Y	3.108E-01	2.305E-01	3.787E-02	3.197E-01	0.034	3.675E+00
9bk5A	7q62-assembly1_B	5.034E-01	2.741E-01	3.465E-02	3.346E-01	0.034	9.602E+00
9bk5A	7js4-assembly1_A	2.468E-01	2.314E-01	3.318E-02	2.871E-01	0.034	1.500E+00
9bk5A	6nps-assembly1_B	4.343E-01	2.584E-01	2.894E-02	2.768E-01	0.034	5.753E+00
9bk5A	3hbl-assembly1_D	3.596E-01	3.253E-01	3.998E-02	4.083E-01	0.034	7.433E+00
9bk5A	5vz0-assembly1_C	3.027E-01	2.666E-01	3.659E-02	3.939E-01	0.034	5.397E+00
9bk5A	2zxq-assembly1_A	4.574E-01	3.296E-01	2.748E-02	3.230E-01	0.034	7.433E+00
9bk5A	8a1a-assembly1_A	4.571E-01	3.292E-01	2.422E-02	3.214E-01	0.034	7.433E+00
9bk5A	3zqm-assembly1_H	3.276E-01	2.500E-01	3.104E-01	3.774E-01	0.029	6.972E+00
9bk5A	3zqo-assembly1_A	3.293E-01	2.332E-01	2.829E-01	3.786E-01	0.029	7.433E+00
9bk5A	8pw2-assembly1_A	3.242E-01	2.451E-01	2.903E-01	3.072E-01	0.029	4.453E+00
9bk5A	2l6r-assembly1_A	3.523E-01	2.376E-01	2.800E-01	3.665E-01	0.029	6.972E+00
9bk5A	9e7f-assembly1_Ae	4.097E-01	2.788E-01	3.197E-01	3.676E-01	0.029	9.007E+00
9bk5A	1xyi-assembly1_A	3.988E-01	2.280E-01	2.560E-01	3.397E-01	0.029	7.924E+00
9bk5A	2hh3-assembly1_A	2.854E-01	2.408E-01	2.605E-01	3.613E-01	0.029	4.748E+00
9bk5A	2l3c-assembly1_A	4.065E-01	2.757E-01	2.891E-01	3.371E-01	0.029	8.448E+00
9bk5A	6vd8-assembly1_B-2	3.237E-01	2.639E-01	2.639E-01	3.807E-01	0.029	7.433E+00
9bk5A	5j7k-assembly2_G	4.880E-01	1.894E-01	1.753E-01	2.548E-01	0.029	6.539E+00
9bk5A	7wim-assembly4_T	4.160E-01	2.910E-01	2.741E-01	3.091E-01	0.029	6.972E+00
9bk5A	4bg7-assembly1_B	4.632E-01	2.967E-01	2.664E-01	2.946E-01	0.029	8.448E+00
9bk5A	1y8x-assembly1_B	3.719E-01	3.219E-01	2.892E-01	3.705E-01	0.029	7.924E+00
9bk5A	5wi2-assembly2_B	2.975E-01	2.444E-01	2.153E-01	3.774E-01	0.029	6.134E+00
9bk5A	7eym-assembly1_B	2.640E-01	1.872E-01	1.657E-01	2.917E-01	0.029	2.348E+00
9bk5A	1wj6-assembly1_A	3.132E-01	2.495E-01	2.130E-01	3.423E-01	0.029	4.748E+00
9bk5A	7zod-assembly1_t	2.642E-01	2.326E-01	1.997E-01	3.098E-01	0.029	3.233E+00
9bk5A	2ptu-assembly1_A	2.200E-01	1.955E-01	1.653E-01	2.633E-01	0.029	1.161E+00
9bk5A	1xb9-assembly1_B	4.073E-01	3.002E-01	2.322E-01	3.462E-01	0.029	8.448E+00
9bk5A	2gpz-assembly1_A	5.175E-01	2.350E-01	1.759E-01	2.985E-01	0.029	9.602E+00
9bk5A	7dtd-assembly1_B	4.532E-01	2.278E-01	1.692E-01	3.122E-01	0.029	9.007E+00
9bk5A	4mz2-assembly1_A	4.532E-01	2.278E-01	1.692E-01	3.122E-01	0.029	9.007E+00
9bk5A	8fkt-assembly1_LE	4.555E-01	2.730E-01	1.968E-01	3.188E-01	0.029	9.602E+00
9bk5A	7p48-assembly1_N	4.981E-01	2.538E-01	1.791E-01	2.797E-01	0.029	7.924E+00
9bk5A	2r78-assembly1_A	4.042E-01	2.946E-01	2.231E-01	3.152E-01	0.029	6.972E+00
9bk5A	6wu9-assembly1_Q	5.095E-01	2.589E-01	1.816E-01	2.880E-01	0.029	9.007E+00
9bk5A	4it6-assembly1_B	3.189E-01	2.723E-01	2.111E-01	3.020E-01	0.029	3.918E+00
9bk5A	5e5m-assembly4_G	2.952E-01	2.248E-01	1.655E-01	2.846E-01	0.029	3.033E+00
9bk5A	5mmm-assembly1_y	4.171E-01	2.954E-01	2.243E-01	3.527E-01	0.029	9.007E+00
9bk5A	6gzz-assembly1_V4	3.743E-01	2.953E-01	2.207E-01	3.585E-01	0.029	7.433E+00
9bk5A	6eci-assembly4_H	4.158E-01	2.710E-01	1.966E-01	3.237E-01	0.029	8.448E+00
9bk5A	2k70-assembly1_A	2.347E-01	1.755E-01	1.269E-01	2.476E-01	0.029	1.161E+00
9bk5A	4mz3-assembly2_B	4.063E-01	2.353E-01	1.635E-01	2.866E-01	0.029	6.539E+00
9bk5A	1xbf-assembly1_C	2.146E-01	2.130E-01	1.615E-01	2.844E-01	0.029	1.319E+00
9bk5A	4mkv-assembly1_S	3.440E-01	3.069E-01	2.179E-01	3.236E-01	0.029	5.397E+00
9bk5A	6ylh-assembly1_T	4.449E-01	2.712E-01	1.804E-01	3.108E-01	0.029	8.448E+00
9bk5A	4aem-assembly1_A	3.108E-01	2.503E-01	1.836E-01	2.960E-01	0.029	4.177E+00
9bk5A	2z3g-assembly1_B	2.615E-01	2.356E-01	1.696E-01	3.654E-01	0.029	3.918E+00
9bk5A	1aq4-assembly1_C	4.242E-01	2.692E-01	1.793E-01	2.900E-01	0.029	6.972E+00
9bk5A	2bny-assembly1_C	4.270E-01	2.693E-01	1.827E-01	2.940E-01	0.029	7.433E+00
9bk5A	3zqq-assembly1_A	3.698E-01	2.503E-01	1.590E-01	3.654E-01	0.029	8.448E+00
9bk5A	6elt-assembly1_A	2.152E-01	2.081E-01	1.560E-01	2.980E-01	0.029	1.500E+00
9bk5A	6of9-assembly1_E	5.447E-01	2.011E-01	1.205E-01	2.722E-01	0.029	9.007E+00
9bk5A	4c8f-assembly1_D	3.363E-01	1.827E-01	1.183E-01	2.523E-01	0.029	3.447E+00
9bk5A	1uw9-assembly1_C	3.886E-01	3.076E-01	1.945E-01	3.459E-01	0.029	7.433E+00
9bk5A	7ew6-assembly1_D	3.777E-01	3.144E-01	2.041E-01	2.945E-01	0.029	5.397E+00
9bk5A	4c84-assembly1_A	3.520E-01	2.056E-01	1.241E-01	2.412E-01	0.029	2.845E+00
9bk5A	6anz-assembly1_A-2	4.558E-01	2.972E-01	1.847E-01	2.795E-01	0.029	6.972E+00
9bk5A	3lus-assembly1_A	2.903E-01	2.406E-01	1.550E-01	3.542E-01	0.029	4.453E+00
9bk5A	8jj5-assembly1_B	4.899E-01	2.437E-01	1.445E-01	2.866E-01	0.029	7.924E+00
9bk5A	2qsd-assembly1_A	4.059E-01	2.486E-01	1.566E-01	3.167E-01	0.029	6.972E+00
9bk5A	2qsd-assembly3_E	4.051E-01	2.374E-01	1.491E-01	3.005E-01	0.029	6.972E+00
9bk5A	2zex-assembly1_A	3.401E-01	2.599E-01	1.567E-01	3.518E-01	0.029	6.539E+00
9bk5A	6ed0-assembly1_A	3.184E-01	2.525E-01	1.566E-01	3.883E-01	0.029	7.433E+00
9bk5A	2mqb-assembly1_A	4.012E-01	3.024E-01	1.744E-01	3.588E-01	0.029	9.007E+00
9bk5A	6dzi-assembly1_p	2.495E-01	1.966E-01	1.232E-01	2.987E-01	0.029	2.503E+00
9bk5A	8ipb-assembly1_BA	4.093E-01	2.667E-01	1.444E-01	3.240E-01	0.029	8.448E+00
9bk5A	3pft-assembly1_A	5.273E-01	2.420E-01	1.266E-01	2.889E-01	0.029	9.602E+00
9bk5A	5yc1-assembly1_A	3.125E-01	2.428E-01	1.550E-01	3.112E-01	0.029	4.177E+00
9bk5A	8b6c-assembly1_T	4.008E-01	2.587E-01	1.398E-01	3.263E-01	0.029	7.924E+00
9bk5A	2kd7-assembly1_A	3.751E-01	3.091E-01	1.782E-01	3.215E-01	0.029	6.972E+00
9bk5A	6p7j-assembly1_A-2	2.590E-01	2.536E-01	1.666E-01	2.916E-01	0.029	2.503E+00
9bk5A	7r81-assembly1_V1	3.980E-01	2.653E-01	1.423E-01	3.224E-01	0.029	7.924E+00
9bk5A	2ekm-assembly1_C	2.297E-01	2.294E-01	1.347E-01	3.320E-01	0.029	2.202E+00
9bk5A	1f35-assembly1_A	3.685E-01	3.530E-01	1.902E-01	3.261E-01	0.029	6.972E+00
9bk5A	4bi4-assembly2_B	5.369E-01	3.011E-01	1.621E-01	2.806E-01	0.029	9.007E+00
9bk5A	6usm-assembly1_B	2.768E-01	2.520E-01	1.573E-01	3.318E-01	0.029	3.447E+00
9bk5A	7ypc-assembly1_C	2.973E-01	2.258E-01	1.388E-01	2.912E-01	0.029	3.447E+00
9bk5A	4v3e-assembly1_B	3.988E-01	2.115E-01	1.032E-01	2.719E-01	0.029	5.397E+00
9bk5A	7dm9-assembly1_A	2.865E-01	2.711E-01	1.524E-01	3.187E-01	0.029	3.918E+00
9bk5A	4v3d-assembly2_B	4.001E-01	2.118E-01	1.028E-01	2.522E-01	0.029	4.453E+00
9bk5A	7oxr-assembly1_A	2.429E-01	1.858E-01	1.065E-01	2.379E-01	0.029	1.161E+00
9bk5A	3rwo-assembly1_B	4.146E-01	3.354E-01	1.710E-01	3.427E-01	0.029	8.448E+00
9bk5A	3zjb-assembly1_A	3.203E-01	2.394E-01	1.413E-01	3.005E-01	0.029	4.453E+00
9bk5A	6nir-assembly1_D	5.065E-01	2.477E-01	1.263E-01	2.621E-01	0.029	7.924E+00
9bk5A	6uja-assembly1_D	2.264E-01	2.212E-01	1.354E-01	2.778E-01	0.029	1.407E+00
9bk5A	6z1p-assembly1_Bq	5.121E-01	1.934E-01	9.169E-02	2.605E-01	0.029	8.448E+00
9bk5A	8gtd-assembly1_M	3.494E-01	2.582E-01	1.416E-01	3.481E-01	0.029	6.134E+00
9bk5A	8k4l-assembly1_B	3.692E-01	2.980E-01	1.604E-01	3.600E-01	0.029	8.448E+00
9bk5A	2nyt-assembly1_D	5.219E-01	2.359E-01	1.125E-01	2.804E-01	0.029	9.007E+00
9bk5A	8j62-assembly1_B	2.628E-01	2.141E-01	1.301E-01	2.982E-01	0.029	2.503E+00
9bk5A	4heb-assembly1_A	3.279E-01	3.001E-01	1.628E-01	3.426E-01	0.029	6.134E+00
9bk5A	4j4j-assembly1_A	4.980E-01	2.831E-01	1.427E-01	2.752E-01	0.029	8.448E+00
9bk5A	5xv4-assembly7_M	3.169E-01	2.910E-01	1.591E-01	3.629E-01	0.029	6.134E+00
9bk5A	3v4k-assembly1_A	3.582E-01	2.954E-01	1.564E-01	3.278E-01	0.029	5.753E+00
9bk5A	6hrs-assembly2_G	4.356E-01	3.404E-01	1.809E-01	2.692E-01	0.029	6.539E+00
9bk5A	6hrs-assembly1_D	3.737E-01	2.971E-01	1.611E-01	2.755E-01	0.029	5.062E+00
9bk5A	5g23-assembly1_A	3.422E-01	1.786E-01	8.815E-02	2.431E-01	0.029	3.233E+00
9bk5A	5g23-assembly2_C	3.399E-01	1.760E-01	8.717E-02	2.400E-01	0.029	2.668E+00
9bk5A	2i51-assembly1_B	3.272E-01	2.164E-01	1.081E-01	2.730E-01	0.029	3.918E+00
9bk5A	8avm-assembly1_A	3.465E-01	2.897E-01	1.529E-01	3.339E-01	0.029	5.753E+00
9bk5A	6qzm-assembly1_A	3.150E-01	2.584E-01	1.354E-01	3.308E-01	0.029	4.748E+00
9bk5A	6s0d-assembly1_A	3.397E-01	2.791E-01	1.445E-01	3.491E-01	0.029	6.134E+00
9bk5A	7typ-assembly2_B	3.814E-01	2.774E-01	1.293E-01	3.302E-01	0.029	6.972E+00
9bk5A	3dc5-assembly1_C	4.260E-01	2.670E-01	1.333E-01	3.155E-01	0.029	7.433E+00
9bk5A	2j8q-assembly1_B	3.862E-01	2.926E-01	1.417E-01	2.999E-01	0.029	6.134E+00
9bk5A	2adp-assembly1_A-2	3.703E-01	3.085E-01	1.656E-01	4.027E-01	0.029	9.602E+00
9bk5A	2m65-assembly1_A	3.346E-01	3.049E-01	1.615E-01	3.406E-01	0.029	5.397E+00
9bk5A	2p5x-assembly2_B	3.313E-01	2.997E-01	1.449E-01	3.410E-01	0.029	5.397E+00
9bk5A	6ymh-assembly1_BBB	3.280E-01	2.165E-01	1.067E-01	2.649E-01	0.029	3.233E+00
9bk5A	7mwr-assembly1_A	3.201E-01	2.193E-01	1.175E-01	3.094E-01	0.029	4.748E+00
9bk5A	3qvn-assembly1_A	3.274E-01	2.665E-01	1.355E-01	3.390E-01	0.029	5.397E+00
9bk5A	8crx-assembly1_G	4.069E-01	3.007E-01	1.358E-01	3.165E-01	0.029	6.972E+00
9bk5A	8kb3-assembly1_B	3.512E-01	2.893E-01	1.402E-01	3.657E-01	0.029	7.924E+00
9bk5A	8qyw-assembly1_A-2	3.368E-01	2.181E-01	1.009E-01	2.812E-01	0.029	4.453E+00
9bk5A	6cyp-assembly1_E	3.419E-01	2.792E-01	1.371E-01	3.736E-01	0.029	6.972E+00
9bk5A	6cyx-assembly1_A	3.548E-01	2.853E-01	1.352E-01	3.608E-01	0.029	6.972E+00
9bk5A	5d80-assembly2_g	2.732E-01	2.286E-01	1.153E-01	3.403E-01	0.029	3.675E+00
9bk5A	8ipa-assembly1_ia	4.259E-01	3.722E-01	1.631E-01	3.182E-01	0.029	8.448E+00
9bk5A	7qiz-assembly1_NA	4.040E-01	3.674E-01	1.671E-01	3.818E-01	0.029	9.602E+00
9bk5A	3rk0-assembly1_A-2	3.756E-01	3.335E-01	1.666E-01	3.561E-01	0.029	7.924E+00
9bk5A	2a1k-assembly1_A	2.856E-01	2.147E-01	1.071E-01	2.851E-01	0.029	2.845E+00
9bk5A	4uc9-assembly3_C	4.493E-01	2.214E-01	8.066E-02	2.956E-01	0.029	7.433E+00
9bk5A	3kvf-assembly1_A	4.265E-01	2.817E-01	1.167E-01	3.323E-01	0.029	9.007E+00
9bk5A	4ev1-assembly1_A	3.116E-01	2.751E-01	1.314E-01	3.169E-01	0.029	4.453E+00
9bk5A	3mpb-assembly1_A	3.779E-01	2.654E-01	9.783E-02	3.065E-01	0.029	6.539E+00
9bk5A	6zme-assembly1_SD	3.555E-01	3.156E-01	1.409E-01	3.201E-01	0.029	5.753E+00
9bk5A	3dnh-assembly1_B	3.408E-01	2.090E-01	9.566E-02	2.557E-01	0.029	3.233E+00
9bk5A	7dyx-assembly1_A	3.163E-01	2.882E-01	1.207E-01	2.852E-01	0.029	3.675E+00
9bk5A	8gme-assembly2_B	3.441E-01	2.725E-01	1.158E-01	2.725E-01	0.029	3.918E+00
9bk5A	7t7i-assembly2_H	2.845E-01	2.550E-01	1.025E-01	3.320E-01	0.029	4.177E+00
9bk5A	7wzf-assembly1_A	2.079E-01	2.013E-01	8.950E-02	2.342E-01	0.029	6.955E-01
9bk5A	1sfn-assembly1_A	2.906E-01	2.175E-01	8.871E-02	3.184E-01	0.029	3.675E+00
9bk5A	6xiu-assembly1_A	3.260E-01	2.557E-01	1.054E-01	3.487E-01	0.029	5.397E+00
9bk5A	3fpk-assembly1_B	2.744E-01	2.288E-01	1.003E-01	2.992E-01	0.029	3.233E+00
9bk5A	5che-assembly1_D	4.321E-01	2.604E-01	1.013E-01	3.066E-01	0.029	7.924E+00
9bk5A	3jcp-assembly1_U	3.304E-01	2.650E-01	1.090E-01	3.551E-01	0.029	6.134E+00
9bk5A	1p1z-assembly1_A-2	4.236E-01	2.924E-01	1.024E-01	3.282E-01	0.029	8.448E+00
9bk5A	7ejb-assembly1_A-2	3.730E-01	3.072E-01	1.256E-01	3.626E-01	0.029	8.448E+00
9bk5A	3fzq-assembly2_B	2.594E-01	2.305E-01	1.073E-01	3.639E-01	0.029	4.177E+00
9bk5A	6mn5-assembly5_E	2.744E-01	2.690E-01	1.027E-01	3.415E-01	0.029	4.177E+00
9bk5A	2zvb-assembly1_A	3.148E-01	2.549E-01	1.134E-01	2.912E-01	0.029	3.918E+00
9bk5A	7tsw-assembly5_E	3.199E-01	2.523E-01	1.029E-01	3.150E-01	0.029	5.062E+00
9bk5A	4ylf-assembly2_C	3.340E-01	2.334E-01	9.600E-02	2.662E-01	0.029	3.233E+00
9bk5A	7dsb-assembly1_A	3.795E-01	2.597E-01	1.044E-01	3.132E-01	0.029	6.539E+00
9bk5A	2e4n-assembly1_A	3.727E-01	3.334E-01	1.465E-01	3.631E-01	0.029	7.433E+00
9bk5A	3egl-assembly1_A	3.660E-01	3.354E-01	1.309E-01	3.705E-01	0.029	8.448E+00
9bk5A	2ek3-assembly1_B	4.262E-01	3.447E-01	1.397E-01	3.527E-01	0.029	9.602E+00
9bk5A	2eeq-assembly1_B	4.069E-01	3.383E-01	1.403E-01	3.211E-01	0.029	7.433E+00
9bk5A	2eld-assembly1_B	3.182E-01	2.569E-01	1.172E-01	3.108E-01	0.029	4.748E+00
9bk5A	3lk3-assembly1_A	3.982E-01	2.769E-01	1.044E-01	3.107E-01	0.029	6.972E+00
9bk5A	7tn3-assembly1_A-2	2.684E-01	2.309E-01	8.292E-02	3.411E-01	0.029	3.675E+00
9bk5A	8gnn-assembly1_B	3.185E-01	3.052E-01	1.045E-01	3.136E-01	0.029	4.748E+00
9bk5A	8d8l-assembly1_4	3.088E-01	2.883E-01	1.091E-01	3.249E-01	0.029	4.177E+00
9bk5A	4oj8-assembly1_B	2.753E-01	2.665E-01	9.555E-02	2.986E-01	0.029	2.845E+00
9bk5A	6j5i-assembly1_G	3.218E-01	2.844E-01	1.367E-01	3.339E-01	0.029	4.748E+00
9bk5A	7y8s-assembly1_A	4.541E-01	2.446E-01	8.522E-02	3.170E-01	0.029	8.448E+00
9bk5A	6xyw-assembly1_Bb	3.949E-01	3.482E-01	1.266E-01	3.338E-01	0.029	7.924E+00
9bk5A	3aio-assembly4_C	4.384E-01	2.579E-01	7.956E-02	2.908E-01	0.029	6.972E+00
9bk5A	7eyd-assembly1_N1	3.658E-01	2.912E-01	1.128E-01	3.176E-01	0.029	6.134E+00
9bk5A	4mzu-assembly1_E	2.884E-01	2.805E-01	8.826E-02	3.289E-01	0.029	4.177E+00
9bk5A	5tz6-assembly1_A	2.841E-01	1.950E-01	7.146E-02	2.777E-01	0.029	2.845E+00
9bk5A	7stb-assembly1_H	3.227E-01	2.873E-01	1.057E-01	3.042E-01	0.029	4.453E+00
9bk5A	3t5p-assembly2_L	2.795E-01	2.447E-01	1.002E-01	3.039E-01	0.029	3.233E+00
9bk5A	6bjd-assembly3_C	3.317E-01	3.216E-01	9.910E-02	3.396E-01	0.029	6.134E+00
9bk5A	6bdt-assembly1_A	3.216E-01	3.087E-01	9.564E-02	3.270E-01	0.029	4.748E+00
9bk5A	3x27-assembly1_B	4.386E-01	2.645E-01	8.144E-02	2.746E-01	0.029	6.972E+00
9bk5A	6bgp-assembly3_C	3.360E-01	3.256E-01	9.754E-02	3.381E-01	0.029	6.134E+00
9bk5A	4ou4-assembly1_A-2	4.478E-01	2.683E-01	7.562E-02	2.990E-01	0.029	8.448E+00
9bk5A	2gry-assembly1_A	3.770E-01	3.294E-01	1.191E-01	3.448E-01	0.029	7.433E+00
9bk5A	8c61-assembly2_G	4.083E-01	3.094E-01	1.010E-01	3.425E-01	0.029	8.448E+00
9bk5A	6lvs-assembly6_F	4.819E-01	2.382E-01	6.147E-02	2.546E-01	0.029	6.539E+00
9bk5A	3kcx-assembly1_A	3.500E-01	3.286E-01	1.124E-01	3.045E-01	0.029	5.397E+00
9bk5A	7lff-assembly2_B	3.531E-01	2.881E-01	1.048E-01	3.339E-01	0.029	5.753E+00
9bk5A	8ckb-assembly1_A497	3.811E-01	3.182E-01	1.035E-01	3.737E-01	0.029	9.602E+00
9bk5A	5op6-assembly1_A	3.293E-01	3.116E-01	1.063E-01	2.809E-01	0.029	3.447E+00
9bk5A	6dkn-assembly2_B	3.719E-01	2.370E-01	6.870E-02	3.022E-01	0.029	6.134E+00
9bk5A	3k3b-assembly3_A	3.532E-01	3.186E-01	1.247E-01	3.925E-01	0.029	9.007E+00
9bk5A	6iin-assembly1_A	4.859E-01	2.393E-01	6.081E-02	2.576E-01	0.029	7.433E+00
9bk5A	3uoe-assembly1_A	3.150E-01	3.083E-01	8.926E-02	3.627E-01	0.029	5.397E+00
9bk5A	3r5f-assembly1_A-2	3.977E-01	2.974E-01	8.620E-02	3.458E-01	0.029	7.924E+00
9bk5A	7xr9-assembly1_A	4.148E-01	2.360E-01	5.791E-02	2.952E-01	0.029	6.134E+00
9bk5A	8asn-assembly1_I	4.034E-01	3.312E-01	1.135E-01	3.612E-01	0.029	9.602E+00
9bk5A	8h0i-assembly1_B	3.601E-01	2.501E-01	7.893E-02	2.896E-01	0.029	5.062E+00
9bk5A	2cav-assembly1_A	3.440E-01	2.366E-01	6.245E-02	3.477E-01	0.029	6.972E+00
9bk5A	7xr0-assembly1_F	3.303E-01	2.849E-01	1.058E-01	3.728E-01	0.029	6.972E+00
9bk5A	8sdn-assembly1_A	3.036E-01	1.958E-01	7.528E-02	2.604E-01	0.029	2.503E+00
9bk5A	6v7l-assembly1_B	3.504E-01	2.399E-01	6.494E-02	3.425E-01	0.029	6.539E+00
9bk5A	7xr9-assembly1_C	4.274E-01	2.369E-01	5.698E-02	2.949E-01	0.029	6.539E+00
9bk5A	4i55-assembly1_F	3.018E-01	2.745E-01	1.047E-01	3.485E-01	0.029	4.748E+00
9bk5A	6lgl-assembly1_i	3.792E-01	3.092E-01	1.021E-01	3.699E-01	0.029	8.448E+00
9bk5A	7xr9-assembly1_B	4.244E-01	2.361E-01	5.641E-02	2.944E-01	0.029	6.539E+00
9bk5A	3q4k-assembly1_A	3.642E-01	3.500E-01	1.002E-01	3.971E-01	0.029	9.007E+00
9bk5A	4k3p-assembly1_A	3.593E-01	3.466E-01	9.748E-02	3.964E-01	0.029	9.007E+00
9bk5A	4n98-assembly1_A	3.228E-01	3.094E-01	8.738E-02	3.279E-01	0.029	5.397E+00
9bk5A	4mjp-assembly1_A	3.229E-01	3.095E-01	8.675E-02	3.272E-01	0.029	5.397E+00
9bk5A	2bjr-assembly1_A	3.417E-01	3.388E-01	1.047E-01	3.496E-01	0.029	6.972E+00
9bk5A	7azc-assembly2_D	3.586E-01	3.437E-01	9.476E-02	3.653E-01	0.029	7.433E+00
9bk5A	3t0p-assembly1_A	3.283E-01	3.177E-01	1.009E-01	3.332E-01	0.029	5.062E+00
9bk5A	7az7-assembly1_A	3.659E-01	3.507E-01	9.658E-02	3.945E-01	0.029	8.448E+00
9bk5A	3pwe-assembly1_B	3.707E-01	3.565E-01	1.020E-01	3.562E-01	0.029	7.433E+00
9bk5A	5wce-assembly1_A	3.365E-01	3.234E-01	9.314E-02	3.722E-01	0.029	6.539E+00
9bk5A	5yjs-assembly2_B	2.785E-01	2.007E-01	5.698E-02	3.029E-01	0.029	3.233E+00
9bk5A	3smh-assembly1_D	3.913E-01	2.602E-01	6.765E-02	2.593E-01	0.029	4.748E+00
9bk5A	3jw0-assembly2_D	4.262E-01	3.543E-01	1.102E-01	3.342E-01	0.029	8.448E+00
9bk5A	6ap4-assembly3_E	3.585E-01	3.460E-01	9.177E-02	3.221E-01	0.029	6.539E+00
9bk5A	6dj8-assembly1_A	3.467E-01	3.341E-01	9.284E-02	3.490E-01	0.029	6.972E+00
9bk5A	5bud-assembly2_B	3.003E-01	1.970E-01	5.674E-02	3.397E-01	0.029	5.062E+00
9bk5A	6jjl-assembly1_D	4.535E-01	2.098E-01	5.042E-02	2.666E-01	0.029	6.539E+00
9bk5A	6jjo-assembly1_E	4.487E-01	2.054E-01	5.007E-02	2.338E-01	0.029	5.062E+00
9bk5A	3pv2-assembly1_B	5.378E-01	2.339E-01	5.387E-02	2.767E-01	0.029	9.602E+00
9bk5A	9atl-assembly1_K	3.470E-01	2.831E-01	8.697E-02	3.470E-01	0.029	6.539E+00
9bk5A	1gvh-assembly1_A	3.359E-01	2.787E-01	8.588E-02	3.094E-01	0.029	4.748E+00
9bk5A	3jc2-assembly1_1	3.313E-01	2.528E-01	5.352E-02	2.802E-01	0.029	3.918E+00
9bk5A	4d6w-assembly1_C	3.977E-01	2.118E-01	4.862E-02	2.393E-01	0.029	3.675E+00
9bk5A	4d6w-assembly1_A	3.802E-01	1.948E-01	4.328E-02	2.366E-01	0.029	3.447E+00
9bk5A	4dyp-assembly2_B	3.978E-01	3.498E-01	9.502E-02	3.666E-01	0.029	9.602E+00
9bk5A	7nt8-assembly2_B	3.464E-01	2.796E-01	7.676E-02	3.448E-01	0.029	6.972E+00
9bk5A	5fp3-assembly2_B	3.453E-01	3.261E-01	9.397E-02	2.984E-01	0.029	5.062E+00
9bk5A	2xue-assembly2_B	3.212E-01	3.052E-01	9.467E-02	3.310E-01	0.029	5.397E+00
9bk5A	3dbr-assembly3_D	3.289E-01	2.491E-01	7.532E-02	3.150E-01	0.029	5.062E+00
9bk5A	3gza-assembly1_B	2.526E-01	2.347E-01	6.362E-02	3.048E-01	0.029	2.668E+00
9bk5A	5fp3-assembly1_A	3.290E-01	3.131E-01	9.464E-02	3.170E-01	0.029	4.453E+00
9bk5A	5fxx-assembly2_B	3.011E-01	2.853E-01	8.661E-02	3.316E-01	0.029	4.453E+00
9bk5A	7nwl-assembly1_B	3.537E-01	2.574E-01	5.916E-02	2.495E-01	0.029	3.447E+00
9bk5A	6rim-assembly1_A	4.520E-01	2.216E-01	5.032E-02	2.864E-01	0.029	7.433E+00
9bk5A	7eeq-assembly1_1	3.613E-01	2.856E-01	7.054E-02	3.123E-01	0.029	6.134E+00
9bk5A	6rim-assembly2_B	4.512E-01	2.218E-01	5.027E-02	2.875E-01	0.029	6.972E+00
9bk5A	4uf0-assembly1_A	3.112E-01	2.950E-01	8.792E-02	3.320E-01	0.029	5.062E+00
9bk5A	4y4r-assembly1_B	4.156E-01	3.579E-01	8.706E-02	3.423E-01	0.029	8.448E+00
9bk5A	5fym-assembly1_A	2.626E-01	2.510E-01	8.162E-02	2.844E-01	0.029	2.348E+00
9bk5A	8xfo-assembly1_B	3.228E-01	2.647E-01	6.431E-02	2.492E-01	0.029	3.033E+00
9bk5A	4ccn-assembly1_A-2	3.700E-01	3.020E-01	7.757E-02	3.372E-01	0.029	7.433E+00
9bk5A	6e8d-assembly2_B	3.776E-01	3.635E-01	8.360E-02	4.005E-01	0.029	9.602E+00
9bk5A	4qfu-assembly4_D	3.449E-01	2.445E-01	5.868E-02	2.857E-01	0.029	4.177E+00
9bk5A	3tj0-assembly1_A	3.871E-01	3.165E-01	8.396E-02	3.471E-01	0.029	8.448E+00
9bk5A	4y33-assembly1_D	3.683E-01	3.010E-01	7.735E-02	3.362E-01	0.029	7.433E+00
9bk5A	4qfu-assembly11_K	3.442E-01	2.440E-01	5.807E-02	2.870E-01	0.029	4.177E+00
9bk5A	2q06-assembly2_B	3.192E-01	2.705E-01	6.680E-02	3.127E-01	0.029	4.177E+00
9bk5A	2hgs-assembly1_A-2	3.135E-01	2.529E-01	7.125E-02	3.191E-01	0.029	4.453E+00
9bk5A	3avs-assembly1_A	3.167E-01	3.006E-01	8.615E-02	3.344E-01	0.029	5.062E+00
9bk5A	7shq-assembly1_A	3.849E-01	2.010E-01	4.132E-02	2.628E-01	0.029	4.453E+00
9bk5A	2flo-assembly2_D	4.099E-01	2.284E-01	5.712E-02	3.706E-01	0.029	9.602E+00
9bk5A	3d2h-assembly1_A	2.807E-01	2.665E-01	6.571E-02	3.376E-01	0.029	4.453E+00
9bk5A	3fw7-assembly1_A	3.039E-01	2.829E-01	6.530E-02	3.417E-01	0.029	5.062E+00
9bk5A	6cgo-assembly1_B	2.791E-01	2.716E-01	6.167E-02	3.371E-01	0.029	3.918E+00
9bk5A	1cy0-assembly1_A	3.504E-01	2.787E-01	6.119E-02	3.213E-01	0.029	5.753E+00
9bk5A	5of9-assembly1_A	2.588E-01	1.938E-01	4.503E-02	2.578E-01	0.029	1.705E+00
9bk5A	5ofb-assembly1_B	2.595E-01	1.942E-01	4.465E-02	2.588E-01	0.029	1.817E+00
9bk5A	3px7-assembly1_A	3.507E-01	2.787E-01	5.945E-02	2.906E-01	0.029	4.748E+00
9bk5A	1cy4-assembly1_A	3.473E-01	2.769E-01	5.871E-02	2.870E-01	0.029	4.453E+00
9bk5A	1mw8-assembly1_X	3.488E-01	2.784E-01	5.859E-02	3.230E-01	0.029	6.134E+00
9bk5A	7ap4-assembly1_A	3.124E-01	2.860E-01	6.161E-02	3.918E-01	0.029	6.134E+00
9bk5A	8uy1-assembly1_D	3.437E-01	3.341E-01	6.461E-02	3.339E-01	0.029	5.753E+00
9bk5A	6fcx-assembly1_A	2.799E-01	2.682E-01	5.827E-02	3.113E-01	0.029	3.675E+00
9bk5A	6zmj-assembly1_A	3.394E-01	3.032E-01	6.687E-02	3.309E-01	0.029	6.134E+00
9bk5A	6zmj-assembly1_B	3.661E-01	3.241E-01	6.954E-02	3.519E-01	0.029	7.924E+00
9bk5A	6zmk-assembly1_B	3.013E-01	2.796E-01	6.585E-02	3.278E-01	0.029	4.453E+00
9bk5A	5hv2-assembly1_A	3.563E-01	3.226E-01	5.473E-02	3.600E-01	0.029	6.972E+00
9bk5A	7e9s-assembly1_A	4.111E-01	2.439E-01	3.051E-02	3.003E-01	0.029	6.539E+00
9bk5A	6nps-assembly1_A	4.329E-01	2.574E-01	2.864E-02	2.781E-01	0.029	6.539E+00
9bk5A	8gk8-assembly1_C	3.530E-01	3.299E-01	4.363E-02	4.209E-01	0.029	9.007E+00
9bk5A	3hb9-assembly1_D	2.956E-01	2.611E-01	3.611E-02	3.601E-01	0.029	5.397E+00
9bk5A	8c8o-assembly1_A	3.541E-01	2.979E-01	4.059E-02	3.118E-01	0.029	5.753E+00
9bk5A	4qsh-assembly1_A	3.082E-01	2.884E-01	4.191E-02	3.873E-01	0.029	6.972E+00
9bk5A	6tav-assembly1_D	4.232E-01	2.967E-01	2.886E-02	3.130E-01	0.029	8.448E+00
9bk5A	6vpc-assembly1_B	3.466E-01	2.336E-01	2.669E-02	3.634E-01	0.029	7.433E+00
9bk5A	6qep-assembly1_A	4.557E-01	3.332E-01	2.517E-02	3.181E-01	0.029	9.602E+00
9bk5A	5f9r-assembly1_B	3.319E-01	2.213E-01	2.590E-02	3.626E-01	0.029	6.972E+00
9bk5A	8c8r-assembly1_D	3.541E-01	2.979E-01	3.077E-02	3.118E-01	0.029	5.753E+00
9bk5A	3j32-assembly1_A	3.667E-01	2.970E-01	1.436E-02	3.393E-01	0.029	7.433E+00
9bk5A	4lk0-assembly2_N	3.193E-01	2.327E-01	2.929E-01	3.037E-01	0.024	5.062E+00
9bk5A	5noc-assembly1_B	3.277E-01	1.967E-01	2.694E-01	3.526E-01	0.024	6.972E+00
9bk5A	7unw-assembly1_2	3.863E-01	2.661E-01	3.379E-01	3.452E-01	0.024	9.602E+00
9bk5A	6ysi-assembly1_V	3.596E-01	2.577E-01	3.225E-01	3.422E-01	0.024	8.448E+00
9bk5A	8aye-assembly1_y	3.337E-01	2.436E-01	2.945E-01	3.415E-01	0.024	7.433E+00
9bk5A	4cj2-assembly2_D	3.305E-01	2.155E-01	2.511E-01	3.194E-01	0.024	6.539E+00
9bk5A	1bnz-assembly1_A	4.077E-01	2.288E-01	2.599E-01	3.106E-01	0.024	9.007E+00
9bk5A	1wd1-assembly1_A	3.385E-01	1.722E-01	2.041E-01	2.905E-01	0.024	5.753E+00
9bk5A	7eyd-assembly1_G8	3.466E-01	2.537E-01	2.828E-01	2.718E-01	0.024	5.062E+00
9bk5A	8g9s-assembly1_A	3.474E-01	2.868E-01	3.036E-01	3.606E-01	0.024	8.448E+00
9bk5A	3adj-assembly1_A	3.478E-01	2.591E-01	2.793E-01	3.115E-01	0.024	6.539E+00
9bk5A	6gy4-assembly2_B	2.885E-01	2.429E-01	2.379E-01	3.179E-01	0.024	4.453E+00
9bk5A	4mjs-assembly11_V	2.992E-01	2.256E-01	2.215E-01	3.072E-01	0.024	4.748E+00
9bk5A	1oey-assembly1_A	2.922E-01	1.651E-01	1.575E-01	2.835E-01	0.024	3.918E+00
9bk5A	7u65-assembly1_G	3.478E-01	2.612E-01	2.500E-01	3.167E-01	0.024	6.539E+00
9bk5A	4mmz-assembly1_C	4.471E-01	2.357E-01	2.082E-01	2.812E-01	0.024	7.924E+00
9bk5A	2ii9-assembly1_D	2.788E-01	2.303E-01	2.056E-01	2.372E-01	0.024	2.065E+00
9bk5A	3vyx-assembly1_A	3.362E-01	2.849E-01	2.539E-01	3.427E-01	0.024	7.433E+00
9bk5A	8as5-assembly1_B	4.314E-01	2.357E-01	1.998E-01	2.932E-01	0.024	7.924E+00
9bk5A	2ea9-assembly1_A	3.489E-01	2.600E-01	2.128E-01	3.836E-01	0.024	9.602E+00
9bk5A	2npt-assembly2_C	2.926E-01	2.034E-01	1.617E-01	3.157E-01	0.024	4.748E+00
9bk5A	1xe0-assembly1_E	3.692E-01	2.629E-01	2.103E-01	2.766E-01	0.024	5.753E+00
9bk5A	6cwx-assembly1_A	3.692E-01	3.168E-01	2.516E-01	3.155E-01	0.024	6.972E+00
9bk5A	1xe0-assembly2_I	3.915E-01	2.914E-01	2.299E-01	3.163E-01	0.024	9.007E+00
9bk5A	2n4e-assembly1_A	3.603E-01	2.677E-01	2.192E-01	3.150E-01	0.024	6.972E+00
9bk5A	3x0t-assembly2_B	3.562E-01	2.591E-01	2.017E-01	3.502E-01	0.024	7.924E+00
9bk5A	2h28-assembly3_A	2.979E-01	2.363E-01	1.885E-01	3.363E-01	0.024	5.753E+00
9bk5A	7kek-assembly1_F	3.076E-01	2.623E-01	2.004E-01	3.640E-01	0.024	7.433E+00
9bk5A	8awp-assembly1_B	2.910E-01	2.164E-01	1.626E-01	2.767E-01	0.024	3.447E+00
9bk5A	5xaw-assembly1_A	3.978E-01	2.326E-01	1.735E-01	2.821E-01	0.024	7.433E+00
9bk5A	1wi0-assembly1_A	3.041E-01	1.866E-01	1.414E-01	3.246E-01	0.024	5.397E+00
9bk5A	2kpp-assembly1_A	3.849E-01	1.938E-01	1.461E-01	2.852E-01	0.024	6.972E+00
9bk5A	6l2f-assembly1_B	2.771E-01	1.615E-01	1.169E-01	2.876E-01	0.024	3.233E+00
9bk5A	4ue0-assembly1_C	3.303E-01	2.434E-01	1.846E-01	2.895E-01	0.024	5.062E+00
9bk5A	6vsv-assembly1_A	4.550E-01	2.274E-01	1.637E-01	3.106E-01	0.024	9.602E+00
9bk5A	8zyh-assembly1_B	2.705E-01	1.600E-01	1.153E-01	2.867E-01	0.024	3.033E+00
9bk5A	8ir3-assembly1_c	4.113E-01	2.609E-01	1.786E-01	2.730E-01	0.024	6.539E+00
9bk5A	7awk-assembly1_A	3.143E-01	2.479E-01	1.662E-01	3.369E-01	0.024	6.134E+00
9bk5A	6eci-assembly7_M	4.284E-01	2.722E-01	1.989E-01	3.250E-01	0.024	9.602E+00
9bk5A	5ee2-assembly1_A	3.680E-01	1.953E-01	1.468E-01	2.963E-01	0.024	6.539E+00
9bk5A	2z3j-assembly1_D	2.699E-01	2.469E-01	1.936E-01	3.741E-01	0.024	5.397E+00
9bk5A	2ehb-assembly1_D	2.906E-01	2.469E-01	1.749E-01	3.678E-01	0.024	6.539E+00
9bk5A	2b2g-assembly1_C	4.204E-01	2.533E-01	1.711E-01	2.875E-01	0.024	8.448E+00
9bk5A	2bs0-assembly1_C	4.184E-01	2.524E-01	1.708E-01	2.885E-01	0.024	8.448E+00
9bk5A	4gej-assembly10_J	3.035E-01	1.673E-01	1.037E-01	2.060E-01	0.024	2.065E+00
9bk5A	7poj-assembly1_D	2.369E-01	1.643E-01	1.038E-01	2.067E-01	0.024	1.161E+00
9bk5A	5vae-assembly1_B	3.727E-01	2.485E-01	1.649E-01	3.111E-01	0.024	7.433E+00
9bk5A	2bjo-assembly1_B	3.298E-01	2.424E-01	1.553E-01	3.720E-01	0.024	7.433E+00
9bk5A	4lw4-assembly1_D	3.026E-01	2.628E-01	1.807E-01	3.271E-01	0.024	5.062E+00
9bk5A	1xu1-assembly1_A	2.400E-01	1.703E-01	1.010E-01	2.522E-01	0.024	1.937E+00
9bk5A	6xwu-assembly1_A-2	3.796E-01	2.891E-01	1.783E-01	2.821E-01	0.024	6.134E+00
9bk5A	8bl6-assembly1_A	3.546E-01	2.557E-01	1.559E-01	2.715E-01	0.024	4.748E+00
9bk5A	2jda-assembly1_A	4.099E-01	2.816E-01	1.763E-01	2.920E-01	0.024	8.448E+00
9bk5A	8wmw-assembly1_D	3.043E-01	2.637E-01	1.870E-01	3.199E-01	0.024	5.397E+00
9bk5A	2h6l-assembly1_C	3.412E-01	2.334E-01	1.483E-01	2.702E-01	0.024	4.453E+00
9bk5A	6yf6-assembly1_B	2.637E-01	2.468E-01	1.562E-01	2.505E-01	0.024	2.065E+00
9bk5A	8dpa-assembly1_A	3.858E-01	2.112E-01	1.407E-01	3.112E-01	0.024	7.924E+00
9bk5A	5lz1-assembly1_A	2.241E-01	2.176E-01	1.407E-01	2.423E-01	0.024	1.500E+00
9bk5A	6yxy-assembly1_AT	5.020E-01	2.628E-01	1.566E-01	2.802E-01	0.024	9.602E+00
9bk5A	8ssm-assembly2_A	3.739E-01	3.674E-01	2.352E-01	3.409E-01	0.024	7.924E+00
9bk5A	8s5m-assembly1_I	3.771E-01	2.045E-01	1.243E-01	2.792E-01	0.024	6.539E+00
9bk5A	2gje-assembly1_A	3.486E-01	2.773E-01	1.767E-01	3.157E-01	0.024	6.539E+00
9bk5A	3nng-assembly2_B	3.103E-01	2.258E-01	1.357E-01	2.358E-01	0.024	2.668E+00
9bk5A	3kbu-assembly2_C	3.011E-01	2.174E-01	1.325E-01	2.662E-01	0.024	3.447E+00
9bk5A	8fl6-assembly1_LE	3.887E-01	2.592E-01	1.439E-01	3.333E-01	0.024	9.602E+00
9bk5A	8tpu-assembly1_AV	3.952E-01	2.620E-01	1.448E-01	3.354E-01	0.024	9.007E+00
9bk5A	3kop-assembly1_B	4.069E-01	2.557E-01	1.418E-01	2.696E-01	0.024	6.539E+00
9bk5A	5yc1-assembly2_E	3.024E-01	2.292E-01	1.449E-01	2.928E-01	0.024	4.177E+00
9bk5A	6xu6-assembly1_CT	4.314E-01	2.601E-01	1.415E-01	3.103E-01	0.024	9.007E+00
9bk5A	4ktw-assembly1_B	3.894E-01	2.532E-01	1.498E-01	2.910E-01	0.024	7.433E+00
9bk5A	6nwj-assembly1_B	2.244E-01	1.680E-01	9.324E-02	2.660E-01	0.024	1.705E+00
9bk5A	1wv4-assembly1_A	3.284E-01	2.220E-01	1.295E-01	2.708E-01	0.024	4.177E+00
9bk5A	5euh-assembly2_B	3.326E-01	3.135E-01	1.831E-01	3.690E-01	0.024	7.924E+00
9bk5A	7u8k-assembly1_R	3.412E-01	2.255E-01	1.237E-01	3.050E-01	0.024	6.134E+00
9bk5A	2y6l-assembly1_A	2.904E-01	2.104E-01	1.135E-01	2.502E-01	0.024	3.033E+00
9bk5A	6ake-assembly2_C	2.893E-01	1.987E-01	9.559E-02	2.749E-01	0.024	3.675E+00
9bk5A	1s14-assembly1_A	2.788E-01	2.356E-01	1.364E-01	2.706E-01	0.024	3.033E+00
9bk5A	8t5q-assembly2_F	2.855E-01	2.733E-01	1.621E-01	2.789E-01	0.024	3.233E+00
9bk5A	4z3u-assembly1_A	2.703E-01	2.635E-01	1.572E-01	3.421E-01	0.024	5.062E+00
9bk5A	8f5g-assembly1_A	2.176E-01	2.010E-01	1.189E-01	3.380E-01	0.024	2.845E+00
9bk5A	2hqv-assembly1_A-2	4.707E-01	2.693E-01	1.456E-01	2.750E-01	0.024	9.007E+00
9bk5A	4gjh-assembly1_A	2.873E-01	2.161E-01	1.327E-01	2.957E-01	0.024	4.177E+00
9bk5A	6pwg-assembly2_B	3.658E-01	3.304E-01	1.891E-01	3.688E-01	0.024	9.007E+00
9bk5A	7use-assembly1_F	3.881E-01	2.948E-01	1.501E-01	3.179E-01	0.024	7.924E+00
9bk5A	1iwm-assembly1_A	3.464E-01	2.060E-01	1.142E-01	2.964E-01	0.024	5.397E+00
9bk5A	1s14-assembly2_B	2.856E-01	2.405E-01	1.328E-01	2.637E-01	0.024	3.233E+00
9bk5A	6sge-assembly1_A	3.919E-01	3.209E-01	1.645E-01	3.438E-01	0.024	9.007E+00
9bk5A	8fvi-assembly1_A	3.935E-01	2.889E-01	1.620E-01	3.066E-01	0.024	8.448E+00
9bk5A	1zz6-assembly1_A-2	2.787E-01	2.084E-01	1.048E-01	2.577E-01	0.024	2.503E+00
9bk5A	6nfk-assembly1_A	3.539E-01	3.017E-01	1.745E-01	3.700E-01	0.024	9.602E+00
9bk5A	6nfl-assembly1_A	3.366E-01	2.527E-01	1.427E-01	3.496E-01	0.024	7.433E+00
9bk5A	5w3v-assembly1_B	4.218E-01	3.022E-01	1.626E-01	3.029E-01	0.024	8.448E+00
9bk5A	4heb-assembly1_B	3.180E-01	2.933E-01	1.618E-01	3.460E-01	0.024	6.539E+00
9bk5A	8xfs-assembly1_C	3.846E-01	2.148E-01	1.058E-01	2.585E-01	0.024	5.753E+00
9bk5A	3tjn-assembly3_D	4.203E-01	2.066E-01	9.979E-02	2.917E-01	0.024	8.448E+00
9bk5A	4la3-assembly2_B	3.012E-01	2.166E-01	1.077E-01	2.971E-01	0.024	4.453E+00
9bk5A	6p64-assembly1_D-3	3.006E-01	2.246E-01	1.159E-01	2.904E-01	0.024	4.177E+00
9bk5A	3ch8-assembly1_A	4.145E-01	2.393E-01	1.171E-01	2.961E-01	0.024	8.448E+00
9bk5A	3num-assembly1_A	3.944E-01	2.048E-01	9.874E-02	2.955E-01	0.024	7.433E+00
9bk5A	3nwu-assembly1_A	3.800E-01	2.071E-01	9.996E-02	2.866E-01	0.024	6.134E+00
9bk5A	1ues-assembly1_A	3.068E-01	2.263E-01	1.293E-01	3.567E-01	0.024	6.539E+00
9bk5A	8avl-assembly3_F	3.246E-01	2.699E-01	1.457E-01	3.674E-01	0.024	7.924E+00
9bk5A	2rpz-assembly1_A	4.476E-01	2.572E-01	1.111E-01	3.026E-01	0.024	9.007E+00
9bk5A	3tqj-assembly1_B	3.628E-01	2.410E-01	1.222E-01	3.100E-01	0.024	6.972E+00
9bk5A	1xe8-assembly1_B	3.529E-01	2.322E-01	1.113E-01	2.574E-01	0.024	4.748E+00
9bk5A	5el5-assembly2_22	2.697E-01	2.449E-01	1.298E-01	2.625E-01	0.024	2.668E+00
9bk5A	2gpc-assembly1_B	3.452E-01	2.213E-01	1.152E-01	2.962E-01	0.024	6.134E+00
9bk5A	2i51-assembly1_A	3.863E-01	2.055E-01	9.339E-02	2.749E-01	0.024	5.753E+00
9bk5A	7t2j-assembly2_A	3.727E-01	2.607E-01	1.216E-01	3.343E-01	0.024	7.924E+00
9bk5A	2cw3-assembly1_B	3.187E-01	2.264E-01	1.143E-01	2.945E-01	0.024	5.062E+00
9bk5A	6cyl-assembly1_A	2.801E-01	2.331E-01	1.296E-01	3.633E-01	0.024	6.134E+00
9bk5A	2rcv-assembly3_D	3.059E-01	2.250E-01	1.195E-01	3.490E-01	0.024	5.753E+00
9bk5A	2l3t-assembly1_A	3.576E-01	2.914E-01	1.355E-01	3.200E-01	0.024	6.539E+00
9bk5A	8pon-assembly2_A	3.748E-01	2.620E-01	1.187E-01	3.340E-01	0.024	9.007E+00
9bk5A	6bej-assembly1_A	3.101E-01	2.272E-01	1.176E-01	3.543E-01	0.024	6.134E+00
9bk5A	5t2a-assembly1_AX	3.731E-01	3.252E-01	1.556E-01	3.148E-01	0.024	7.433E+00
9bk5A	6o90-assembly1_c	3.880E-01	3.419E-01	1.586E-01	3.311E-01	0.024	8.448E+00
9bk5A	1en6-assembly2_D	3.485E-01	2.884E-01	1.400E-01	3.579E-01	0.024	8.448E+00
9bk5A	4gu4-assembly1_A	3.061E-01	2.567E-01	1.149E-01	2.805E-01	0.024	3.918E+00
9bk5A	4gun-assembly2_E	2.995E-01	2.612E-01	1.336E-01	3.248E-01	0.024	5.397E+00
9bk5A	4v7m-assembly2_CC	3.825E-01	3.322E-01	1.610E-01	3.441E-01	0.024	8.448E+00
9bk5A	5emw-assembly4_D	3.722E-01	2.677E-01	1.181E-01	3.296E-01	0.024	8.448E+00
9bk5A	8qyt-assembly1_A-2	3.314E-01	2.160E-01	1.011E-01	2.815E-01	0.024	4.748E+00
9bk5A	7t69-assembly1_A	4.521E-01	2.461E-01	1.059E-01	2.690E-01	0.024	7.433E+00
9bk5A	7cnl-assembly4_D	3.775E-01	2.703E-01	1.167E-01	3.292E-01	0.024	7.924E+00
9bk5A	3hy8-assembly1_A-2	2.733E-01	1.888E-01	9.326E-02	2.378E-01	0.024	2.348E+00
9bk5A	3nzi-assembly1_A	3.981E-01	2.101E-01	8.993E-02	2.865E-01	0.024	6.539E+00
9bk5A	7ooc-assembly1_B	3.546E-01	3.156E-01	1.507E-01	3.428E-01	0.024	8.448E+00
9bk5A	4jcn-assembly1_A	4.671E-01	2.117E-01	9.580E-02	2.773E-01	0.024	8.448E+00
9bk5A	5mmd-assembly2_F	3.872E-01	2.529E-01	1.144E-01	3.211E-01	0.024	7.924E+00
9bk5A	4x6d-assembly2_C	4.138E-01	2.451E-01	1.048E-01	3.401E-01	0.024	9.602E+00
9bk5A	7qvx-assembly1_A	3.501E-01	3.384E-01	1.335E-01	2.952E-01	0.024	6.134E+00
9bk5A	6sgb-assembly1_CH	2.765E-01	2.370E-01	1.295E-01	3.563E-01	0.024	5.753E+00
9bk5A	7lt3-assembly1_H	4.407E-01	2.779E-01	1.122E-01	2.894E-01	0.024	8.448E+00
9bk5A	6oe4-assembly1_B	2.566E-01	2.031E-01	8.863E-02	2.359E-01	0.024	1.817E+00
9bk5A	8cvs-assembly1_B	3.632E-01	2.817E-01	1.320E-01	3.646E-01	0.024	9.007E+00
9bk5A	5e86-assembly1_A	4.011E-01	2.345E-01	8.679E-02	2.693E-01	0.024	6.134E+00
9bk5A	8qa4-assembly1_A	2.790E-01	2.746E-01	1.324E-01	3.356E-01	0.024	4.748E+00
9bk5A	4ba1-assembly1_B	3.295E-01	1.820E-01	8.382E-02	3.259E-01	0.024	6.972E+00
9bk5A	3ifv-assembly1_B	3.302E-01	3.199E-01	1.453E-01	3.421E-01	0.024	7.433E+00
9bk5A	4lay-assembly1_A	2.811E-01	2.725E-01	1.427E-01	3.108E-01	0.024	4.453E+00
9bk5A	5ejl-assembly1_A	4.637E-01	2.433E-01	9.126E-02	2.613E-01	0.024	7.433E+00
9bk5A	6f4m-assembly1_A	3.205E-01	2.611E-01	1.173E-01	2.444E-01	0.024	3.233E+00
9bk5A	7ehz-assembly1_A	3.401E-01	3.085E-01	1.312E-01	3.375E-01	0.024	6.972E+00
9bk5A	8qyj-assembly1_B	3.579E-01	2.810E-01	1.304E-01	3.452E-01	0.024	8.448E+00
9bk5A	6sqj-assembly1_B	3.088E-01	2.381E-01	1.172E-01	3.153E-01	0.024	5.753E+00
9bk5A	4lav-assembly2_B	3.070E-01	2.966E-01	1.465E-01	3.336E-01	0.024	5.397E+00
9bk5A	7el5-assembly2_B	2.666E-01	2.050E-01	9.468E-02	3.313E-01	0.024	4.177E+00
9bk5A	3g2o-assembly1_A	3.167E-01	2.369E-01	9.518E-02	2.201E-01	0.024	2.845E+00
9bk5A	6mf6-assembly1_A	3.602E-01	2.099E-01	9.138E-02	3.181E-01	0.024	6.539E+00
9bk5A	5mrc-assembly1_33	3.254E-01	2.586E-01	1.101E-01	3.101E-01	0.024	5.397E+00
9bk5A	1nkv-assembly1_A	4.461E-01	2.147E-01	7.885E-02	2.619E-01	0.024	7.924E+00
9bk5A	8dos-assembly1_B	3.233E-01	2.651E-01	1.156E-01	3.110E-01	0.024	5.753E+00
9bk5A	7xlz-assembly2_B	2.160E-01	2.099E-01	1.073E-01	2.786E-01	0.024	1.705E+00
9bk5A	3gas-assembly1_B	4.225E-01	2.072E-01	8.709E-02	2.826E-01	0.024	8.448E+00
9bk5A	7z6h-assembly1_A	3.622E-01	3.362E-01	1.421E-01	3.478E-01	0.024	9.007E+00
9bk5A	6xiu-assembly1_B-2	3.267E-01	2.539E-01	1.040E-01	3.491E-01	0.024	6.972E+00
9bk5A	3g2p-assembly1_A	3.109E-01	2.370E-01	9.281E-02	2.191E-01	0.024	2.668E+00
9bk5A	6xiv-assembly1_B-2	3.208E-01	2.525E-01	1.009E-01	3.396E-01	0.024	6.539E+00
9bk5A	8dql-assembly1_C	3.832E-01	1.554E-01	6.443E-02	2.405E-01	0.024	4.748E+00
9bk5A	6i3r-assembly1_A	3.540E-01	2.954E-01	1.249E-01	3.464E-01	0.024	7.433E+00
9bk5A	5ht0-assembly2_D	2.509E-01	2.488E-01	1.024E-01	3.214E-01	0.024	3.918E+00
9bk5A	6mn0-assembly1_B	2.644E-01	2.618E-01	1.088E-01	3.352E-01	0.024	3.918E+00
9bk5A	7lts-assembly1_C	3.700E-01	3.504E-01	1.517E-01	3.412E-01	0.024	7.924E+00
9bk5A	2v7q-assembly1_G	3.688E-01	3.107E-01	1.240E-01	2.898E-01	0.024	6.134E+00
9bk5A	2ejz-assembly1_B	3.895E-01	3.510E-01	1.518E-01	3.561E-01	0.024	9.602E+00
9bk5A	2ek2-assembly1_B	3.564E-01	2.790E-01	1.224E-01	2.773E-01	0.024	5.397E+00
9bk5A	3r4r-assembly2_B	3.287E-01	1.962E-01	7.506E-02	2.361E-01	0.024	3.233E+00
9bk5A	7ccc-assembly1_C	4.037E-01	2.744E-01	1.049E-01	3.198E-01	0.024	8.448E+00
9bk5A	3u73-assembly1_U	3.577E-01	2.579E-01	9.566E-02	2.956E-01	0.024	6.539E+00
9bk5A	5mrc-assembly1_44	3.008E-01	2.694E-01	1.071E-01	3.221E-01	0.024	5.062E+00
9bk5A	5nan-assembly1_B	4.593E-01	2.569E-01	8.564E-02	2.931E-01	0.024	9.602E+00
9bk5A	5gv8-assembly1_A	4.182E-01	2.454E-01	8.952E-02	2.903E-01	0.024	7.433E+00
9bk5A	6hiv-assembly1_CH	3.251E-01	2.629E-01	1.183E-01	3.466E-01	0.024	6.972E+00
9bk5A	4mzu-assembly2_J	2.762E-01	2.665E-01	8.445E-02	3.302E-01	0.024	4.453E+00
9bk5A	6wjn-assembly1_Z	3.092E-01	2.532E-01	9.809E-02	3.239E-01	0.024	5.397E+00
9bk5A	3aim-assembly1_A	4.405E-01	2.586E-01	7.965E-02	2.907E-01	0.024	8.448E+00
9bk5A	6bns-assembly1_B	3.022E-01	2.240E-01	8.829E-02	2.799E-01	0.024	4.177E+00
9bk5A	3fe5-assembly1_A	2.815E-01	2.378E-01	8.684E-02	3.261E-01	0.024	4.453E+00
9bk5A	2ivv-assembly1_A-2	3.296E-01	2.942E-01	1.113E-01	3.400E-01	0.024	6.972E+00
9bk5A	1p5q-assembly1_A	2.746E-01	2.685E-01	1.221E-01	3.259E-01	0.024	4.177E+00
9bk5A	5cag-assembly1_A	4.914E-01	2.282E-01	7.326E-02	2.685E-01	0.024	9.007E+00
9bk5A	8fs3-assembly1_G	2.802E-01	2.704E-01	1.046E-01	2.867E-01	0.024	3.233E+00
9bk5A	7ype-assembly1_A	3.103E-01	2.985E-01	1.110E-01	3.266E-01	0.024	5.753E+00
9bk5A	3l5i-assembly1_A	4.380E-01	2.563E-01	8.433E-02	3.081E-01	0.024	9.602E+00
9bk5A	8fs7-assembly1_G	3.278E-01	2.302E-01	8.538E-02	3.044E-01	0.024	5.062E+00
9bk5A	7ux2-assembly1_I	3.042E-01	2.775E-01	9.997E-02	3.441E-01	0.024	6.539E+00
9bk5A	3t5p-assembly2_B	3.025E-01	2.689E-01	1.040E-01	3.082E-01	0.024	4.748E+00
9bk5A	8fw5-assembly1_D	2.950E-01	2.697E-01	9.733E-02	2.859E-01	0.024	3.918E+00
9bk5A	8yfy-assembly1_A-2	4.450E-01	2.608E-01	8.240E-02	3.073E-01	0.024	9.007E+00
9bk5A	5lk6-assembly2_D	4.353E-01	2.564E-01	7.336E-02	2.958E-01	0.024	9.602E+00
9bk5A	8ssk-assembly1_A	3.412E-01	3.353E-01	1.210E-01	3.265E-01	0.024	6.972E+00
9bk5A	7acv-assembly1_A	3.175E-01	2.741E-01	1.112E-01	3.172E-01	0.024	5.397E+00
9bk5A	6j0q-assembly1_A	3.908E-01	2.364E-01	6.730E-02	2.762E-01	0.024	6.972E+00
9bk5A	3vgl-assembly1_A	3.621E-01	2.485E-01	8.860E-02	3.146E-01	0.024	6.539E+00
9bk5A	6bdt-assembly3_C	3.287E-01	3.187E-01	9.572E-02	3.344E-01	0.024	6.134E+00
9bk5A	4ixn-assembly1_A	3.453E-01	3.325E-01	1.145E-01	3.361E-01	0.024	7.924E+00
9bk5A	4ou5-assembly1_A	4.441E-01	2.688E-01	7.529E-02	3.033E-01	0.024	9.007E+00
9bk5A	5s54-assembly1_F	3.642E-01	3.252E-01	1.196E-01	3.469E-01	0.024	9.007E+00
9bk5A	7ylr-assembly1_A	2.684E-01	2.205E-01	8.673E-02	2.917E-01	0.024	3.675E+00
9bk5A	2y65-assembly1_A-2	4.404E-01	3.872E-01	1.275E-01	3.151E-01	0.024	9.602E+00
9bk5A	6trl-assembly1_A	3.436E-01	3.100E-01	1.173E-01	3.645E-01	0.024	7.924E+00
9bk5A	5cyy-assembly2_C	2.179E-01	1.547E-01	6.100E-02	2.717E-01	0.024	1.599E+00
9bk5A	8fuk-assembly1_E	3.451E-01	3.145E-01	1.156E-01	3.421E-01	0.024	7.433E+00
9bk5A	4lhs-assembly1_A-2	2.234E-01	1.577E-01	5.555E-02	2.012E-01	0.024	7.906E-01
9bk5A	6vtb-assembly1_A	2.777E-01	1.848E-01	6.101E-02	3.200E-01	0.024	3.918E+00
9bk5A	2y65-assembly2_B-2	3.511E-01	3.074E-01	1.149E-01	3.393E-01	0.024	7.924E+00
9bk5A	6gqd-assembly1_A-2	2.827E-01	2.171E-01	7.902E-02	3.080E-01	0.024	4.453E+00
9bk5A	8riw-assembly1_F	2.680E-01	2.335E-01	9.934E-02	3.291E-01	0.024	4.748E+00
9bk5A	7z2p-assembly1_F	3.651E-01	3.170E-01	1.078E-01	3.354E-01	0.024	8.448E+00
9bk5A	4k1p-assembly2_B	3.012E-01	2.415E-01	8.215E-02	3.324E-01	0.024	5.062E+00
9bk5A	4zi7-assembly1_F	3.360E-01	2.832E-01	1.007E-01	3.387E-01	0.024	6.972E+00
9bk5A	6avz-assembly1_B	3.378E-01	2.503E-01	8.763E-02	3.029E-01	0.024	5.397E+00
9bk5A	8x7d-assembly2_B	2.316E-01	1.461E-01	4.365E-02	2.648E-01	0.024	1.817E+00
9bk5A	7u1j-assembly1_A	3.839E-01	2.656E-01	7.441E-02	3.305E-01	0.024	7.924E+00
9bk5A	7cww-assembly1_A	2.979E-01	2.370E-01	8.838E-02	4.126E-01	0.024	8.448E+00
9bk5A	5s4s-assembly1_F	3.531E-01	3.088E-01	1.099E-01	3.367E-01	0.024	7.433E+00
9bk5A	5s5n-assembly1_F	3.192E-01	2.914E-01	1.090E-01	3.483E-01	0.024	6.539E+00
9bk5A	7vmk-assembly1_F	3.385E-01	3.081E-01	1.118E-01	3.499E-01	0.024	7.433E+00
9bk5A	7dbb-assembly1_F	3.269E-01	2.957E-01	1.098E-01	3.993E-01	0.024	9.007E+00
9bk5A	8eg0-assembly1_B	3.719E-01	2.077E-01	5.587E-02	3.105E-01	0.024	7.924E+00
9bk5A	7xre-assembly1_A	4.236E-01	2.361E-01	5.541E-02	2.914E-01	0.024	8.448E+00
9bk5A	8ciy-assembly1_A-2	3.618E-01	3.467E-01	9.702E-02	3.685E-01	0.024	9.007E+00
9bk5A	7xre-assembly1_B	4.214E-01	2.348E-01	5.576E-02	2.966E-01	0.024	8.448E+00
9bk5A	7qfn-assembly1_A-2	3.910E-01	3.012E-01	8.834E-02	3.230E-01	0.024	8.448E+00
9bk5A	8sdv-assembly1_A	3.445E-01	1.965E-01	6.998E-02	2.537E-01	0.024	4.177E+00
9bk5A	9ckv-assembly1_B	4.052E-01	2.702E-01	7.654E-02	2.647E-01	0.024	6.134E+00
9bk5A	7azd-assembly2_B	3.624E-01	3.472E-01	9.532E-02	3.656E-01	0.024	9.602E+00
9bk5A	7rzm-assembly1_A	3.366E-01	3.229E-01	8.875E-02	3.413E-01	0.024	7.433E+00
9bk5A	7uu3-assembly1_A	3.792E-01	3.132E-01	9.769E-02	3.149E-01	0.024	7.924E+00
9bk5A	6izo-assembly1_A	3.466E-01	3.345E-01	9.291E-02	3.726E-01	0.024	8.448E+00
9bk5A	6c07-assembly1_C	2.586E-01	2.235E-01	7.570E-02	3.796E-01	0.024	5.062E+00
9bk5A	4pu9-assembly1_A-2	4.117E-01	2.841E-01	7.729E-02	2.757E-01	0.024	7.433E+00
9bk5A	4zlt-assembly2_A	2.743E-01	2.606E-01	7.908E-02	2.890E-01	0.024	3.033E+00
9bk5A	6ap4-assembly2_C	3.609E-01	3.507E-01	9.584E-02	3.652E-01	0.024	9.602E+00
9bk5A	6ltv-assembly1_B	2.775E-01	2.456E-01	7.199E-02	3.896E-01	0.024	6.972E+00
9bk5A	3pv3-assembly1_C-3	4.939E-01	2.246E-01	5.389E-02	2.580E-01	0.024	9.007E+00
9bk5A	6gef-assembly1_A	3.087E-01	2.716E-01	8.411E-02	3.792E-01	0.024	6.972E+00
9bk5A	6xi3-assembly1_AAA	4.279E-01	2.423E-01	6.391E-02	2.621E-01	0.024	6.972E+00
9bk5A	7zl3-assembly1_A	3.054E-01	2.388E-01	6.566E-02	2.933E-01	0.024	4.748E+00
9bk5A	2ea7-assembly1_A	3.331E-01	2.262E-01	5.704E-02	3.188E-01	0.024	6.134E+00
9bk5A	1o6u-assembly3_E	3.807E-01	2.860E-01	7.209E-02	3.147E-01	0.024	7.924E+00
9bk5A	7b5i-assembly1_AB	4.118E-01	2.183E-01	5.657E-02	2.767E-01	0.024	7.433E+00
9bk5A	5i34-assembly1_B	3.643E-01	2.980E-01	8.761E-02	3.466E-01	0.024	8.448E+00
9bk5A	5tdf-assembly1_A	3.343E-01	2.470E-01	6.714E-02	3.208E-01	0.024	6.539E+00
9bk5A	8kem-assembly1_A	3.299E-01	2.295E-01	6.555E-02	2.542E-01	0.024	3.918E+00
9bk5A	6ksv-assembly2_B	3.902E-01	1.942E-01	6.025E-02	2.657E-01	0.024	5.753E+00
9bk5A	4wk2-assembly1_B	4.151E-01	2.828E-01	6.774E-02	2.695E-01	0.024	6.972E+00
9bk5A	4r8f-assembly1_B	3.004E-01	2.567E-01	8.158E-02	3.081E-01	0.024	4.748E+00
9bk5A	1ade-assembly1_A	3.763E-01	2.920E-01	7.786E-02	3.321E-01	0.024	8.448E+00
9bk5A	4r1l-assembly2_C	2.991E-01	2.497E-01	6.583E-02	3.742E-01	0.024	6.539E+00
9bk5A	3gza-assembly1_A	2.533E-01	2.353E-01	6.240E-02	3.033E-01	0.024	3.233E+00
9bk5A	6ksu-assembly2_B	3.904E-01	1.916E-01	5.833E-02	2.713E-01	0.024	6.539E+00
9bk5A	3zpo-assembly1_A	3.095E-01	2.880E-01	8.439E-02	2.857E-01	0.024	3.918E+00
9bk5A	4ez4-assembly1_A	2.793E-01	2.517E-01	8.193E-02	3.004E-01	0.024	3.918E+00
9bk5A	3uxf-assembly1_A	2.928E-01	2.434E-01	7.311E-02	3.545E-01	0.024	5.397E+00
9bk5A	6org-assembly2_B	2.640E-01	1.932E-01	4.691E-02	2.747E-01	0.024	2.845E+00
9bk5A	3f85-assembly1_A	2.653E-01	1.991E-01	5.023E-02	2.768E-01	0.024	3.033E+00
9bk5A	4ccm-assembly1_B-2	3.768E-01	3.054E-01	7.750E-02	3.396E-01	0.024	8.448E+00
9bk5A	4ccn-assembly1_B-2	3.751E-01	3.067E-01	7.796E-02	3.232E-01	0.024	7.924E+00
9bk5A	3zdp-assembly1_A	4.238E-01	2.132E-01	4.525E-02	2.916E-01	0.024	8.448E+00
9bk5A	3a31-assembly1_A	2.292E-01	2.235E-01	6.068E-02	2.899E-01	0.024	2.503E+00
9bk5A	6jeb-assembly1_A	3.521E-01	2.598E-01	6.720E-02	3.246E-01	0.024	6.539E+00
9bk5A	6e2q-assembly2_B	4.105E-01	2.561E-01	5.113E-02	2.952E-01	0.024	7.924E+00
9bk5A	7q6y-assembly1_A	3.690E-01	2.745E-01	6.633E-02	3.011E-01	0.024	6.539E+00
9bk5A	6g8f-assembly1_A	3.267E-01	3.101E-01	8.580E-02	3.382E-01	0.024	6.134E+00
9bk5A	5z3k-assembly2_B	3.873E-01	2.524E-01	5.056E-02	2.746E-01	0.024	6.539E+00
9bk5A	2wyo-assembly2_B	3.373E-01	2.386E-01	4.565E-02	2.723E-01	0.024	4.177E+00
9bk5A	8ceo-assembly1_d	3.486E-01	2.586E-01	5.497E-02	3.060E-01	0.024	6.134E+00
9bk5A	5kdj-assembly1_B	2.364E-01	2.230E-01	5.134E-02	2.689E-01	0.024	1.937E+00
9bk5A	2v7y-assembly1_A	3.524E-01	2.929E-01	6.747E-02	3.277E-01	0.024	7.433E+00
9bk5A	5of9-assembly1_B	2.571E-01	1.923E-01	4.488E-02	2.561E-01	0.024	2.202E+00
9bk5A	7ljj-assembly1_A	4.603E-01	1.905E-01	3.445E-02	2.022E-01	0.024	5.062E+00
9bk5A	7sn4-assembly1_X	3.365E-01	2.530E-01	5.910E-02	3.070E-01	0.024	6.134E+00
9bk5A	6sjc-assembly1_A	2.994E-01	2.738E-01	5.867E-02	3.557E-01	0.024	6.134E+00
9bk5A	7wrw-assembly1_B	3.139E-01	2.406E-01	4.093E-02	2.434E-01	0.024	3.233E+00
9bk5A	4zrx-assembly1_A	2.626E-01	2.436E-01	5.283E-02	3.400E-01	0.024	4.177E+00
9bk5A	8qa5-assembly1_A	2.837E-01	2.718E-01	5.956E-02	3.102E-01	0.024	4.453E+00
9bk5A	7b2m-assembly1_B	3.735E-01	2.716E-01	4.040E-02	2.809E-01	0.024	6.539E+00
9bk5A	7vnn-assembly1_D	2.730E-01	2.156E-01	3.452E-02	2.429E-01	0.024	2.202E+00
9bk5A	8hhe-assembly2_B	4.131E-01	2.991E-01	5.098E-02	3.175E-01	0.024	9.007E+00
9bk5A	3cmg-assembly1_A	3.733E-01	2.491E-01	3.736E-02	2.573E-01	0.024	4.748E+00
9bk5A	6k8o-assembly1_A	4.469E-01	2.321E-01	3.194E-02	3.059E-01	0.024	9.602E+00
9bk5A	1k9e-assembly1_A	3.596E-01	2.503E-01	4.790E-02	3.522E-01	0.024	8.448E+00
9bk5A	7p2b-assembly1_A	3.469E-01	2.913E-01	4.605E-02	3.402E-01	0.024	7.433E+00
9bk5A	4zda-assembly1_B	3.756E-01	2.095E-01	3.176E-02	2.805E-01	0.024	6.134E+00
9bk5A	5te1-assembly1_A	3.380E-01	2.465E-01	4.253E-02	3.260E-01	0.024	6.972E+00
9bk5A	5te1-assembly2_B	3.334E-01	2.466E-01	4.286E-02	3.210E-01	0.024	5.753E+00
9bk5A	8k7v-assembly1_D	3.487E-01	2.720E-01	4.834E-02	2.684E-01	0.024	5.062E+00
9bk5A	8h2m-assembly1_A	2.994E-01	2.344E-01	4.065E-02	2.981E-01	0.024	4.453E+00
9bk5A	5hfu-assembly1_A	3.514E-01	2.481E-01	3.991E-02	3.369E-01	0.024	7.433E+00
9bk5A	8gk8-assembly1_D	3.061E-01	2.542E-01	3.883E-02	3.514E-01	0.024	6.539E+00
9bk5A	7qxs-assembly1_A	3.210E-01	2.617E-01	3.658E-02	3.099E-01	0.024	5.397E+00
9bk5A	4hnv-assembly1_B	3.683E-01	2.703E-01	3.295E-02	3.409E-01	0.024	9.007E+00
9bk5A	8wcs-assembly1_A	2.919E-01	1.954E-01	2.324E-02	2.745E-01	0.024	3.447E+00
9bk5A	9cgu-assembly1_A	2.725E-01	2.043E-01	3.086E-02	3.403E-01	0.024	5.062E+00
9bk5A	3pvm-assembly2_D	3.125E-01	2.294E-01	2.352E-02	2.774E-01	0.024	4.177E+00
9bk5A	4un4-assembly1_B	3.332E-01	2.227E-01	2.703E-02	3.644E-01	0.024	7.924E+00
9bk5A	6sh9-assembly1_B	3.825E-01	2.804E-01	2.224E-02	2.568E-01	0.024	5.753E+00
9bk5A	1wtq-assembly1_A	3.418E-01	1.879E-01	2.124E-01	3.137E-01	0.020	7.433E+00
9bk5A	2xiw-assembly1_A-2	3.414E-01	2.079E-01	2.330E-01	3.248E-01	0.020	7.924E+00
9bk5A	6wvk-assembly1_E	2.811E-01	2.098E-01	2.254E-01	2.967E-01	0.020	5.062E+00
9bk5A	4qqg-assembly3_C	3.839E-01	2.112E-01	2.283E-01	2.917E-01	0.020	9.007E+00
9bk5A	6jeo-assembly1_cD	3.171E-01	2.030E-01	2.160E-01	3.393E-01	0.020	8.448E+00
9bk5A	7skn-assembly1_B	1.629E-01	1.207E-01	1.258E-01	2.246E-01	0.020	6.524E-01
9bk5A	8zra-assembly1_A	4.044E-01	2.773E-01	2.749E-01	2.920E-01	0.020	9.007E+00
9bk5A	1wvl-assembly1_A	3.705E-01	2.023E-01	1.974E-01	3.157E-01	0.020	9.007E+00
9bk5A	4mjs-assembly8_P	2.821E-01	1.914E-01	1.861E-01	2.796E-01	0.020	4.177E+00
9bk5A	5wwx-assembly1_A	2.870E-01	2.449E-01	2.305E-01	3.499E-01	0.020	6.972E+00
9bk5A	1zvv-assembly2_J-3	3.178E-01	2.783E-01	2.667E-01	2.963E-01	0.020	6.539E+00
9bk5A	2c60-assembly1_A	3.108E-01	1.956E-01	1.840E-01	3.131E-01	0.020	6.134E+00
9bk5A	4hwn-assembly1_A	3.123E-01	1.562E-01	1.478E-01	2.674E-01	0.020	5.062E+00
9bk5A	6vd8-assembly1_A	3.113E-01	2.527E-01	2.383E-01	3.921E-01	0.020	9.007E+00
9bk5A	7dbo-assembly2_B	2.382E-01	2.012E-01	1.897E-01	2.646E-01	0.020	2.845E+00
9bk5A	2g4s-assembly1_A	2.729E-01	2.307E-01	2.210E-01	3.375E-01	0.020	5.397E+00
9bk5A	2y1r-assembly15_O	2.666E-01	1.978E-01	1.758E-01	2.999E-01	0.020	4.177E+00
9bk5A	7dbo-assembly1_A	2.215E-01	1.925E-01	1.803E-01	2.969E-01	0.020	2.503E+00
9bk5A	1bte-assembly1_A	3.091E-01	1.949E-01	1.726E-01	2.842E-01	0.020	5.753E+00
9bk5A	7wim-assembly2_H	3.484E-01	2.465E-01	2.159E-01	2.773E-01	0.020	6.972E+00
9bk5A	7wim-assembly3_N	3.417E-01	2.420E-01	2.157E-01	2.747E-01	0.020	6.539E+00
9bk5A	7eyp-assembly1_B	1.924E-01	1.634E-01	1.455E-01	2.948E-01	0.020	1.817E+00
9bk5A	7wim-assembly1_E	3.408E-01	2.432E-01	2.139E-01	2.785E-01	0.020	6.134E+00
9bk5A	2vtx-assembly2_H	3.763E-01	2.155E-01	1.855E-01	3.167E-01	0.020	9.007E+00
9bk5A	8j07-assembly1_q5	2.782E-01	2.537E-01	2.224E-01	3.317E-01	0.020	6.134E+00
9bk5A	2e3v-assembly2_B	3.803E-01	2.023E-01	1.688E-01	2.501E-01	0.020	6.134E+00
9bk5A	7oxg-assembly1_A	4.024E-01	2.006E-01	1.652E-01	2.974E-01	0.020	9.602E+00
9bk5A	2jli-assembly1_A	2.690E-01	2.144E-01	1.749E-01	3.310E-01	0.020	5.397E+00
9bk5A	2kbg-assembly1_A	4.498E-01	1.970E-01	1.584E-01	2.266E-01	0.020	6.972E+00
9bk5A	2haz-assembly1_A	3.886E-01	2.459E-01	1.999E-01	3.060E-01	0.020	9.007E+00
9bk5A	2ii8-assembly1_B	2.867E-01	2.242E-01	1.814E-01	2.300E-01	0.020	2.845E+00
9bk5A	6vqc-assembly1_H	2.847E-01	2.268E-01	1.771E-01	3.464E-01	0.020	6.972E+00
9bk5A	1xb9-assembly1_D	3.443E-01	2.562E-01	2.073E-01	2.704E-01	0.020	5.397E+00
9bk5A	1xb9-assembly2_F	3.805E-01	2.848E-01	2.294E-01	3.244E-01	0.020	9.602E+00
9bk5A	4rt0-assembly1_A	3.480E-01	2.568E-01	2.036E-01	3.505E-01	0.020	9.602E+00
9bk5A	5y6h-assembly1_A	4.727E-01	2.316E-01	1.692E-01	2.619E-01	0.020	9.602E+00
9bk5A	7eue-assembly1_B	2.607E-01	2.019E-01	1.523E-01	2.950E-01	0.020	3.918E+00
9bk5A	8e79-assembly1_N	2.389E-01	2.123E-01	1.701E-01	2.758E-01	0.020	2.668E+00
9bk5A	1ifr-assembly1_A	4.760E-01	1.969E-01	1.421E-01	2.573E-01	0.020	9.602E+00
9bk5A	4it6-assembly1_A	3.176E-01	2.722E-01	2.124E-01	3.000E-01	0.020	6.539E+00
9bk5A	2nys-assembly1_B	3.775E-01	2.629E-01	2.007E-01	2.512E-01	0.020	6.539E+00
9bk5A	6f1d-assembly1_A	3.572E-01	2.299E-01	1.675E-01	2.765E-01	0.020	6.134E+00
9bk5A	1poq-assembly1_A	3.327E-01	2.446E-01	1.814E-01	3.064E-01	0.020	7.433E+00
9bk5A	7eqk-assembly1_A	2.726E-01	2.181E-01	1.570E-01	3.031E-01	0.020	5.062E+00
9bk5A	5xe8-assembly1_C	3.310E-01	3.184E-01	2.427E-01	3.193E-01	0.020	6.972E+00
9bk5A	8jiw-assembly1_BY	2.879E-01	2.589E-01	1.986E-01	3.352E-01	0.020	6.134E+00
9bk5A	6xwv-assembly1_B	3.986E-01	3.067E-01	2.086E-01	2.953E-01	0.020	9.007E+00
9bk5A	2hti-assembly1_A-2	3.264E-01	2.730E-01	1.876E-01	3.029E-01	0.020	6.539E+00
9bk5A	7l9p-assembly1_K	3.671E-01	2.770E-01	1.912E-01	3.313E-01	0.020	9.007E+00
9bk5A	2ov7-assembly3_C	3.473E-01	3.325E-01	2.497E-01	3.388E-01	0.020	8.448E+00
9bk5A	2c4y-assembly1_A-15	4.177E-01	2.529E-01	1.721E-01	2.849E-01	0.020	9.602E+00
9bk5A	3v67-assembly1_B	2.951E-01	2.703E-01	1.852E-01	3.272E-01	0.020	6.972E+00
9bk5A	8zet-assembly1_d	2.967E-01	2.347E-01	1.694E-01	3.339E-01	0.020	6.972E+00
9bk5A	6o2k-assembly1_A	3.363E-01	2.325E-01	1.488E-01	2.526E-01	0.020	5.062E+00
9bk5A	2p6h-assembly1_A	2.109E-01	2.109E-01	1.428E-01	2.845E-01	0.020	2.202E+00
9bk5A	5j5b-assembly1_DI	3.101E-01	2.897E-01	2.097E-01	3.822E-01	0.020	9.007E+00
9bk5A	5y1z-assembly2_B	3.314E-01	2.419E-01	1.701E-01	3.340E-01	0.020	7.433E+00
9bk5A	4c8f-assembly2_B	3.355E-01	1.844E-01	1.194E-01	2.516E-01	0.020	5.397E+00
9bk5A	5jv4-assembly2_E	3.179E-01	2.273E-01	1.500E-01	3.049E-01	0.020	6.539E+00
9bk5A	7w52-assembly2_D	2.841E-01	2.426E-01	1.646E-01	3.298E-01	0.020	6.539E+00
9bk5A	2ql8-assembly1_B	2.458E-01	2.095E-01	1.529E-01	3.798E-01	0.020	6.539E+00
9bk5A	9jxc-assembly2_D	2.930E-01	2.377E-01	1.666E-01	3.718E-01	0.020	7.433E+00
9bk5A	7s3d-assembly1_D	3.230E-01	2.757E-01	1.944E-01	3.281E-01	0.020	7.924E+00
9bk5A	4y6x-assembly3_C-4	2.691E-01	2.596E-01	1.693E-01	2.949E-01	0.020	4.453E+00
9bk5A	3luo-assembly1_A	3.894E-01	2.019E-01	1.234E-01	3.027E-01	0.020	9.007E+00
9bk5A	4z5v-assembly1_B	2.654E-01	2.208E-01	1.367E-01	3.588E-01	0.020	6.539E+00
9bk5A	2ed4-assembly1_B	3.477E-01	2.745E-01	1.589E-01	3.122E-01	0.020	7.924E+00
9bk5A	6vpw-assembly1_B	3.188E-01	2.881E-01	1.818E-01	3.815E-01	0.020	9.007E+00
9bk5A	8bsj-assembly1_LU	4.175E-01	2.696E-01	1.524E-01	3.020E-01	0.020	9.602E+00
9bk5A	8gt1-assembly1_B	2.908E-01	2.455E-01	1.554E-01	3.230E-01	0.020	6.539E+00
9bk5A	6nwo-assembly1_A	2.332E-01	1.773E-01	1.055E-01	2.542E-01	0.020	1.937E+00
9bk5A	1gny-assembly1_A	3.017E-01	2.419E-01	1.500E-01	2.591E-01	0.020	4.177E+00
9bk5A	6hxy-assembly1_B-2	2.849E-01	2.399E-01	1.371E-01	3.173E-01	0.020	6.134E+00
9bk5A	9ba3-assembly3_E	3.240E-01	1.792E-01	9.897E-02	2.245E-01	0.020	3.918E+00
9bk5A	8ova-assembly1_BU	4.053E-01	2.686E-01	1.450E-01	2.985E-01	0.020	9.602E+00
9bk5A	3kop-assembly1_A	3.366E-01	2.563E-01	1.403E-01	2.765E-01	0.020	6.134E+00
9bk5A	6d6n-assembly1_A	2.837E-01	2.545E-01	1.565E-01	2.960E-01	0.020	4.748E+00
9bk5A	3zn5-assembly4_D	3.333E-01	2.630E-01	1.529E-01	2.805E-01	0.020	5.753E+00
9bk5A	7dtr-assembly1_A-2	3.371E-01	2.153E-01	1.170E-01	2.918E-01	0.020	6.972E+00
9bk5A	1zri-assembly1_A	3.411E-01	2.712E-01	1.599E-01	3.052E-01	0.020	7.924E+00
9bk5A	3kop-assembly1_E	4.065E-01	2.557E-01	1.351E-01	2.692E-01	0.020	8.448E+00
9bk5A	3x29-assembly1_A	2.909E-01	2.020E-01	9.762E-02	2.728E-01	0.020	4.748E+00
9bk5A	3kop-assembly1_F	4.063E-01	2.556E-01	1.323E-01	2.700E-01	0.020	8.448E+00
9bk5A	4qxa-assembly1_A	3.803E-01	2.865E-01	1.533E-01	3.284E-01	0.020	9.602E+00
9bk5A	3zjb-assembly1_C	3.131E-01	2.606E-01	1.582E-01	3.094E-01	0.020	6.134E+00
9bk5A	2m2u-assembly1_A	4.030E-01	1.577E-01	8.175E-02	2.621E-01	0.020	6.972E+00
9bk5A	7ob0-assembly2_C-2	3.669E-01	2.900E-01	1.579E-01	2.923E-01	0.020	6.972E+00
9bk5A	2wo3-assembly1_A	3.171E-01	2.209E-01	1.063E-01	2.523E-01	0.020	4.748E+00
9bk5A	2qgu-assembly1_A	3.587E-01	3.181E-01	1.506E-01	3.298E-01	0.020	9.602E+00
9bk5A	1z2c-assembly2_C-3	4.261E-01	2.260E-01	1.081E-01	2.874E-01	0.020	9.007E+00
9bk5A	9cmi-assembly1_A	2.852E-01	2.012E-01	9.244E-02	3.211E-01	0.020	5.753E+00
9bk5A	3fv5-assembly1_A	3.081E-01	2.450E-01	1.301E-01	2.401E-01	0.020	3.918E+00
9bk5A	5w45-assembly2_B	3.821E-01	3.033E-01	1.625E-01	3.274E-01	0.020	9.602E+00
9bk5A	5xuy-assembly2_C	3.393E-01	2.674E-01	1.406E-01	3.454E-01	0.020	9.007E+00
9bk5A	8fij-assembly2_B	3.459E-01	1.873E-01	9.662E-02	3.051E-01	0.020	7.433E+00
9bk5A	1xe7-assembly1_A	3.368E-01	2.171E-01	1.049E-01	2.628E-01	0.020	5.062E+00
9bk5A	6hrs-assembly2_E	4.329E-01	3.416E-01	1.850E-01	2.704E-01	0.020	8.448E+00
9bk5A	5j11-assembly1_C	4.110E-01	2.094E-01	1.005E-01	2.481E-01	0.020	6.539E+00
9bk5A	5h10-assembly1_A	3.083E-01	2.384E-01	1.307E-01	3.038E-01	0.020	5.753E+00
9bk5A	5dqe-assembly1_A	3.855E-01	2.697E-01	1.258E-01	3.315E-01	0.020	9.602E+00
9bk5A	8eoi-assembly1_H	3.268E-01	2.817E-01	1.439E-01	3.384E-01	0.020	7.924E+00
9bk5A	5j12-assembly1_B	4.772E-01	2.390E-01	1.107E-01	2.551E-01	0.020	9.007E+00
9bk5A	8se8-assembly1_A	3.523E-01	1.962E-01	9.429E-02	2.665E-01	0.020	5.397E+00
9bk5A	8se8-assembly4_R	3.741E-01	2.043E-01	9.600E-02	2.741E-01	0.020	6.972E+00
9bk5A	8se8-assembly3_L	4.105E-01	2.629E-01	1.283E-01	2.764E-01	0.020	9.007E+00
9bk5A	6z0y-assembly2_B	3.138E-01	1.813E-01	8.716E-02	2.719E-01	0.020	5.062E+00
9bk5A	1my6-assembly1_B	3.005E-01	1.954E-01	9.357E-02	2.928E-01	0.020	4.748E+00
9bk5A	3erv-assembly1_A	2.926E-01	2.779E-01	1.528E-01	2.983E-01	0.020	5.397E+00
9bk5A	8hi2-assembly1_A	3.610E-01	3.491E-01	1.537E-01	2.800E-01	0.020	6.539E+00
9bk5A	8se8-assembly3_M	3.647E-01	2.018E-01	9.238E-02	2.813E-01	0.020	6.539E+00
9bk5A	3j9m-assembly1_AF	3.263E-01	2.042E-01	9.876E-02	3.290E-01	0.020	8.448E+00
9bk5A	1zq7-assembly1_A	2.873E-01	2.551E-01	1.492E-01	3.509E-01	0.020	7.433E+00
9bk5A	8avk-assembly1_B	3.642E-01	2.436E-01	1.198E-01	3.089E-01	0.020	9.007E+00
9bk5A	1y67-assembly2_C	4.257E-01	2.086E-01	9.908E-02	2.900E-01	0.020	9.007E+00
9bk5A	2hly-assembly1_A	3.955E-01	1.685E-01	7.976E-02	2.822E-01	0.020	8.448E+00
9bk5A	4rl9-assembly1_A	2.800E-01	2.076E-01	9.253E-02	2.649E-01	0.020	3.918E+00
9bk5A	2cdy-assembly4_D	4.222E-01	2.075E-01	9.776E-02	2.896E-01	0.020	9.602E+00
9bk5A	3lsu-assembly1_B	3.404E-01	2.721E-01	1.353E-01	3.424E-01	0.020	9.007E+00
9bk5A	8yl4-assembly1_B	2.887E-01	2.551E-01	1.237E-01	3.513E-01	0.020	7.433E+00
9bk5A	2cdy-assembly3_C	4.242E-01	2.080E-01	9.857E-02	2.901E-01	0.020	9.602E+00
9bk5A	5xjd-assembly1_A	3.742E-01	2.706E-01	1.210E-01	3.089E-01	0.020	9.602E+00
9bk5A	6o7x-assembly1_M	3.331E-01	2.717E-01	1.210E-01	3.330E-01	0.020	7.924E+00
9bk5A	6ylz-assembly1_AAA-2	3.273E-01	2.184E-01	1.051E-01	2.711E-01	0.020	5.753E+00
9bk5A	2hqk-assembly1_A	3.962E-01	2.167E-01	8.434E-02	2.669E-01	0.020	6.972E+00
9bk5A	2wux-assembly1_A	2.172E-01	2.088E-01	1.004E-01	2.881E-01	0.020	2.845E+00
9bk5A	8qma-assembly1_G	3.668E-01	2.464E-01	1.121E-01	3.176E-01	0.020	8.448E+00
9bk5A	1y67-assembly2_D	4.231E-01	2.065E-01	9.472E-02	2.893E-01	0.020	9.007E+00
9bk5A	8xzv-assembly1_M	3.293E-01	1.957E-01	9.659E-02	2.877E-01	0.020	5.753E+00
9bk5A	9b9s-assembly1_A-2	2.880E-01	1.799E-01	8.189E-02	2.387E-01	0.020	3.233E+00
9bk5A	3kmh-assembly1_A	3.341E-01	2.327E-01	9.068E-02	2.323E-01	0.020	3.918E+00
9bk5A	8pw1-assembly10_J	3.305E-01	2.424E-01	1.130E-01	3.202E-01	0.020	6.972E+00
9bk5A	3kyg-assembly1_B	3.908E-01	2.581E-01	1.134E-01	2.403E-01	0.020	6.539E+00
9bk5A	2wbm-assembly2_B	3.098E-01	2.699E-01	1.170E-01	3.657E-01	0.020	7.924E+00
9bk5A	7qi6-assembly1_e	3.530E-01	1.923E-01	7.971E-02	2.325E-01	0.020	4.453E+00
9bk5A	8pel-assembly1_D	3.007E-01	1.954E-01	1.054E-01	2.661E-01	0.020	4.748E+00
9bk5A	2qm4-assembly1_A	4.348E-01	2.778E-01	1.086E-01	2.926E-01	0.020	9.602E+00
9bk5A	4v6o-assembly1_AF	3.959E-01	3.030E-01	1.238E-01	2.977E-01	0.020	9.602E+00
9bk5A	3dnh-assembly1_A	3.407E-01	2.113E-01	9.688E-02	2.551E-01	0.020	5.062E+00
9bk5A	7r3i-assembly1_A	2.644E-01	1.905E-01	9.503E-02	3.301E-01	0.020	4.748E+00
9bk5A	8bzl-assembly1_P	3.325E-01	2.630E-01	1.226E-01	3.013E-01	0.020	7.433E+00
9bk5A	3ifv-assembly1_C	3.365E-01	3.246E-01	1.443E-01	3.593E-01	0.020	9.007E+00
9bk5A	1oik-assembly1_A-2	2.490E-01	2.453E-01	1.022E-01	2.971E-01	0.020	3.447E+00
9bk5A	1oih-assembly1_C	3.295E-01	2.415E-01	9.397E-02	2.664E-01	0.020	5.753E+00
9bk5A	4pde-assembly1_A-2	2.565E-01	2.198E-01	1.071E-01	3.369E-01	0.020	5.062E+00
9bk5A	4ag0-assembly1_B	2.407E-01	2.086E-01	9.040E-02	2.938E-01	0.020	3.233E+00
9bk5A	1cyy-assembly1_A	3.659E-01	2.480E-01	1.017E-01	3.156E-01	0.020	9.007E+00
9bk5A	2xnj-assembly2_B	2.750E-01	2.310E-01	9.916E-02	2.748E-01	0.020	3.675E+00
9bk5A	3l7z-assembly1_A	3.158E-01	1.789E-01	6.381E-02	2.739E-01	0.020	5.397E+00
9bk5A	1oii-assembly2_B	2.693E-01	2.617E-01	1.077E-01	3.165E-01	0.020	5.397E+00
9bk5A	2c39-assembly4_U	3.145E-01	1.780E-01	5.836E-02	2.836E-01	0.020	5.753E+00
9bk5A	8cao-assembly1_A	2.403E-01	1.841E-01	7.930E-02	2.507E-01	0.020	2.348E+00
9bk5A	5wvk-assembly1_U	2.939E-01	2.423E-01	1.032E-01	3.376E-01	0.020	6.539E+00
9bk5A	2br2-assembly1_A	3.181E-01	1.801E-01	6.195E-02	2.770E-01	0.020	5.397E+00
9bk5A	2pck-assembly1_A	3.561E-01	2.861E-01	1.242E-01	2.810E-01	0.020	6.539E+00
9bk5A	2dsi-assembly1_A	3.520E-01	2.855E-01	1.228E-01	2.848E-01	0.020	6.539E+00
9bk5A	2dv5-assembly1_B	3.669E-01	3.313E-01	1.459E-01	3.497E-01	0.020	9.602E+00
9bk5A	2dxv-assembly1_B	3.786E-01	3.210E-01	1.366E-01	3.204E-01	0.020	9.007E+00
9bk5A	2dxw-assembly1_B	3.781E-01	3.206E-01	1.365E-01	3.202E-01	0.020	9.007E+00
9bk5A	2dxx-assembly1_B	3.793E-01	3.188E-01	1.359E-01	3.206E-01	0.020	9.007E+00
9bk5A	2ek7-assembly1_B	3.550E-01	2.776E-01	1.167E-01	2.980E-01	0.020	7.433E+00
9bk5A	2owg-assembly1_B	3.546E-01	2.775E-01	1.178E-01	2.971E-01	0.020	6.972E+00
9bk5A	2owv-assembly1_A	3.585E-01	2.836E-01	1.177E-01	3.013E-01	0.020	7.433E+00
9bk5A	2p5c-assembly1_B	3.779E-01	3.190E-01	1.367E-01	3.217E-01	0.020	9.602E+00
9bk5A	2pb5-assembly1_B	3.522E-01	2.846E-01	1.226E-01	2.836E-01	0.020	6.134E+00
9bk5A	3kzl-assembly1_A	2.381E-01	2.340E-01	9.794E-02	3.454E-01	0.020	4.177E+00
9bk5A	7qoi-assembly1_Be	3.344E-01	3.197E-01	1.247E-01	3.505E-01	0.020	8.448E+00
9bk5A	4mq7-assembly1_A	3.482E-01	2.065E-01	9.041E-02	2.920E-01	0.020	7.433E+00
9bk5A	3a1j-assembly1_B	3.292E-01	3.158E-01	1.131E-01	3.297E-01	0.020	7.924E+00
9bk5A	2c38-assembly1_E	3.157E-01	1.781E-01	5.924E-02	2.645E-01	0.020	5.062E+00
9bk5A	1xz0-assembly1_A	3.101E-01	2.100E-01	9.229E-02	3.119E-01	0.020	6.134E+00
9bk5A	7d3e-assembly1_B	4.003E-01	2.091E-01	6.695E-02	2.599E-01	0.020	6.972E+00
9bk5A	3r4r-assembly1_A	3.314E-01	1.999E-01	7.621E-02	2.424E-01	0.020	4.453E+00
9bk5A	6cug-assembly1_A	2.603E-01	1.905E-01	8.595E-02	3.528E-01	0.020	6.134E+00
9bk5A	5iqv-assembly1_A	2.430E-01	2.366E-01	9.254E-02	3.139E-01	0.020	3.918E+00
9bk5A	6bk9-assembly1_A	3.274E-01	2.225E-01	6.932E-02	2.795E-01	0.020	5.753E+00
9bk5A	5tz6-assembly1_B	2.979E-01	2.088E-01	8.056E-02	2.773E-01	0.020	4.748E+00
9bk5A	3l5j-assembly1_A	4.201E-01	2.435E-01	8.442E-02	3.034E-01	0.020	9.602E+00
9bk5A	8u5f-assembly8_H	2.725E-01	2.084E-01	7.460E-02	2.791E-01	0.020	3.918E+00
9bk5A	3kg8-assembly1_A	2.949E-01	2.088E-01	7.929E-02	2.755E-01	0.020	4.453E+00
9bk5A	7run-assembly1_A	3.083E-01	2.953E-01	1.075E-01	3.352E-01	0.020	7.924E+00
9bk5A	7run-assembly2_B	3.077E-01	2.948E-01	1.067E-01	3.360E-01	0.020	7.433E+00
9bk5A	5kku-assembly3_C	2.530E-01	2.462E-01	9.051E-02	2.971E-01	0.020	4.177E+00
9bk5A	2nud-assembly2_B	2.199E-01	2.081E-01	9.953E-02	3.108E-01	0.020	3.233E+00
9bk5A	7sh2-assembly1_G	2.618E-01	2.533E-01	1.021E-01	2.832E-01	0.020	3.447E+00
9bk5A	8yh9-assembly1_E	3.335E-01	3.064E-01	1.116E-01	3.363E-01	0.020	9.007E+00
9bk5A	6is5-assembly1_C	3.842E-01	2.676E-01	8.241E-02	2.790E-01	0.020	7.924E+00
9bk5A	3tmc-assembly2_B	3.534E-01	2.961E-01	1.141E-01	3.391E-01	0.020	9.602E+00
9bk5A	6x3a-assembly1_A	3.466E-01	2.280E-01	7.101E-02	2.919E-01	0.020	6.539E+00
9bk5A	9fcj-assembly1_D	3.217E-01	1.901E-01	6.453E-02	2.298E-01	0.020	3.447E+00
9bk5A	8j97-assembly1_A	2.635E-01	1.920E-01	6.661E-02	2.609E-01	0.020	2.845E+00
9bk5A	8fxv-assembly1_A-2	2.271E-01	2.156E-01	9.137E-02	2.941E-01	0.020	2.668E+00
9bk5A	6lc8-assembly2_B	3.302E-01	2.008E-01	7.561E-02	2.525E-01	0.020	5.062E+00
9bk5A	1mdw-assembly2_B	3.264E-01	2.818E-01	9.770E-02	3.321E-01	0.020	7.924E+00
9bk5A	1te0-assembly1_A	3.997E-01	2.472E-01	7.510E-02	2.905E-01	0.020	9.602E+00
9bk5A	5vqp-assembly1_A-2	1.728E-01	1.702E-01	9.049E-02	2.676E-01	0.020	1.021E+00
9bk5A	7z4b-assembly1_EA	3.243E-01	2.293E-01	7.927E-02	3.138E-01	0.020	7.433E+00
9bk5A	4xup-assembly6_F	3.149E-01	2.355E-01	7.005E-02	2.683E-01	0.020	5.397E+00
9bk5A	7fj1-assembly1_T	3.414E-01	3.124E-01	1.070E-01	3.275E-01	0.020	8.448E+00
9bk5A	2y5w-assembly1_B	3.492E-01	3.062E-01	1.167E-01	3.409E-01	0.020	8.448E+00
9bk5A	7lff-assembly1_A	3.470E-01	2.843E-01	1.039E-01	3.265E-01	0.020	8.448E+00
9bk5A	6vtd-assembly1_A	3.393E-01	1.854E-01	5.421E-02	2.665E-01	0.020	5.062E+00
9bk5A	6vte-assembly1_A	2.341E-01	1.839E-01	6.271E-02	2.994E-01	0.020	3.233E+00
9bk5A	6vt5-assembly1_A	3.345E-01	1.840E-01	5.414E-02	2.634E-01	0.020	5.753E+00
9bk5A	6vtf-assembly4_D	2.759E-01	1.862E-01	5.847E-02	2.912E-01	0.020	3.918E+00
9bk5A	3pnm-assembly2_C	2.867E-01	2.531E-01	6.982E-02	3.168E-01	0.020	5.397E+00
9bk5A	4k1p-assembly1_A	3.686E-01	2.849E-01	8.602E-02	3.447E-01	0.020	9.602E+00
9bk5A	6vt1-assembly4_D	2.341E-01	1.840E-01	6.223E-02	3.009E-01	0.020	3.447E+00
9bk5A	3bt6-assembly1_A	2.905E-01	2.110E-01	6.279E-02	2.431E-01	0.020	3.033E+00
9bk5A	1cz7-assembly1_A	3.652E-01	2.817E-01	9.679E-02	2.915E-01	0.020	7.924E+00
9bk5A	7u1j-assembly2_B	2.874E-01	2.050E-01	6.303E-02	2.893E-01	0.020	4.453E+00
9bk5A	5s5g-assembly1_F	3.445E-01	2.946E-01	1.054E-01	3.319E-01	0.020	9.007E+00
9bk5A	8wem-assembly1_C	3.571E-01	2.288E-01	8.126E-02	3.143E-01	0.020	9.007E+00
9bk5A	3fqi-assembly1_A	2.478E-01	1.890E-01	6.427E-02	2.754E-01	0.020	3.233E+00
9bk5A	5s5z-assembly1_F	3.233E-01	2.803E-01	9.960E-02	3.684E-01	0.020	9.007E+00
9bk5A	4rtf-assembly1_D	3.666E-01	3.041E-01	9.449E-02	3.134E-01	0.020	7.924E+00
9bk5A	5b2g-assembly2_C	2.869E-01	1.999E-01	6.188E-02	2.991E-01	0.020	5.397E+00
9bk5A	7mqn-assembly2_B	2.813E-01	1.886E-01	7.306E-02	2.516E-01	0.020	3.033E+00
9bk5A	3fkw-assembly3_A	4.275E-01	2.462E-01	7.476E-02	2.672E-01	0.020	9.007E+00
9bk5A	7cin-assembly1_A	3.195E-01	2.271E-01	7.711E-02	2.555E-01	0.020	4.748E+00
9bk5A	4k3m-assembly1_A	3.610E-01	3.466E-01	1.012E-01	3.463E-01	0.020	9.602E+00
9bk5A	4mjp-assembly1_B	3.376E-01	3.238E-01	8.954E-02	3.499E-01	0.020	9.602E+00
9bk5A	8sdl-assembly1_A	3.430E-01	1.964E-01	7.018E-02	2.542E-01	0.020	5.753E+00
9bk5A	5xhr-assembly1_A	3.777E-01	1.826E-01	6.579E-02	2.502E-01	0.020	6.539E+00
9bk5A	7xre-assembly1_E	3.998E-01	2.332E-01	5.590E-02	2.968E-01	0.020	9.602E+00
9bk5A	4n96-assembly1_B	3.325E-01	2.880E-01	9.545E-02	3.304E-01	0.020	8.448E+00
9bk5A	6ams-assembly1_B	3.476E-01	3.366E-01	9.192E-02	3.631E-01	0.020	9.602E+00
9bk5A	5oby-assembly1_A	3.798E-01	3.026E-01	8.778E-02	3.217E-01	0.020	9.007E+00
9bk5A	5lzy-assembly1_ii	2.740E-01	2.022E-01	6.255E-02	2.394E-01	0.020	3.033E+00
9bk5A	4zgc-assembly1_A	3.437E-01	2.241E-01	6.306E-02	2.971E-01	0.020	7.433E+00
9bk5A	3rv2-assembly1_A	2.701E-01	2.507E-01	9.248E-02	4.422E-01	0.020	9.007E+00
9bk5A	4yy8-assembly1_A	3.370E-01	2.242E-01	6.359E-02	2.940E-01	0.020	6.972E+00
9bk5A	3s82-assembly1_B	2.692E-01	2.500E-01	9.177E-02	4.415E-01	0.020	8.448E+00
9bk5A	2awa-assembly2_C	3.411E-01	3.299E-01	1.008E-01	3.442E-01	0.020	9.007E+00
9bk5A	6ap4-assembly1_A	3.407E-01	3.293E-01	8.992E-02	3.204E-01	0.020	7.433E+00
9bk5A	5cad-assembly1_A	3.706E-01	2.609E-01	6.421E-02	3.294E-01	0.020	9.007E+00
9bk5A	8uch-assembly1_A-2	3.547E-01	1.876E-01	4.592E-02	2.603E-01	0.020	5.753E+00
9bk5A	2rij-assembly1_A	3.859E-01	3.568E-01	1.085E-01	3.315E-01	0.020	9.602E+00
9bk5A	3izq-assembly1_0	2.547E-01	1.935E-01	6.328E-02	2.362E-01	0.020	2.348E+00
9bk5A	7aft-assembly1_A	2.855E-01	2.275E-01	6.177E-02	2.921E-01	0.020	4.748E+00
9bk5A	7l6s-assembly1_A-2	2.254E-01	1.799E-01	5.315E-02	2.341E-01	0.020	1.500E+00
9bk5A	5yet-assembly1_B	3.683E-01	2.731E-01	8.815E-02	3.190E-01	0.020	9.602E+00
9bk5A	5mdm-assembly2_C	2.639E-01	2.130E-01	4.961E-02	2.183E-01	0.020	2.202E+00
9bk5A	4lcl-assembly1_A	4.194E-01	2.896E-01	7.822E-02	2.906E-01	0.020	9.602E+00
9bk5A	6xv8-assembly1_A	3.414E-01	2.443E-01	7.532E-02	3.161E-01	0.020	8.448E+00
9bk5A	1k0g-assembly3_A	2.604E-01	2.236E-01	5.753E-02	3.065E-01	0.020	4.453E+00
9bk5A	5b7b-assembly1_E	3.581E-01	2.723E-01	7.197E-02	3.426E-01	0.020	9.602E+00
9bk5A	5b7b-assembly1_F	3.577E-01	2.721E-01	7.151E-02	3.423E-01	0.020	9.602E+00
9bk5A	8kem-assembly1_B	3.054E-01	2.174E-01	6.469E-02	2.579E-01	0.020	3.918E+00
9bk5A	7cec-assembly1_B	3.829E-01	2.849E-01	6.984E-02	2.689E-01	0.020	7.433E+00
9bk5A	2xue-assembly1_A	2.785E-01	2.649E-01	8.399E-02	2.678E-01	0.020	3.918E+00
9bk5A	3vi4-assembly2_D	4.025E-01	2.794E-01	6.674E-02	2.703E-01	0.020	7.433E+00
9bk5A	6lpw-assembly1_B	3.064E-01	2.779E-01	8.666E-02	3.205E-01	0.020	6.134E+00
9bk5A	6e8d-assembly2_D	3.524E-01	3.388E-01	8.351E-02	3.439E-01	0.020	9.007E+00
9bk5A	2wb4-assembly1_B	3.201E-01	2.800E-01	6.998E-02	3.314E-01	0.020	7.433E+00
9bk5A	5ezv-assembly1_A	3.320E-01	2.742E-01	6.827E-02	3.364E-01	0.020	8.448E+00
9bk5A	6ksu-assembly1_A	3.890E-01	1.919E-01	5.814E-02	2.718E-01	0.020	7.924E+00
9bk5A	5jm6-assembly1_A	3.384E-01	2.828E-01	7.727E-02	2.999E-01	0.020	6.972E+00
9bk5A	4lgv-assembly1_D	3.901E-01	2.530E-01	5.256E-02	2.931E-01	0.020	7.924E+00
9bk5A	2glf-assembly1_A	2.993E-01	2.605E-01	8.065E-02	2.919E-01	0.020	4.748E+00
9bk5A	6e8e-assembly1_B	3.602E-01	3.456E-01	8.267E-02	3.503E-01	0.020	9.602E+00
9bk5A	4eyu-assembly1_A	3.200E-01	2.882E-01	8.146E-02	3.094E-01	0.020	6.134E+00
9bk5A	4ccj-assembly1_C	3.666E-01	2.996E-01	7.521E-02	3.217E-01	0.020	9.007E+00
9bk5A	3kal-assembly1_B	2.641E-01	2.148E-01	6.814E-02	3.293E-01	0.020	5.062E+00
9bk5A	4eme-assembly1_B	3.566E-01	2.918E-01	7.857E-02	3.260E-01	0.020	8.448E+00
9bk5A	8tzs-assembly1_A	2.974E-01	2.189E-01	4.840E-02	2.040E-01	0.020	2.202E+00
9bk5A	4pve-assembly1_A	3.250E-01	2.823E-01	6.759E-02	3.446E-01	0.020	7.924E+00
9bk5A	3vu1-assembly3_B	3.409E-01	2.570E-01	6.328E-02	2.734E-01	0.020	6.539E+00
9bk5A	5kdj-assembly2_A	2.353E-01	2.227E-01	5.068E-02	2.698E-01	0.020	2.348E+00
9bk5A	3vte-assembly1_A	3.129E-01	3.034E-01	6.944E-02	3.761E-01	0.020	8.448E+00
9bk5A	6jqh-assembly2_B	3.639E-01	3.111E-01	7.215E-02	3.232E-01	0.020	8.448E+00
9bk5A	2wze-assembly1_A	2.891E-01	2.193E-01	4.447E-02	2.458E-01	0.020	3.233E+00
9bk5A	2v6e-assembly1_B	3.764E-01	2.202E-01	5.635E-02	3.186E-01	0.020	9.007E+00
9bk5A	5ofb-assembly1_A	2.279E-01	2.101E-01	5.571E-02	2.572E-01	0.020	1.937E+00
9bk5A	5ofa-assembly1_B	2.540E-01	2.020E-01	4.937E-02	2.456E-01	0.020	2.202E+00
9bk5A	1cy6-assembly1_A	3.380E-01	2.716E-01	5.803E-02	2.821E-01	0.020	6.539E+00
9bk5A	8xl6-assembly1_C	2.960E-01	2.593E-01	5.727E-02	3.488E-01	0.020	6.972E+00
9bk5A	6k1g-assembly1_D	3.349E-01	2.365E-01	4.349E-02	2.558E-01	0.020	5.062E+00
9bk5A	7wrx-assembly1_J	3.095E-01	2.381E-01	4.178E-02	2.280E-01	0.020	3.033E+00
9bk5A	8bz8-assembly2_D	4.506E-01	2.527E-01	4.080E-02	2.730E-01	0.020	9.602E+00
9bk5A	4c21-assembly1_B	3.887E-01	3.125E-01	6.401E-02	3.061E-01	0.020	9.602E+00
9bk5A	7rz5-assembly1_A	4.092E-01	2.074E-01	3.478E-02	2.609E-01	0.020	7.433E+00
9bk5A	5ta0-assembly2_B	3.104E-01	2.560E-01	4.644E-02	2.238E-01	0.020	3.447E+00
9bk5A	5b46-assembly1_A	3.549E-01	2.865E-01	5.943E-02	3.216E-01	0.020	7.924E+00
9bk5A	6r4j-assembly1_B	2.709E-01	2.448E-01	6.142E-02	3.067E-01	0.020	5.062E+00
9bk5A	6svm-assembly1_B	3.170E-01	2.831E-01	6.559E-02	3.274E-01	0.020	7.433E+00
9bk5A	3w5f-assembly2_B	3.140E-01	2.306E-01	3.544E-02	2.421E-01	0.020	4.177E+00
9bk5A	6r21-assembly1_a	2.809E-01	2.292E-01	4.282E-02	2.648E-01	0.020	3.447E+00
9bk5A	7ly4-assembly1_E	3.444E-01	3.174E-01	5.471E-02	3.559E-01	0.020	9.602E+00
9bk5A	7yo4-assembly1_E	3.109E-01	2.781E-01	4.595E-02	3.206E-01	0.020	6.972E+00
9bk5A	8pjj-assembly1_A	3.284E-01	2.553E-01	3.588E-02	3.131E-01	0.020	6.972E+00
9bk5A	6p1j-assembly2_B	3.455E-01	3.136E-01	5.106E-02	3.395E-01	0.020	8.448E+00
9bk5A	3ho8-assembly1_B	2.922E-01	2.620E-01	3.626E-02	3.523E-01	0.020	7.433E+00
9bk5A	4qsh-assembly1_D	2.880E-01	2.727E-01	4.048E-02	4.040E-01	0.020	9.007E+00
9bk5A	8t6t-assembly1_A	3.382E-01	2.247E-01	2.971E-02	3.453E-01	0.020	8.448E+00
9bk5A	6qev-assembly1_B	3.820E-01	2.762E-01	2.194E-02	2.547E-01	0.020	6.539E+00
9bk5A	7s38-assembly1_P	3.355E-01	2.225E-01	2.627E-02	3.636E-01	0.020	9.602E+00
9bk5A	7sqc-assembly1_1B	2.719E-01	1.874E-01	1.547E-02	2.465E-01	0.020	3.233E+00
9bk5A	7ckq-assembly1_H	2.986E-01	2.231E-01	2.566E-01	3.055E-01	0.016	6.972E+00
9bk5A	1bf4-assembly1_A	3.513E-01	2.078E-01	2.354E-01	2.868E-01	0.016	8.448E+00
9bk5A	1wtv-assembly1_A	3.197E-01	1.850E-01	2.099E-01	3.093E-01	0.016	7.433E+00
9bk5A	7ytu-assembly1_A	3.267E-01	1.957E-01	2.248E-01	3.217E-01	0.016	9.602E+00
9bk5A	6bph-assembly1_A-2	3.732E-01	2.030E-01	2.305E-01	2.707E-01	0.016	9.007E+00
9bk5A	7sko-assembly2_B	2.703E-01	1.501E-01	1.657E-01	2.242E-01	0.016	3.033E+00
9bk5A	4iaj-assembly1_G	3.396E-01	2.227E-01	2.328E-01	2.637E-01	0.016	6.539E+00
9bk5A	1oey-assembly3_C	3.717E-01	1.833E-01	1.851E-01	2.797E-01	0.016	9.007E+00
9bk5A	8pw4-assembly2_B	2.111E-01	1.590E-01	1.527E-01	2.539E-01	0.016	2.065E+00
9bk5A	7dvf-assembly1_A	2.455E-01	2.111E-01	2.000E-01	2.752E-01	0.016	3.447E+00
9bk5A	5t1o-assembly1_A	3.103E-01	2.702E-01	2.548E-01	3.232E-01	0.016	9.007E+00
9bk5A	7wim-assembly3_K	3.325E-01	2.126E-01	1.982E-01	2.475E-01	0.016	6.134E+00
9bk5A	7vrr-assembly1_C	2.968E-01	2.166E-01	2.007E-01	2.671E-01	0.016	5.397E+00
9bk5A	7wim-assembly3_M	3.723E-01	2.456E-01	2.265E-01	2.740E-01	0.016	8.448E+00
9bk5A	2x9a-assembly1_D	2.531E-01	2.333E-01	2.170E-01	3.949E-01	0.016	7.924E+00
9bk5A	5fu4-assembly2_B	2.994E-01	1.992E-01	1.782E-01	2.238E-01	0.016	4.177E+00
9bk5A	2ii8-assembly2_C	2.885E-01	2.268E-01	2.043E-01	2.137E-01	0.016	3.033E+00
9bk5A	2ii8-assembly2_E	2.895E-01	2.242E-01	1.972E-01	2.085E-01	0.016	3.033E+00
9bk5A	2pph-assembly1_A	3.385E-01	2.087E-01	1.789E-01	3.223E-01	0.016	9.602E+00
9bk5A	1zg2-assembly1_A	3.702E-01	2.257E-01	1.954E-01	2.695E-01	0.016	7.924E+00
9bk5A	7eyj-assembly1_A	2.147E-01	1.874E-01	1.664E-01	2.996E-01	0.016	3.233E+00
9bk5A	7wim-assembly2_J	3.452E-01	2.462E-01	2.157E-01	2.758E-01	0.016	7.924E+00
9bk5A	2e8j-assembly1_A	3.371E-01	3.020E-01	2.610E-01	3.099E-01	0.016	9.007E+00
9bk5A	4lpv-assembly1_A	3.872E-01	2.639E-01	2.232E-01	2.829E-01	0.016	9.602E+00
9bk5A	2ii8-assembly1_A	2.893E-01	2.254E-01	1.921E-01	2.079E-01	0.016	2.845E+00
9bk5A	5j4f-assembly1_A	2.429E-01	1.793E-01	1.506E-01	3.071E-01	0.016	4.748E+00
9bk5A	1oey-assembly4_M	2.656E-01	1.878E-01	1.585E-01	2.672E-01	0.016	4.453E+00
9bk5A	1q1o-assembly1_A	2.887E-01	2.331E-01	1.994E-01	3.156E-01	0.016	7.433E+00
9bk5A	7oxg-assembly2_B	3.438E-01	2.762E-01	2.342E-01	3.118E-01	0.016	9.007E+00
9bk5A	1hdf-assembly1_A	2.800E-01	2.057E-01	1.735E-01	2.508E-01	0.016	4.453E+00
9bk5A	4odp-assembly1_A	3.016E-01	2.389E-01	1.965E-01	2.904E-01	0.016	6.539E+00
9bk5A	3d82-assembly1_E	2.661E-01	2.327E-01	1.898E-01	2.999E-01	0.016	5.753E+00
9bk5A	3fjs-assembly2_D	2.526E-01	1.969E-01	1.607E-01	2.897E-01	0.016	4.453E+00
9bk5A	8awp-assembly1_A	2.816E-01	2.109E-01	1.680E-01	2.803E-01	0.016	5.753E+00
9bk5A	8jqs-assembly1_l	2.539E-01	2.076E-01	1.674E-01	2.827E-01	0.016	4.177E+00
9bk5A	7wr9-assembly1_B	2.120E-01	1.796E-01	1.533E-01	2.661E-01	0.016	2.503E+00
9bk5A	1acx-assembly1_A	3.421E-01	1.500E-01	1.206E-01	2.365E-01	0.016	5.397E+00
9bk5A	8awo-assembly1_A	2.800E-01	1.991E-01	1.517E-01	2.754E-01	0.016	5.062E+00
9bk5A	8awn-assembly1_A-2	2.837E-01	2.191E-01	1.677E-01	2.841E-01	0.016	6.134E+00
9bk5A	4orl-assembly1_A	3.244E-01	2.280E-01	1.761E-01	3.170E-01	0.016	9.007E+00
9bk5A	4osn-assembly1_A	2.625E-01	2.572E-01	2.007E-01	3.030E-01	0.016	5.062E+00
9bk5A	7dv4-assembly1_G	2.313E-01	1.705E-01	1.310E-01	2.289E-01	0.016	2.503E+00
9bk5A	7eup-assembly1_B	2.607E-01	2.020E-01	1.491E-01	2.943E-01	0.016	5.062E+00
9bk5A	7euz-assembly1_B	2.598E-01	2.012E-01	1.475E-01	2.926E-01	0.016	5.397E+00
9bk5A	8hjx-assembly1_B	2.432E-01	1.307E-01	1.012E-01	2.735E-01	0.016	4.177E+00
9bk5A	3db0-assembly1_A	3.721E-01	2.094E-01	1.560E-01	2.219E-01	0.016	6.134E+00
9bk5A	8x7n-assembly5_I	2.694E-01	2.000E-01	1.524E-01	2.373E-01	0.016	3.233E+00
9bk5A	4n8p-assembly1_A-2	1.955E-01	1.578E-01	1.236E-01	2.139E-01	0.016	1.089E+00
9bk5A	8fvh-assembly1_B	4.318E-01	1.998E-01	1.380E-01	2.302E-01	0.016	7.433E+00
9bk5A	7ohx-assembly1_H	3.275E-01	3.017E-01	2.231E-01	3.303E-01	0.016	9.007E+00
9bk5A	5opt-assembly1_Y	3.210E-01	2.426E-01	1.834E-01	3.566E-01	0.016	9.602E+00
9bk5A	3u6g-assembly1_B	3.618E-01	2.109E-01	1.395E-01	2.471E-01	0.016	6.539E+00
9bk5A	6xwv-assembly1_D	3.848E-01	2.408E-01	1.643E-01	2.584E-01	0.016	7.924E+00
9bk5A	6eri-assembly1_BH	3.293E-01	2.493E-01	1.865E-01	3.364E-01	0.016	9.602E+00
9bk5A	5fld-assembly1_A	3.236E-01	2.171E-01	1.548E-01	2.851E-01	0.016	6.539E+00
9bk5A	3id9-assembly1_A	2.621E-01	1.784E-01	1.229E-01	2.624E-01	0.016	4.453E+00
9bk5A	6dfd-assembly1_B	2.384E-01	2.289E-01	1.633E-01	2.617E-01	0.016	3.233E+00
9bk5A	3j9g-assembly1_A	2.956E-01	2.374E-01	1.721E-01	3.192E-01	0.016	7.433E+00
9bk5A	6q5u-assembly1_R	2.347E-01	2.094E-01	1.536E-01	2.891E-01	0.016	3.447E+00
9bk5A	3cp3-assembly1_A-2	3.514E-01	2.137E-01	1.503E-01	2.379E-01	0.016	6.539E+00
9bk5A	1j5u-assembly1_A	2.622E-01	2.544E-01	1.773E-01	3.303E-01	0.016	5.753E+00
9bk5A	7wu7-assembly1_5	3.375E-01	2.917E-01	2.066E-01	3.275E-01	0.016	9.602E+00
9bk5A	1u5z-assembly1_A	2.500E-01	1.823E-01	1.245E-01	2.445E-01	0.016	3.033E+00
9bk5A	2cdp-assembly4_D	2.670E-01	2.000E-01	1.398E-01	2.151E-01	0.016	3.033E+00
9bk5A	3ddc-assembly1_B	3.470E-01	1.896E-01	1.393E-01	3.105E-01	0.016	9.602E+00
9bk5A	6xwv-assembly1_A	3.326E-01	2.281E-01	1.467E-01	2.386E-01	0.016	5.062E+00
9bk5A	3fkh-assembly2_D	3.838E-01	2.228E-01	1.502E-01	2.583E-01	0.016	8.448E+00
9bk5A	5jab-assembly2_D	3.092E-01	2.900E-01	2.013E-01	3.633E-01	0.016	9.602E+00
9bk5A	5ond-assembly1_A	2.773E-01	2.223E-01	1.474E-01	3.086E-01	0.016	6.539E+00
9bk5A	5fjl-assembly1_A	3.092E-01	2.266E-01	1.566E-01	2.798E-01	0.016	5.753E+00
9bk5A	7yne-assembly4_H	2.779E-01	2.400E-01	1.665E-01	3.265E-01	0.016	6.972E+00
9bk5A	4v4v-assembly1_AG	2.159E-01	1.684E-01	1.138E-01	2.501E-01	0.016	2.503E+00
9bk5A	1vkk-assembly1_A	3.280E-01	2.445E-01	1.544E-01	3.032E-01	0.016	8.448E+00
9bk5A	7eez-assembly1_A	3.514E-01	2.165E-01	1.423E-01	2.911E-01	0.016	8.448E+00
9bk5A	2y3m-assembly1_B	2.983E-01	2.239E-01	1.591E-01	3.655E-01	0.016	9.602E+00
9bk5A	7aah-assembly2_B	2.966E-01	2.582E-01	1.767E-01	3.301E-01	0.016	7.924E+00
9bk5A	6jmk-assembly2_B	2.743E-01	1.591E-01	1.184E-01	2.792E-01	0.016	4.453E+00
9bk5A	7poj-assembly1_C	2.394E-01	1.673E-01	1.020E-01	2.298E-01	0.016	2.348E+00
9bk5A	8bl3-assembly1_A	3.234E-01	2.267E-01	1.389E-01	2.465E-01	0.016	5.397E+00
9bk5A	7ef2-assembly2_B	3.727E-01	2.204E-01	1.412E-01	2.923E-01	0.016	9.007E+00
9bk5A	3h35-assembly1_C	2.546E-01	2.173E-01	1.325E-01	3.477E-01	0.016	6.539E+00
9bk5A	3ba3-assembly1_A	2.707E-01	2.420E-01	1.500E-01	2.851E-01	0.016	4.748E+00
9bk5A	4c85-assembly1_A	2.832E-01	1.579E-01	1.018E-01	1.949E-01	0.016	2.348E+00
9bk5A	4c8p-assembly1_A-2	3.098E-01	1.927E-01	1.177E-01	2.558E-01	0.016	5.062E+00
9bk5A	8f5g-assembly2_B	2.999E-01	1.895E-01	1.231E-01	3.034E-01	0.016	6.972E+00
9bk5A	4gei-assembly1_A	4.195E-01	1.576E-01	8.744E-02	2.311E-01	0.016	8.448E+00
9bk5A	4y6x-assembly1_A-2	2.630E-01	2.583E-01	1.664E-01	2.798E-01	0.016	4.177E+00
9bk5A	4lw4-assembly1_C	3.108E-01	2.624E-01	1.726E-01	3.416E-01	0.016	9.602E+00
9bk5A	4wv7-assembly1_A	3.740E-01	2.359E-01	1.344E-01	2.758E-01	0.016	9.602E+00
9bk5A	7q9r-assembly1_BBB	2.797E-01	2.282E-01	1.407E-01	2.631E-01	0.016	5.062E+00
9bk5A	5xbi-assembly1_B	2.179E-01	2.101E-01	1.337E-01	2.768E-01	0.016	2.845E+00
9bk5A	4y6t-assembly3_E	2.704E-01	2.641E-01	1.725E-01	2.809E-01	0.016	5.397E+00
9bk5A	3f2z-assembly1_A	3.441E-01	2.627E-01	1.570E-01	2.934E-01	0.016	7.924E+00
9bk5A	3zn4-assembly1_A	2.692E-01	2.077E-01	1.338E-01	2.670E-01	0.016	4.177E+00
9bk5A	3pse-assembly1_B	2.425E-01	2.042E-01	1.326E-01	3.086E-01	0.016	4.453E+00
9bk5A	3kbt-assembly1_D	2.679E-01	1.993E-01	1.223E-01	2.395E-01	0.016	3.033E+00
9bk5A	4exr-assembly1_A-2	3.112E-01	1.667E-01	1.013E-01	2.964E-01	0.016	6.972E+00
9bk5A	8gt4-assembly1_B	2.914E-01	2.478E-01	1.554E-01	3.157E-01	0.016	6.539E+00
9bk5A	3lur-assembly3_C	2.354E-01	2.277E-01	1.425E-01	2.924E-01	0.016	4.453E+00
9bk5A	3eo4-assembly2_C	2.791E-01	2.486E-01	1.391E-01	3.303E-01	0.016	6.972E+00
9bk5A	7w4z-assembly1_B	2.910E-01	2.450E-01	1.542E-01	3.168E-01	0.016	7.924E+00
9bk5A	1dyo-assembly2_B	3.205E-01	2.436E-01	1.353E-01	2.781E-01	0.016	7.433E+00
9bk5A	2hji-assembly1_A	2.368E-01	2.300E-01	1.375E-01	2.720E-01	0.016	3.447E+00
9bk5A	4xuo-assembly2_B	3.095E-01	2.362E-01	1.321E-01	2.600E-01	0.016	5.753E+00
9bk5A	3ir9-assembly1_A	1.957E-01	1.871E-01	1.240E-01	2.452E-01	0.016	1.937E+00
9bk5A	2j88-assembly1_H	2.558E-01	2.061E-01	1.196E-01	2.018E-01	0.016	2.202E+00
9bk5A	4odb-assembly1_B	3.148E-01	2.626E-01	1.415E-01	2.771E-01	0.016	6.539E+00
9bk5A	3x29-assembly2_C	2.919E-01	2.026E-01	9.962E-02	2.742E-01	0.016	5.753E+00
9bk5A	5knb-assembly1_G	3.093E-01	2.655E-01	1.668E-01	3.392E-01	0.016	8.448E+00
9bk5A	5yc1-assembly2_F	3.103E-01	2.362E-01	1.423E-01	2.971E-01	0.016	6.972E+00
9bk5A	6nii-assembly2_A	3.107E-01	3.067E-01	2.003E-01	3.181E-01	0.016	7.433E+00
9bk5A	1k45-assembly1_A	3.002E-01	2.178E-01	1.157E-01	2.374E-01	0.016	3.918E+00
9bk5A	8vof-assembly1_B	3.492E-01	2.779E-01	1.507E-01	2.968E-01	0.016	9.602E+00
9bk5A	4z9d-assembly3_C	2.722E-01	2.567E-01	1.270E-01	2.871E-01	0.016	5.753E+00
9bk5A	4k8u-assembly1_C	3.094E-01	2.433E-01	1.439E-01	2.977E-01	0.016	6.539E+00
9bk5A	3fi7-assembly1_A	3.651E-01	2.271E-01	1.221E-01	2.934E-01	0.016	9.007E+00
9bk5A	1y9q-assembly1_A-2	2.501E-01	1.871E-01	1.128E-01	3.031E-01	0.016	5.397E+00
9bk5A	3fv5-assembly2_B	2.698E-01	2.615E-01	1.503E-01	2.838E-01	0.016	4.453E+00
9bk5A	1zzb-assembly1_A-2	2.245E-01	1.797E-01	9.514E-02	2.512E-01	0.016	2.845E+00
9bk5A	6hrs-assembly2_F	4.196E-01	2.605E-01	1.352E-01	2.618E-01	0.016	9.007E+00
9bk5A	1umh-assembly1_A	2.124E-01	2.040E-01	1.194E-01	2.731E-01	0.016	3.033E+00
9bk5A	1umi-assembly1_A	2.114E-01	2.031E-01	1.203E-01	2.724E-01	0.016	2.668E+00
9bk5A	4wp3-assembly6_F	3.215E-01	2.982E-01	1.517E-01	3.368E-01	0.016	9.602E+00
9bk5A	4yci-assembly1_B	3.315E-01	2.608E-01	1.332E-01	2.968E-01	0.016	7.924E+00
9bk5A	7t6a-assembly2_B	2.645E-01	2.515E-01	1.215E-01	2.791E-01	0.016	4.453E+00
9bk5A	1xe7-assembly2_C-2	3.366E-01	2.170E-01	1.037E-01	2.644E-01	0.016	6.539E+00
9bk5A	4v8m-assembly1_A2	2.989E-01	2.266E-01	1.263E-01	3.367E-01	0.016	8.448E+00
9bk5A	2g9g-assembly1_A	2.057E-01	1.415E-01	8.276E-02	2.776E-01	0.016	2.668E+00
9bk5A	8do8-assembly1_C	2.831E-01	2.578E-01	1.404E-01	2.976E-01	0.016	5.753E+00
9bk5A	2fur-assembly1_B	2.271E-01	2.197E-01	1.188E-01	2.617E-01	0.016	2.668E+00
9bk5A	8se7-assembly2_D	3.336E-01	1.804E-01	9.119E-02	2.842E-01	0.016	7.924E+00
9bk5A	4lp0-assembly1_A	2.645E-01	1.941E-01	9.801E-02	2.083E-01	0.016	2.503E+00
9bk5A	3w31-assembly1_A	3.185E-01	2.152E-01	1.164E-01	2.838E-01	0.016	7.433E+00
9bk5A	2w7q-assembly1_A	3.659E-01	2.285E-01	1.175E-01	2.602E-01	0.016	6.972E+00
9bk5A	5g23-assembly1_B	3.686E-01	1.829E-01	8.804E-02	2.449E-01	0.016	7.433E+00
9bk5A	3esf-assembly2_D	3.413E-01	2.379E-01	1.204E-01	2.892E-01	0.016	7.433E+00
9bk5A	3dc6-assembly1_C	3.150E-01	2.585E-01	1.314E-01	3.222E-01	0.016	7.924E+00
9bk5A	4e6z-assembly1_A	2.941E-01	2.523E-01	1.354E-01	3.210E-01	0.016	7.924E+00
9bk5A	1gn3-assembly1_A	3.084E-01	2.390E-01	1.286E-01	3.300E-01	0.016	8.448E+00
9bk5A	2p4k-assembly1_D	3.581E-01	1.927E-01	1.002E-01	2.960E-01	0.016	9.602E+00
9bk5A	2rcv-assembly4_F	3.057E-01	1.938E-01	9.606E-02	2.935E-01	0.016	7.433E+00
9bk5A	1ma1-assembly1_A	3.043E-01	2.607E-01	1.342E-01	3.237E-01	0.016	7.433E+00
9bk5A	8bv8-assembly1_B	2.720E-01	2.260E-01	1.140E-01	3.144E-01	0.016	6.539E+00
9bk5A	6uk4-assembly2_D	2.235E-01	1.950E-01	9.895E-02	2.670E-01	0.016	2.845E+00
9bk5A	2d13-assembly2_D	3.399E-01	3.013E-01	1.601E-01	3.157E-01	0.016	9.007E+00
9bk5A	7tze-assembly1_A	2.764E-01	2.297E-01	1.249E-01	2.349E-01	0.016	3.447E+00
9bk5A	8sdp-assembly1_A	3.258E-01	1.796E-01	8.715E-02	2.847E-01	0.016	7.924E+00
9bk5A	2wuy-assembly1_A	2.103E-01	2.025E-01	1.153E-01	2.656E-01	0.016	2.845E+00
9bk5A	2g9h-assembly1_D	2.944E-01	2.270E-01	1.210E-01	2.589E-01	0.016	5.397E+00
9bk5A	9b9x-assembly1_A-2	3.500E-01	1.802E-01	8.094E-02	2.225E-01	0.016	5.753E+00
9bk5A	1wsc-assembly2_B	2.952E-01	2.604E-01	1.424E-01	3.082E-01	0.016	7.433E+00
9bk5A	7fgj-assembly1_H	2.203E-01	2.035E-01	1.061E-01	2.678E-01	0.016	3.033E+00
9bk5A	3jyu-assembly1_B	3.770E-01	1.995E-01	9.005E-02	2.722E-01	0.016	7.924E+00
9bk5A	7swt-assembly1_C	3.359E-01	2.141E-01	8.835E-02	2.750E-01	0.016	7.433E+00
9bk5A	9e7f-assembly1_BH	2.665E-01	2.070E-01	1.040E-01	2.922E-01	0.016	5.397E+00
9bk5A	6ihv-assembly1_A	2.592E-01	2.067E-01	9.958E-02	2.561E-01	0.016	4.177E+00
9bk5A	8bv8-assembly1_A	2.355E-01	2.162E-01	9.932E-02	3.498E-01	0.016	5.753E+00
9bk5A	7k75-assembly3_I	2.798E-01	2.296E-01	1.012E-01	2.260E-01	0.016	3.675E+00
9bk5A	4hym-assembly2_B	3.452E-01	2.478E-01	1.047E-01	2.655E-01	0.016	6.539E+00
9bk5A	3g2o-assembly1_B	3.657E-01	2.644E-01	1.036E-01	2.507E-01	0.016	6.539E+00
9bk5A	5wol-assembly1_A	2.894E-01	1.768E-01	7.459E-02	2.744E-01	0.016	5.753E+00
9bk5A	3l7z-assembly1_B	3.250E-01	1.808E-01	8.512E-02	3.174E-01	0.016	7.924E+00
9bk5A	3bk5-assembly1_A	4.182E-01	2.181E-01	9.083E-02	2.744E-01	0.016	9.602E+00
9bk5A	3pu9-assembly1_B	1.825E-01	1.420E-01	7.497E-02	2.374E-01	0.016	1.238E+00
9bk5A	6sqj-assembly1_A	2.908E-01	2.119E-01	1.103E-01	3.017E-01	0.016	6.972E+00
9bk5A	8usb-assembly1_I	2.925E-01	2.287E-01	1.084E-01	3.217E-01	0.016	6.972E+00
9bk5A	1aym-assembly1_3	2.689E-01	2.193E-01	9.826E-02	2.126E-01	0.016	2.845E+00
9bk5A	5ig8-assembly2_B-3	2.185E-01	2.105E-01	9.333E-02	2.992E-01	0.016	3.918E+00
9bk5A	3mq0-assembly1_A	3.170E-01	2.803E-01	1.170E-01	3.277E-01	0.016	9.602E+00
9bk5A	1wzn-assembly1_A	2.497E-01	2.385E-01	8.448E-02	2.267E-01	0.016	2.845E+00
9bk5A	4y13-assembly1_A	2.906E-01	2.681E-01	1.262E-01	3.005E-01	0.016	6.539E+00
9bk5A	4fk8-assembly2_B	2.686E-01	2.563E-01	1.110E-01	2.971E-01	0.016	5.062E+00
9bk5A	6cv1-assembly1_B	2.727E-01	2.142E-01	9.138E-02	2.076E-01	0.016	2.845E+00
9bk5A	6j4u-assembly1_A	3.969E-01	2.052E-01	8.093E-02	2.543E-01	0.016	7.924E+00
9bk5A	3aix-assembly1_B	2.381E-01	2.289E-01	1.032E-01	2.800E-01	0.016	3.918E+00
9bk5A	1v6t-assembly1_A	2.714E-01	2.093E-01	8.080E-02	3.152E-01	0.016	6.539E+00
9bk5A	1oij-assembly1_A	2.822E-01	2.743E-01	1.113E-01	3.298E-01	0.016	6.539E+00
9bk5A	1oik-assembly1_D-2	2.835E-01	2.729E-01	1.111E-01	3.326E-01	0.016	6.972E+00
9bk5A	7qtg-assembly1_A	2.302E-01	2.196E-01	8.174E-02	2.678E-01	0.016	3.033E+00
9bk5A	4v9f-assembly1_G	2.602E-01	2.421E-01	1.108E-01	3.339E-01	0.016	6.972E+00
9bk5A	6geh-assembly1_A	2.655E-01	2.590E-01	1.281E-01	3.419E-01	0.016	7.433E+00
9bk5A	6xiv-assembly1_A	3.221E-01	2.552E-01	1.007E-01	3.400E-01	0.016	9.007E+00
9bk5A	5jwd-assembly1_A	2.853E-01	2.127E-01	8.853E-02	2.676E-01	0.016	5.397E+00
9bk5A	4iqi-assembly1_A	2.526E-01	2.363E-01	9.481E-02	2.755E-01	0.016	3.918E+00
9bk5A	8ris-assembly1_A	2.825E-01	2.662E-01	1.184E-01	3.078E-01	0.016	6.134E+00
9bk5A	7tcl-assembly1_X	2.661E-01	2.167E-01	8.625E-02	2.580E-01	0.016	4.177E+00
9bk5A	6aan-assembly1_A-2	2.771E-01	2.613E-01	1.133E-01	3.039E-01	0.016	6.134E+00
9bk5A	3l7z-assembly1_D	3.002E-01	1.681E-01	5.790E-02	2.651E-01	0.016	5.397E+00
9bk5A	4yhb-assembly1_A	2.997E-01	2.918E-01	1.211E-01	3.136E-01	0.016	7.433E+00
9bk5A	6aaz-assembly1_A-2	2.741E-01	2.601E-01	1.158E-01	3.094E-01	0.016	6.539E+00
9bk5A	2dv7-assembly1_B	3.553E-01	2.852E-01	1.230E-01	2.848E-01	0.016	7.924E+00
9bk5A	2eh4-assembly1_B	3.664E-01	2.803E-01	1.216E-01	3.010E-01	0.016	9.602E+00
9bk5A	2huv-assembly1_B	3.554E-01	2.800E-01	1.170E-01	2.988E-01	0.016	9.007E+00
9bk5A	8oj7-assembly1_B	2.994E-01	2.837E-01	1.202E-01	2.931E-01	0.016	6.539E+00
9bk5A	4dbh-assembly1_B	3.751E-01	2.485E-01	9.349E-02	2.934E-01	0.016	9.602E+00
9bk5A	5xbw-assembly1_D	2.442E-01	1.994E-01	7.631E-02	2.644E-01	0.016	3.918E+00
9bk5A	4ba1-assembly1_A	3.076E-01	1.757E-01	5.642E-02	2.900E-01	0.016	6.972E+00
9bk5A	1ib0-assembly1_A	2.935E-01	1.948E-01	7.256E-02	2.203E-01	0.016	3.918E+00
9bk5A	5e8o-assembly2_D	2.551E-01	1.793E-01	7.622E-02	2.638E-01	0.016	3.675E+00
9bk5A	5k59-assembly1_D	3.513E-01	1.750E-01	6.633E-02	2.186E-01	0.016	5.397E+00
9bk5A	3vpc-assembly1_C	2.580E-01	2.077E-01	8.744E-02	3.056E-01	0.016	5.062E+00
9bk5A	4dk1-assembly2_D	3.462E-01	2.882E-01	1.108E-01	2.872E-01	0.016	8.448E+00
9bk5A	8f8q-assembly1_G	3.611E-01	2.091E-01	6.997E-02	2.857E-01	0.016	9.007E+00
9bk5A	5tz5-assembly1_B	2.879E-01	2.764E-01	9.714E-02	3.015E-01	0.016	6.972E+00
9bk5A	3u6i-assembly1_A	2.859E-01	2.579E-01	8.511E-02	3.130E-01	0.016	7.433E+00
9bk5A	5kku-assembly4_D	2.667E-01	2.577E-01	9.045E-02	2.815E-01	0.016	5.062E+00
9bk5A	4mzu-assembly2_K	2.933E-01	2.837E-01	9.752E-02	2.688E-01	0.016	5.397E+00
9bk5A	5kku-assembly1_A	2.749E-01	2.586E-01	9.021E-02	2.875E-01	0.016	4.748E+00
9bk5A	4p5h-assembly1_K	2.351E-01	1.783E-01	6.551E-02	2.797E-01	0.016	3.233E+00
9bk5A	3rh7-assembly2_D	3.046E-01	1.777E-01	6.638E-02	2.176E-01	0.016	3.675E+00
9bk5A	6bce-assembly1_A	2.812E-01	2.187E-01	7.118E-02	2.998E-01	0.016	6.539E+00
9bk5A	3bqb-assembly1_X	3.158E-01	2.137E-01	8.019E-02	2.404E-01	0.016	5.062E+00
9bk5A	8e2k-assembly1_X	3.310E-01	1.809E-01	6.379E-02	2.919E-01	0.016	7.924E+00
9bk5A	5esp-assembly1_A	2.844E-01	1.917E-01	8.130E-02	3.247E-01	0.016	6.539E+00
9bk5A	6tsn-assembly1_AAA-2	2.917E-01	2.173E-01	8.197E-02	2.648E-01	0.016	5.397E+00
9bk5A	6gqk-assembly2_B	3.115E-01	2.431E-01	8.365E-02	3.114E-01	0.016	8.448E+00
9bk5A	5tnz-assembly1_A	3.669E-01	1.950E-01	6.741E-02	2.910E-01	0.016	9.007E+00
9bk5A	1px2-assembly1_A-2	2.724E-01	2.423E-01	8.907E-02	2.995E-01	0.016	6.134E+00
9bk5A	6nst-assembly1_C	3.488E-01	2.516E-01	8.805E-02	3.197E-01	0.016	9.602E+00
9bk5A	7sqx-assembly1_A	3.160E-01	2.492E-01	9.375E-02	2.840E-01	0.016	6.539E+00
9bk5A	4lq0-assembly1_A	2.304E-01	1.880E-01	8.376E-02	2.971E-01	0.016	4.453E+00
9bk5A	8om4-assembly1_4	3.291E-01	2.766E-01	9.639E-02	3.034E-01	0.016	8.448E+00
9bk5A	6bjd-assembly4_D	3.115E-01	3.023E-01	9.653E-02	3.236E-01	0.016	9.007E+00
9bk5A	4pki-assembly1_G	3.040E-01	2.469E-01	9.355E-02	3.409E-01	0.016	9.007E+00
9bk5A	6oyc-assembly4_C	2.681E-01	2.046E-01	7.757E-02	2.709E-01	0.016	4.177E+00
9bk5A	4be3-assembly1_B	3.373E-01	2.165E-01	6.909E-02	2.567E-01	0.016	6.972E+00
9bk5A	3pms-assembly1_A	2.045E-01	1.999E-01	8.220E-02	2.854E-01	0.016	3.033E+00
9bk5A	2qi2-assembly1_A	3.227E-01	3.171E-01	1.081E-01	3.201E-01	0.016	9.007E+00
9bk5A	3oby-assembly1_A	2.699E-01	2.257E-01	7.593E-02	3.294E-01	0.016	6.972E+00
9bk5A	6bdt-assembly2_B	3.273E-01	3.139E-01	9.331E-02	3.281E-01	0.016	9.007E+00
9bk5A	4ob7-assembly1_A-2	3.728E-01	2.359E-01	7.588E-02	2.770E-01	0.016	9.007E+00
9bk5A	4ob8-assembly1_A-2	3.856E-01	2.386E-01	7.598E-02	2.773E-01	0.016	9.602E+00
9bk5A	4xup-assembly4_D	3.087E-01	2.349E-01	6.888E-02	2.551E-01	0.016	5.397E+00
9bk5A	5gz1-assembly1_B	2.800E-01	2.460E-01	8.574E-02	3.448E-01	0.016	7.924E+00
9bk5A	6lvs-assembly5_E	3.163E-01	2.692E-01	6.993E-02	2.382E-01	0.016	4.748E+00
9bk5A	9ema-assembly1_F	3.516E-01	2.615E-01	9.014E-02	3.129E-01	0.016	9.007E+00
9bk5A	6iik-assembly1_B	2.749E-01	2.228E-01	8.376E-02	2.743E-01	0.016	5.062E+00
9bk5A	3pnq-assembly2_C	2.696E-01	2.459E-01	8.297E-02	3.477E-01	0.016	6.972E+00
9bk5A	6vt6-assembly1_A	2.354E-01	1.847E-01	6.262E-02	3.007E-01	0.016	4.453E+00
9bk5A	6vt9-assembly1_A	2.440E-01	2.200E-01	7.768E-02	3.470E-01	0.016	6.134E+00
9bk5A	2waa-assembly1_A	3.247E-01	2.089E-01	6.206E-02	2.212E-01	0.016	3.918E+00
9bk5A	5b2g-assembly4_G	2.851E-01	2.011E-01	5.816E-02	2.842E-01	0.016	6.134E+00
9bk5A	6vt8-assembly1_A	3.368E-01	1.847E-01	5.519E-02	2.683E-01	0.016	6.972E+00
9bk5A	6iim-assembly1_A	3.497E-01	2.337E-01	5.799E-02	2.565E-01	0.016	6.539E+00
9bk5A	5sbe-assembly1_F	2.843E-01	2.447E-01	9.778E-02	3.093E-01	0.016	6.972E+00
9bk5A	6bwy-assembly1_A	3.298E-01	2.155E-01	7.332E-02	2.800E-01	0.016	7.924E+00
9bk5A	8j8r-assembly1_A	3.281E-01	2.268E-01	6.641E-02	2.792E-01	0.016	6.972E+00
9bk5A	6km8-assembly1_A	3.965E-01	2.651E-01	6.907E-02	2.652E-01	0.016	9.007E+00
9bk5A	5gzw-assembly2_B	3.543E-01	2.012E-01	7.254E-02	2.533E-01	0.016	6.134E+00
9bk5A	6lsn-assembly1_F	3.278E-01	2.946E-01	1.095E-01	3.334E-01	0.016	9.602E+00
9bk5A	6aw2-assembly1_B	3.441E-01	2.251E-01	7.672E-02	2.856E-01	0.016	7.433E+00
9bk5A	3fqj-assembly1_A	2.517E-01	1.910E-01	6.377E-02	2.768E-01	0.016	4.453E+00
9bk5A	5e2h-assembly3_C	3.151E-01	2.246E-01	7.680E-02	2.462E-01	0.016	5.062E+00
9bk5A	4n99-assembly1_A	3.052E-01	2.945E-01	9.557E-02	3.459E-01	0.016	8.448E+00
9bk5A	5e1r-assembly2_E	3.637E-01	2.149E-01	5.623E-02	2.950E-01	0.016	9.602E+00
9bk5A	8hz5-assembly1_B	2.755E-01	2.500E-01	8.595E-02	3.771E-01	0.016	9.602E+00
9bk5A	7f1w-assembly1_A	2.720E-01	1.945E-01	5.501E-02	2.513E-01	0.016	4.177E+00
9bk5A	5hai-assembly1_A	3.546E-01	1.950E-01	7.023E-02	2.495E-01	0.016	6.972E+00
9bk5A	4hef-assembly1_A	3.430E-01	1.980E-01	7.030E-02	2.560E-01	0.016	6.539E+00
9bk5A	4hym-assembly1_A	3.163E-01	2.260E-01	6.418E-02	2.053E-01	0.016	3.675E+00
9bk5A	3s7i-assembly2_B	2.690E-01	2.562E-01	6.170E-02	2.367E-01	0.016	3.033E+00
9bk5A	4n99-assembly1_B	3.190E-01	3.064E-01	8.674E-02	3.280E-01	0.016	8.448E+00
9bk5A	6pe5-assembly1_R	2.881E-01	2.279E-01	7.978E-02	3.421E-01	0.016	8.448E+00
9bk5A	3s7i-assembly1_A-3	2.687E-01	2.563E-01	6.173E-02	2.330E-01	0.016	3.447E+00
9bk5A	3smh-assembly1_C	3.190E-01	2.233E-01	5.579E-02	2.275E-01	0.016	4.748E+00
9bk5A	8dt6-assembly1_D	3.493E-01	3.358E-01	9.846E-02	3.269E-01	0.016	9.602E+00
9bk5A	6hq7-assembly1_B	2.399E-01	2.299E-01	8.433E-02	2.710E-01	0.016	3.675E+00
9bk5A	1s16-assembly1_A	3.008E-01	2.118E-01	5.592E-02	2.181E-01	0.016	3.675E+00
9bk5A	8ucf-assembly1_A	3.542E-01	1.876E-01	4.581E-02	2.605E-01	0.016	6.972E+00
9bk5A	7n46-assembly1_A	3.322E-01	2.729E-01	8.526E-02	2.961E-01	0.016	8.448E+00
9bk5A	4odj-assembly1_A-2	2.482E-01	2.141E-01	7.058E-02	3.906E-01	0.016	7.433E+00
9bk5A	7w65-assembly1_A	2.802E-01	2.524E-01	8.846E-02	3.426E-01	0.016	6.972E+00
9bk5A	5bud-assembly1_A	3.171E-01	2.097E-01	5.821E-02	3.387E-01	0.016	9.007E+00
9bk5A	5zt4-assembly1_A	2.202E-01	1.828E-01	6.042E-02	3.261E-01	0.016	4.453E+00
9bk5A	3j7q-assembly1_1	3.123E-01	2.366E-01	5.050E-02	2.566E-01	0.016	5.753E+00
9bk5A	5zt5-assembly1_A	2.780E-01	2.002E-01	5.463E-02	3.110E-01	0.016	6.539E+00
9bk5A	5zvx-assembly1_A	2.771E-01	1.998E-01	5.459E-02	3.124E-01	0.016	6.134E+00
9bk5A	5j5q-assembly2_C	2.698E-01	1.968E-01	5.380E-02	2.056E-01	0.016	2.202E+00
9bk5A	4a8c-assembly1_J	3.298E-01	2.798E-01	7.341E-02	2.803E-01	0.016	7.433E+00
9bk5A	5oev-assembly1_C	2.824E-01	2.303E-01	6.419E-02	2.980E-01	0.016	6.134E+00
9bk5A	8qwa-assembly1_A-2	3.126E-01	2.252E-01	7.088E-02	3.143E-01	0.016	8.448E+00
9bk5A	7pvo-assembly1_A	3.118E-01	2.248E-01	7.022E-02	3.135E-01	0.016	8.448E+00
9bk5A	4mv9-assembly1_A-2	2.490E-01	2.296E-01	6.729E-02	3.410E-01	0.016	5.753E+00
9bk5A	6xv8-assembly3_C	3.486E-01	2.350E-01	6.231E-02	2.670E-01	0.016	6.972E+00
9bk5A	8dze-assembly1_A	2.782E-01	2.485E-01	6.947E-02	3.570E-01	0.016	8.448E+00
9bk5A	8oud-assembly1_C	3.002E-01	2.394E-01	6.895E-02	3.074E-01	0.016	6.972E+00
9bk5A	8i37-assembly1_D	3.473E-01	1.922E-01	4.102E-02	2.930E-01	0.016	8.448E+00
9bk5A	7mdc-assembly1_A	3.912E-01	1.879E-01	5.841E-02	2.747E-01	0.016	9.007E+00
9bk5A	8qc4-assembly1_A	2.482E-01	2.414E-01	6.064E-02	2.973E-01	0.016	4.748E+00
9bk5A	4an8-assembly2_B	3.590E-01	2.643E-01	7.165E-02	2.978E-01	0.016	8.448E+00
9bk5A	6els-assembly1_A	2.997E-01	2.211E-01	5.089E-02	2.549E-01	0.016	4.453E+00
9bk5A	7f00-assembly1_A-2	4.603E-01	1.819E-01	4.368E-02	2.279E-01	0.016	9.602E+00
9bk5A	7pup-assembly1_A	3.164E-01	1.983E-01	4.439E-02	2.488E-01	0.016	5.397E+00
9bk5A	4pzf-assembly1_A	2.899E-01	2.728E-01	6.807E-02	3.407E-01	0.016	8.448E+00
9bk5A	4ud8-assembly1_A	2.805E-01	2.578E-01	6.362E-02	3.125E-01	0.016	6.972E+00
9bk5A	5xbj-assembly1_A	2.982E-01	2.594E-01	5.773E-02	2.749E-01	0.016	5.753E+00
9bk5A	8ate-assembly1_A	2.730E-01	2.562E-01	6.369E-02	3.322E-01	0.016	7.433E+00
9bk5A	6s2b-assembly1_A	3.188E-01	1.906E-01	4.027E-02	3.066E-01	0.016	7.924E+00
9bk5A	2w5f-assembly2_B	3.274E-01	2.297E-01	4.339E-02	2.651E-01	0.016	6.972E+00
9bk5A	8ea4-assembly1_W	3.537E-01	2.119E-01	4.119E-02	2.741E-01	0.016	7.924E+00
9bk5A	2wze-assembly2_B	2.852E-01	2.182E-01	4.426E-02	2.474E-01	0.016	3.918E+00
9bk5A	5ofa-assembly1_A	2.469E-01	1.876E-01	4.840E-02	2.389E-01	0.016	2.668E+00
9bk5A	5xda-assembly1_A	3.179E-01	3.088E-01	6.800E-02	2.797E-01	0.016	6.134E+00
9bk5A	5xda-assembly1_B	3.216E-01	3.068E-01	6.542E-02	2.668E-01	0.016	5.753E+00
9bk5A	3x17-assembly2_A	3.194E-01	2.299E-01	4.900E-02	2.610E-01	0.016	5.397E+00
9bk5A	7sqd-assembly1_C	3.252E-01	3.155E-01	7.428E-02	3.268E-01	0.016	9.007E+00
9bk5A	4gwm-assembly1_A	2.546E-01	1.905E-01	3.636E-02	2.363E-01	0.016	3.033E+00
9bk5A	7ap4-assembly1_B	3.049E-01	2.804E-01	5.878E-02	3.515E-01	0.016	9.007E+00
9bk5A	7wrw-assembly1_A	3.068E-01	2.367E-01	4.066E-02	2.427E-01	0.016	5.062E+00
9bk5A	8xcg-assembly1_Z	2.472E-01	1.796E-01	3.369E-02	2.350E-01	0.016	3.033E+00
9bk5A	8uy1-assembly1_A	3.447E-01	3.350E-01	6.410E-02	3.189E-01	0.016	9.602E+00
9bk5A	7b2q-assembly1_B	2.838E-01	2.396E-01	4.177E-02	2.684E-01	0.016	4.748E+00
9bk5A	3fcs-assembly2_D	3.734E-01	2.420E-01	4.668E-02	2.432E-01	0.016	7.433E+00
9bk5A	6o2m-assembly1_A	2.900E-01	2.713E-01	4.767E-02	2.569E-01	0.016	5.062E+00
9bk5A	7qx5-assembly1_A	1.964E-01	1.626E-01	3.872E-02	2.187E-01	0.016	1.407E+00
9bk5A	2qki-assembly1_A	3.174E-01	2.309E-01	4.951E-02	3.134E-01	0.016	7.433E+00
9bk5A	5ux0-assembly1_A	3.575E-01	2.266E-01	4.583E-02	3.175E-01	0.016	9.602E+00
9bk5A	6zmk-assembly1_A	3.180E-01	2.879E-01	6.660E-02	3.332E-01	0.016	8.448E+00
9bk5A	6o2n-assembly1_L	2.955E-01	2.762E-01	4.485E-02	2.435E-01	0.016	4.748E+00
9bk5A	6uwr-assembly1_A	2.673E-01	2.161E-01	3.475E-02	2.375E-01	0.016	3.033E+00
9bk5A	1acc-assembly1_A	2.564E-01	1.657E-01	3.136E-02	2.784E-01	0.016	4.453E+00
9bk5A	6tfk-assembly1_C	2.873E-01	2.251E-01	3.892E-02	2.290E-01	0.016	3.447E+00
9bk5A	8dcm-assembly1_C	2.281E-01	2.186E-01	4.201E-02	2.944E-01	0.016	4.177E+00
9bk5A	4yd9-assembly1_Z	2.640E-01	2.359E-01	4.202E-02	3.080E-01	0.016	6.134E+00
9bk5A	5uj6-assembly1_B	4.471E-01	1.978E-01	2.677E-02	1.954E-01	0.016	6.972E+00
9bk5A	6p4u-assembly1_A	2.350E-01	2.291E-01	3.353E-02	2.967E-01	0.016	4.453E+00
9bk5A	5ubt-assembly1_A	3.022E-01	2.283E-01	3.253E-02	3.313E-01	0.016	9.007E+00
9bk5A	6p1j-assembly1_A	3.067E-01	2.841E-01	5.117E-02	3.262E-01	0.016	8.448E+00
9bk5A	4i3h-assembly1_B	2.754E-01	1.989E-01	2.265E-02	2.179E-01	0.016	3.233E+00
9bk5A	6gau-assembly1_B	3.047E-01	2.591E-01	3.403E-02	2.836E-01	0.016	5.753E+00
9bk5A	7v59-assembly1_E	2.555E-01	2.078E-01	2.631E-02	3.327E-01	0.016	6.134E+00
9bk5A	8p51-assembly1_A	2.915E-01	2.853E-01	3.359E-02	3.267E-01	0.016	7.433E+00
9bk5A	4njc-assembly5_E	2.874E-01	1.874E-01	2.383E-01	2.580E-01	0.014	5.753E+00
9bk5A	5hfs-assembly1_B	3.281E-01	2.177E-01	2.523E-01	2.732E-01	0.014	7.924E+00
9bk5A	8xa8-assembly1_E	2.740E-01	2.123E-01	2.251E-01	3.012E-01	0.014	7.433E+00
9bk5A	7ytt-assembly1_A	2.902E-01	1.960E-01	2.096E-01	2.953E-01	0.014	7.433E+00
9bk5A	4x8w-assembly1_D	3.115E-01	2.285E-01	2.440E-01	3.019E-01	0.014	9.007E+00
9bk5A	8uu8-assembly1_q	3.631E-01	2.105E-01	2.066E-01	2.305E-01	0.014	7.924E+00
9bk5A	4v6r-assembly1_AT	3.209E-01	2.136E-01	2.046E-01	2.530E-01	0.014	6.972E+00
9bk5A	6jm4-assembly2_D	2.576E-01	1.548E-01	1.448E-01	3.010E-01	0.014	6.134E+00
9bk5A	3i9h-assembly6_F	3.404E-01	2.337E-01	2.159E-01	2.788E-01	0.014	9.007E+00
9bk5A	3snz-assembly1_A-2	3.415E-01	2.324E-01	2.153E-01	2.689E-01	0.014	9.007E+00
9bk5A	2ywq-assembly3_C	2.701E-01	2.188E-01	2.061E-01	3.560E-01	0.014	9.007E+00
9bk5A	2ii8-assembly2_D	2.875E-01	2.261E-01	1.949E-01	2.132E-01	0.014	4.453E+00
9bk5A	4q2p-assembly1_A	2.827E-01	1.908E-01	1.573E-01	3.207E-01	0.014	9.007E+00
9bk5A	8uf0-assembly1_A	2.776E-01	2.291E-01	1.898E-01	3.686E-01	0.014	9.602E+00
9bk5A	2e3v-assembly3_C	2.705E-01	1.856E-01	1.556E-01	2.159E-01	0.014	3.675E+00
9bk5A	2h28-assembly3_B	2.819E-01	2.160E-01	1.780E-01	3.133E-01	0.014	8.448E+00
9bk5A	1xe0-assembly2_J	3.422E-01	2.483E-01	2.005E-01	2.722E-01	0.014	8.448E+00
9bk5A	4bwg-assembly1_E	2.938E-01	2.259E-01	1.781E-01	3.197E-01	0.014	9.602E+00
9bk5A	4ku8-assembly2_B	2.489E-01	2.380E-01	1.915E-01	2.593E-01	0.014	5.062E+00
9bk5A	8awo-assembly1_B	2.858E-01	2.134E-01	1.620E-01	2.754E-01	0.014	6.972E+00
9bk5A	5wse-assembly2_C	2.414E-01	1.298E-01	1.040E-01	2.714E-01	0.014	4.177E+00
9bk5A	8zyg-assembly1_B	2.383E-01	1.298E-01	1.011E-01	2.724E-01	0.014	5.062E+00
9bk5A	9j46-assembly2_B-4	2.703E-01	2.586E-01	1.962E-01	2.924E-01	0.014	7.433E+00
9bk5A	2byf-assembly1_A	2.886E-01	2.591E-01	2.049E-01	2.582E-01	0.014	6.134E+00
9bk5A	8hjz-assembly1_B	2.422E-01	1.309E-01	1.005E-01	2.719E-01	0.014	4.748E+00
9bk5A	6l2e-assembly1_B	2.381E-01	1.305E-01	1.000E-01	2.706E-01	0.014	4.748E+00
9bk5A	8pc2-assembly2_H	2.762E-01	2.705E-01	2.279E-01	2.836E-01	0.014	6.972E+00
9bk5A	1ppy-assembly1_A	2.796E-01	2.357E-01	1.872E-01	3.085E-01	0.014	8.448E+00
9bk5A	6rpj-assembly2_C	2.238E-01	1.708E-01	1.255E-01	2.308E-01	0.014	3.033E+00
9bk5A	5x6v-assembly1_F	3.070E-01	2.722E-01	1.954E-01	3.211E-01	0.014	9.602E+00
9bk5A	7lss-assembly1_H	2.359E-01	1.894E-01	1.415E-01	1.932E-01	0.014	2.348E+00
9bk5A	7q9m-assembly1_H	2.054E-01	1.864E-01	1.392E-01	2.488E-01	0.014	2.348E+00
9bk5A	7xmg-assembly1_F	2.467E-01	2.027E-01	1.497E-01	2.435E-01	0.014	3.447E+00
9bk5A	5feb-assembly1_A	2.542E-01	2.086E-01	1.505E-01	2.480E-01	0.014	4.453E+00
9bk5A	5xe9-assembly1_B	2.805E-01	2.718E-01	2.090E-01	2.956E-01	0.014	6.972E+00
9bk5A	1xvs-assembly1_B	2.779E-01	1.936E-01	1.280E-01	2.226E-01	0.014	4.177E+00
9bk5A	3but-assembly1_A-2	2.137E-01	2.028E-01	1.363E-01	2.365E-01	0.014	2.348E+00
9bk5A	2cdp-assembly3_C	2.910E-01	2.120E-01	1.418E-01	2.809E-01	0.014	6.972E+00
9bk5A	3id9-assembly1_B	2.635E-01	1.810E-01	1.208E-01	2.626E-01	0.014	5.397E+00
9bk5A	1vmh-assembly1_A	2.141E-01	2.124E-01	1.523E-01	2.673E-01	0.014	3.918E+00
9bk5A	1c77-assembly1_A	3.276E-01	2.104E-01	1.459E-01	2.450E-01	0.014	6.972E+00
9bk5A	4gej-assembly4_D	3.032E-01	1.595E-01	9.657E-02	2.179E-01	0.014	5.062E+00
9bk5A	2cdo-assembly3_C	2.728E-01	2.003E-01	1.259E-01	2.675E-01	0.014	5.397E+00
9bk5A	8d4w-assembly1_A-2	2.588E-01	2.281E-01	1.541E-01	3.069E-01	0.014	7.433E+00
9bk5A	6dfd-assembly1_A	2.272E-01	2.179E-01	1.364E-01	2.584E-01	0.014	3.918E+00
9bk5A	7y8a-assembly1_D	3.058E-01	2.536E-01	1.808E-01	3.144E-01	0.014	9.602E+00
9bk5A	7blz-assembly1_D	3.003E-01	2.598E-01	1.839E-01	2.894E-01	0.014	7.433E+00
9bk5A	2cdp-assembly1_A	2.886E-01	2.090E-01	1.314E-01	2.739E-01	0.014	6.972E+00
9bk5A	6ra0-assembly1_A-2	3.466E-01	1.839E-01	1.347E-01	2.717E-01	0.014	9.602E+00
9bk5A	4ysi-assembly1_A	2.800E-01	2.077E-01	1.320E-01	2.826E-01	0.014	7.433E+00
9bk5A	4c8f-assembly2_C	3.323E-01	1.826E-01	1.173E-01	2.502E-01	0.014	6.972E+00
9bk5A	8f9l-assembly2_B	3.384E-01	1.809E-01	1.203E-01	1.922E-01	0.014	5.062E+00
9bk5A	4y6t-assembly1_F	2.832E-01	2.735E-01	1.887E-01	2.810E-01	0.014	6.972E+00
9bk5A	7rlm-assembly6_F	2.464E-01	2.437E-01	1.506E-01	2.837E-01	0.014	4.748E+00
9bk5A	2zez-assembly2_B	2.672E-01	2.035E-01	1.284E-01	2.607E-01	0.014	4.748E+00
9bk5A	6fvi-assembly1_A	2.549E-01	1.771E-01	1.015E-01	2.282E-01	0.014	3.675E+00
9bk5A	2ig6-assembly1_A	2.856E-01	2.568E-01	1.681E-01	3.111E-01	0.014	9.007E+00
9bk5A	4y6t-assembly2_B	2.635E-01	2.589E-01	1.679E-01	2.832E-01	0.014	6.539E+00
9bk5A	5xbi-assembly1_A	2.163E-01	2.090E-01	1.357E-01	2.776E-01	0.014	3.447E+00
9bk5A	3f59-assembly1_A	2.449E-01	1.973E-01	1.299E-01	2.445E-01	0.014	3.918E+00
9bk5A	9h8b-assembly1_Au	2.664E-01	2.341E-01	1.407E-01	2.577E-01	0.014	5.397E+00
9bk5A	5kjz-assembly1_A	2.579E-01	2.443E-01	1.616E-01	2.318E-01	0.014	4.177E+00
9bk5A	7zhd-assembly1_A	2.627E-01	2.536E-01	1.624E-01	2.806E-01	0.014	5.397E+00
9bk5A	3hwj-assembly2_B	2.974E-01	2.166E-01	1.249E-01	2.384E-01	0.014	5.397E+00
9bk5A	5tb5-assembly1_B	2.960E-01	2.366E-01	1.471E-01	2.319E-01	0.014	5.397E+00
9bk5A	4v6y-assembly1_AG	2.598E-01	1.651E-01	1.069E-01	2.716E-01	0.014	5.062E+00
9bk5A	6wd8-assembly1_L	2.357E-01	1.722E-01	1.012E-01	2.500E-01	0.014	3.447E+00
9bk5A	8e2s-assembly4_H	2.733E-01	2.324E-01	1.494E-01	3.237E-01	0.014	8.448E+00
9bk5A	2i3p-assembly1_B	2.397E-01	2.271E-01	1.312E-01	3.220E-01	0.014	6.539E+00
9bk5A	2xe0-assembly3_B	2.381E-01	2.257E-01	1.307E-01	3.240E-01	0.014	5.753E+00
9bk5A	3gk6-assembly1_A	2.395E-01	2.344E-01	1.625E-01	2.839E-01	0.014	4.748E+00
9bk5A	2iab-assembly1_A	2.414E-01	2.180E-01	1.285E-01	2.665E-01	0.014	3.918E+00
9bk5A	6mlu-assembly1_B	2.860E-01	2.639E-01	1.513E-01	3.139E-01	0.014	9.007E+00
9bk5A	1xja-assembly1_B	2.671E-01	2.147E-01	1.286E-01	2.791E-01	0.014	5.397E+00
9bk5A	7cma-assembly1_C-2	2.643E-01	2.332E-01	1.504E-01	3.120E-01	0.014	6.539E+00
9bk5A	6ecy-assembly1_B	2.734E-01	2.174E-01	1.243E-01	3.597E-01	0.014	9.007E+00
9bk5A	5ojq-assembly1_a	2.659E-01	2.221E-01	1.420E-01	3.097E-01	0.014	7.433E+00
9bk5A	8uu9-assembly1_e	3.178E-01	2.430E-01	1.467E-01	2.590E-01	0.014	6.539E+00
9bk5A	3kbt-assembly2_C	2.292E-01	1.739E-01	1.077E-01	2.105E-01	0.014	2.202E+00
9bk5A	5mxn-assembly1_a	2.659E-01	2.221E-01	1.379E-01	3.097E-01	0.014	7.433E+00
9bk5A	3vcf-assembly1_A	2.840E-01	2.351E-01	1.366E-01	2.852E-01	0.014	6.972E+00
9bk5A	2arc-assembly1_A	2.303E-01	1.992E-01	1.155E-01	2.662E-01	0.014	4.453E+00
9bk5A	2o96-assembly1_B	2.928E-01	2.336E-01	1.367E-01	2.944E-01	0.014	7.433E+00
9bk5A	5yc1-assembly1_C	2.776E-01	2.222E-01	1.406E-01	2.677E-01	0.014	6.539E+00
9bk5A	5yc1-assembly2_D	2.986E-01	2.269E-01	1.426E-01	2.928E-01	0.014	8.448E+00
9bk5A	8c93-assembly1_D	2.547E-01	2.000E-01	1.186E-01	1.966E-01	0.014	2.503E+00
9bk5A	5u58-assembly1_C	2.679E-01	2.095E-01	1.180E-01	2.618E-01	0.014	5.397E+00
9bk5A	5kat-assembly1_A	2.349E-01	2.236E-01	1.204E-01	2.582E-01	0.014	4.453E+00
9bk5A	7okt-assembly1_A	2.540E-01	1.355E-01	6.974E-02	2.059E-01	0.014	2.845E+00
9bk5A	3jxs-assembly3_C	2.893E-01	2.007E-01	1.097E-01	2.477E-01	0.014	6.134E+00
9bk5A	4m4e-assembly1_B	3.062E-01	2.358E-01	1.402E-01	2.981E-01	0.014	7.924E+00
9bk5A	7okv-assembly1_A	3.256E-01	2.140E-01	1.231E-01	2.808E-01	0.014	8.448E+00
9bk5A	1d0a-assembly1_A	3.038E-01	2.891E-01	1.715E-01	3.188E-01	0.014	9.602E+00
9bk5A	3u1i-assembly1_B	3.673E-01	2.025E-01	1.114E-01	2.397E-01	0.014	7.433E+00
9bk5A	4wp3-assembly5_E	2.646E-01	2.538E-01	1.461E-01	3.234E-01	0.014	7.433E+00
9bk5A	5w83-assembly1_A	2.889E-01	2.177E-01	1.232E-01	3.182E-01	0.014	8.448E+00
9bk5A	5ldo-assembly1_A	2.820E-01	2.587E-01	1.260E-01	3.007E-01	0.014	6.972E+00
9bk5A	4o8x-assembly1_A	2.770E-01	2.248E-01	1.273E-01	3.145E-01	0.014	7.924E+00
9bk5A	1ddl-assembly1_C	2.735E-01	2.637E-01	1.530E-01	2.884E-01	0.014	7.433E+00
9bk5A	1tmc-assembly1_A	2.627E-01	1.852E-01	9.553E-02	2.481E-01	0.014	4.748E+00
9bk5A	3n10-assembly1_A	2.392E-01	2.286E-01	1.244E-01	2.762E-01	0.014	4.453E+00
9bk5A	5u4p-assembly1_A	2.637E-01	2.351E-01	1.378E-01	3.243E-01	0.014	7.433E+00
9bk5A	4qgn-assembly1_A	2.627E-01	2.570E-01	1.531E-01	3.112E-01	0.014	7.433E+00
9bk5A	4v6p-assembly1_AJ	2.931E-01	1.745E-01	1.025E-01	2.509E-01	0.014	5.753E+00
9bk5A	8cm1-assembly1_A	3.559E-01	2.240E-01	1.220E-01	2.656E-01	0.014	8.448E+00
9bk5A	7pb2-assembly2_I	2.760E-01	2.178E-01	1.112E-01	2.609E-01	0.014	6.134E+00
9bk5A	1gqp-assembly1_A	2.947E-01	2.433E-01	1.265E-01	2.715E-01	0.014	7.433E+00
9bk5A	6z1p-assembly1_At	3.496E-01	2.059E-01	1.039E-01	2.443E-01	0.014	7.433E+00
9bk5A	1czz-assembly1_C	2.576E-01	2.460E-01	1.461E-01	2.840E-01	0.014	5.753E+00
9bk5A	1xe7-assembly1_B	3.373E-01	2.171E-01	1.038E-01	2.662E-01	0.014	8.448E+00
9bk5A	8sku-assembly1_R	2.708E-01	1.846E-01	1.013E-01	3.013E-01	0.014	6.539E+00
9bk5A	7cs1-assembly1_A	2.886E-01	2.440E-01	1.156E-01	3.121E-01	0.014	8.448E+00
9bk5A	9fx9-assembly1_A	2.609E-01	2.547E-01	1.368E-01	2.587E-01	0.014	5.397E+00
9bk5A	4ozh-assembly2_E	3.141E-01	2.377E-01	1.194E-01	2.725E-01	0.014	8.448E+00
9bk5A	4wvz-assembly2_B	3.176E-01	2.462E-01	1.282E-01	2.482E-01	0.014	6.972E+00
9bk5A	1m4v-assembly1_A	2.578E-01	1.508E-01	7.155E-02	2.615E-01	0.014	5.397E+00
9bk5A	2ha1-assembly1_A	3.834E-01	2.339E-01	1.098E-01	2.580E-01	0.014	9.007E+00
9bk5A	6eay-assembly1_H	2.329E-01	1.856E-01	8.941E-02	2.106E-01	0.014	2.503E+00
9bk5A	3ehj-assembly1_A	2.543E-01	2.268E-01	1.109E-01	3.176E-01	0.014	6.972E+00
9bk5A	5jhd-assembly2_I	2.657E-01	2.290E-01	1.077E-01	2.842E-01	0.014	6.134E+00
9bk5A	6rnn-assembly2_D	2.752E-01	2.198E-01	1.038E-01	2.459E-01	0.014	5.397E+00
9bk5A	2cdy-assembly2_B	3.564E-01	1.731E-01	8.824E-02	2.676E-01	0.014	8.448E+00
9bk5A	6hbj-assembly1_A	2.248E-01	2.160E-01	1.128E-01	2.827E-01	0.014	4.748E+00
9bk5A	7lix-assembly1_A	3.039E-01	2.211E-01	1.054E-01	2.595E-01	0.014	6.972E+00
9bk5A	6mwr-assembly1_D	2.763E-01	2.119E-01	9.742E-02	2.831E-01	0.014	6.972E+00
9bk5A	4fqc-assembly1_L	2.509E-01	2.150E-01	1.030E-01	2.611E-01	0.014	4.453E+00
9bk5A	6gre-assembly2_B	2.708E-01	2.603E-01	1.477E-01	3.574E-01	0.014	9.007E+00
9bk5A	4w5j-assembly4_D	3.061E-01	2.336E-01	9.665E-02	2.895E-01	0.014	7.924E+00
9bk5A	3cq9-assembly2_C	2.656E-01	2.422E-01	1.115E-01	2.666E-01	0.014	5.397E+00
9bk5A	1nrg-assembly1_A-2	3.165E-01	2.170E-01	1.003E-01	2.673E-01	0.014	6.972E+00
9bk5A	9fx1-assembly1_C	2.660E-01	2.206E-01	1.052E-01	2.043E-01	0.014	3.447E+00
9bk5A	4q7r-assembly2_B	3.033E-01	2.033E-01	9.422E-02	3.095E-01	0.014	9.007E+00
9bk5A	3mmg-assembly1_A	3.272E-01	2.130E-01	9.773E-02	2.804E-01	0.014	9.602E+00
9bk5A	7o9k-assembly1_Q	3.034E-01	1.892E-01	8.890E-02	2.245E-01	0.014	5.062E+00
9bk5A	8qq1-assembly1_C	2.893E-01	2.331E-01	1.107E-01	2.652E-01	0.014	6.539E+00
9bk5A	7ps2-assembly1_H	2.056E-01	1.865E-01	8.928E-02	2.473E-01	0.014	3.033E+00
9bk5A	8xx0-assembly1_H-2	2.599E-01	2.039E-01	9.005E-02	2.436E-01	0.014	4.177E+00
9bk5A	4hy1-assembly2_B	2.819E-01	2.087E-01	9.148E-02	2.286E-01	0.014	4.748E+00
9bk5A	3g2q-assembly1_B	3.347E-01	2.466E-01	1.003E-01	2.400E-01	0.014	6.539E+00
9bk5A	6f4t-assembly1_A	3.211E-01	2.931E-01	1.248E-01	2.665E-01	0.014	6.972E+00
9bk5A	7dyw-assembly1_A	2.899E-01	2.670E-01	1.202E-01	2.471E-01	0.014	6.134E+00
9bk5A	4hgy-assembly1_E	3.327E-01	2.390E-01	9.245E-02	2.564E-01	0.014	6.972E+00
9bk5A	1oij-assembly4_D	2.535E-01	2.462E-01	1.033E-01	2.961E-01	0.014	6.134E+00
9bk5A	1oii-assembly3_C	2.520E-01	2.471E-01	1.028E-01	2.972E-01	0.014	6.134E+00
9bk5A	7tqs-assembly1_c	2.698E-01	2.131E-01	9.330E-02	2.034E-01	0.014	3.447E+00
9bk5A	6tm8-assembly1_A	2.938E-01	2.173E-01	1.088E-01	3.064E-01	0.014	8.448E+00
9bk5A	6m09-assembly2_C	2.818E-01	2.394E-01	1.001E-01	3.103E-01	0.014	7.924E+00
9bk5A	4fk8-assembly1_A	2.455E-01	2.350E-01	1.088E-01	2.692E-01	0.014	4.177E+00
9bk5A	3g2q-assembly1_A	2.677E-01	2.017E-01	8.382E-02	1.949E-01	0.014	2.503E+00
9bk5A	7n5l-assembly1_A	3.000E-01	2.898E-01	1.203E-01	2.998E-01	0.014	7.924E+00
9bk5A	1nx8-assembly1_A-2	2.736E-01	2.653E-01	1.037E-01	3.215E-01	0.014	9.007E+00
9bk5A	5gwx-assembly1_A	2.587E-01	1.921E-01	8.228E-02	2.031E-01	0.014	2.845E+00
9bk5A	1vz4-assembly1_A-2	2.811E-01	2.733E-01	1.137E-01	3.197E-01	0.014	7.924E+00
9bk5A	4zgp-assembly1_A	2.990E-01	2.767E-01	1.187E-01	3.098E-01	0.014	9.007E+00
9bk5A	8enh-assembly3_K	3.356E-01	2.358E-01	9.430E-02	2.687E-01	0.014	9.007E+00
9bk5A	4cs2-assembly1_A-2	2.922E-01	2.753E-01	1.250E-01	3.155E-01	0.014	9.602E+00
9bk5A	1uds-assembly1_A	3.155E-01	2.285E-01	9.060E-02	3.106E-01	0.014	9.007E+00
9bk5A	5yc9-assembly1_D	2.122E-01	2.062E-01	8.252E-02	2.576E-01	0.014	3.033E+00
9bk5A	1oij-assembly2_B	2.834E-01	2.734E-01	1.112E-01	3.089E-01	0.014	7.433E+00
9bk5A	3rj4-assembly1_B	2.835E-01	2.618E-01	9.581E-02	2.854E-01	0.014	7.433E+00
9bk5A	2xnj-assembly1_A	2.816E-01	1.939E-01	8.126E-02	2.506E-01	0.014	5.062E+00
9bk5A	3bp1-assembly1_D	2.445E-01	2.350E-01	8.902E-02	2.942E-01	0.014	5.397E+00
9bk5A	8es7-assembly1_A	2.408E-01	2.112E-01	8.795E-02	2.914E-01	0.014	5.753E+00
9bk5A	4dbf-assembly1_B	3.224E-01	2.451E-01	9.563E-02	2.503E-01	0.014	7.433E+00
9bk5A	3vqy-assembly1_A-2	2.799E-01	2.650E-01	1.186E-01	3.063E-01	0.014	8.448E+00
9bk5A	3rzp-assembly1_B	2.409E-01	2.259E-01	9.157E-02	2.882E-01	0.014	5.062E+00
9bk5A	4ch4-assembly1_A	2.854E-01	2.706E-01	1.191E-01	3.080E-01	0.014	9.007E+00
9bk5A	3uxj-assembly2_C	2.494E-01	2.328E-01	9.066E-02	2.779E-01	0.014	5.062E+00
9bk5A	8ke4-assembly1_A-2	2.726E-01	2.579E-01	1.162E-01	3.143E-01	0.014	8.448E+00
9bk5A	1qx4-assembly1_B	2.812E-01	2.255E-01	9.480E-02	2.737E-01	0.014	6.134E+00
9bk5A	7w3o-assembly5_E	2.984E-01	1.842E-01	6.931E-02	2.091E-01	0.014	3.675E+00
9bk5A	2ehc-assembly1_B	3.384E-01	2.653E-01	1.195E-01	2.769E-01	0.014	9.007E+00
9bk5A	2el3-assembly1_B	3.384E-01	2.643E-01	1.190E-01	2.785E-01	0.014	9.007E+00
9bk5A	2emu-assembly1_B	3.037E-01	2.204E-01	1.020E-01	2.649E-01	0.014	7.433E+00
9bk5A	2p9d-assembly1_B	3.133E-01	2.403E-01	1.119E-01	2.742E-01	0.014	8.448E+00
9bk5A	2pb4-assembly1_B	3.150E-01	2.283E-01	1.025E-01	2.627E-01	0.014	7.433E+00
9bk5A	2pb6-assembly1_B	3.061E-01	2.218E-01	1.029E-01	2.704E-01	0.014	7.433E+00
9bk5A	2pcg-assembly1_B	3.546E-01	2.817E-01	1.229E-01	2.773E-01	0.014	9.602E+00
9bk5A	3ws3-assembly1_A	2.893E-01	2.138E-01	8.765E-02	2.664E-01	0.014	5.753E+00
9bk5A	1dml-assembly1_A	3.161E-01	3.055E-01	1.230E-01	2.985E-01	0.014	9.602E+00
9bk5A	5wki-assembly1_A	2.997E-01	1.758E-01	8.208E-02	2.772E-01	0.014	7.433E+00
9bk5A	5jwe-assembly3_E	3.075E-01	2.169E-01	8.706E-02	2.641E-01	0.014	6.972E+00
9bk5A	6obt-assembly1_A-2	2.892E-01	2.221E-01	8.896E-02	2.970E-01	0.014	7.924E+00
9bk5A	4ztk-assembly1_A	3.463E-01	2.197E-01	9.148E-02	2.451E-01	0.014	8.448E+00
9bk5A	8v1s-assembly1_B	2.142E-01	2.070E-01	1.057E-01	2.844E-01	0.014	4.453E+00
9bk5A	3rol-assembly1_A	3.603E-01	2.395E-01	8.480E-02	2.504E-01	0.014	7.924E+00
9bk5A	8fs5-assembly1_H	2.703E-01	2.609E-01	1.091E-01	2.658E-01	0.014	6.134E+00
9bk5A	8ite-assembly1_A	2.047E-01	1.985E-01	7.248E-02	2.507E-01	0.014	2.845E+00
9bk5A	8aut-assembly1_A	3.264E-01	2.256E-01	7.753E-02	2.180E-01	0.014	6.134E+00
9bk5A	5wmq-assembly1_A	3.103E-01	1.987E-01	6.575E-02	2.727E-01	0.014	7.433E+00
9bk5A	8aut-assembly3_C	3.083E-01	2.229E-01	7.932E-02	2.162E-01	0.014	4.748E+00
9bk5A	3tie-assembly2_D	2.566E-01	1.816E-01	7.897E-02	2.615E-01	0.014	5.062E+00
9bk5A	8f5y-assembly1_A	3.172E-01	2.162E-01	8.798E-02	2.991E-01	0.014	9.602E+00
9bk5A	7na5-assembly1_A	2.952E-01	2.109E-01	8.333E-02	2.678E-01	0.014	6.539E+00
9bk5A	4mzu-assembly1_A	2.891E-01	2.812E-01	8.860E-02	3.306E-01	0.014	9.602E+00
9bk5A	9j0u-assembly1_A	2.801E-01	2.678E-01	9.059E-02	3.160E-01	0.014	8.448E+00
9bk5A	6qe7-assembly3_C	3.341E-01	2.389E-01	7.793E-02	2.600E-01	0.014	8.448E+00
9bk5A	5m3o-assembly1_A	3.246E-01	1.697E-01	6.426E-02	2.449E-01	0.014	7.433E+00
9bk5A	5to0-assembly1_A	3.468E-01	1.927E-01	6.809E-02	2.859E-01	0.014	9.602E+00
9bk5A	3t5p-assembly3_C	4.099E-01	1.981E-01	7.143E-02	2.374E-01	0.014	9.007E+00
9bk5A	1auv-assembly1_B-2	2.957E-01	2.613E-01	9.185E-02	3.093E-01	0.014	8.448E+00
9bk5A	8yh9-assembly1_D	2.668E-01	2.459E-01	1.109E-01	3.404E-01	0.014	8.448E+00
9bk5A	1i1k-assembly1_A	3.169E-01	2.117E-01	8.097E-02	3.125E-01	0.014	9.602E+00
9bk5A	6nst-assembly1_B	3.072E-01	2.228E-01	8.184E-02	2.827E-01	0.014	8.448E+00
9bk5A	6h9v-assembly1_B	3.580E-01	2.660E-01	8.396E-02	2.400E-01	0.014	7.924E+00
9bk5A	1i1l-assembly1_A	3.006E-01	2.122E-01	7.971E-02	3.155E-01	0.014	9.602E+00
9bk5A	8dmk-assembly1_G	2.914E-01	1.783E-01	6.871E-02	2.630E-01	0.014	6.972E+00
9bk5A	6gkr-assembly1_A	2.890E-01	2.067E-01	7.455E-02	2.481E-01	0.014	6.134E+00
9bk5A	1i7l-assembly1_A	2.623E-01	2.321E-01	8.433E-02	3.005E-01	0.014	7.433E+00
9bk5A	6bjd-assembly1_A	2.712E-01	2.652E-01	8.436E-02	3.255E-01	0.014	7.924E+00
9bk5A	4cze-assembly1_A	3.107E-01	1.805E-01	6.025E-02	3.119E-01	0.014	9.007E+00
9bk5A	2bbd-assembly4_D	3.185E-01	3.075E-01	1.082E-01	3.174E-01	0.014	9.602E+00
9bk5A	9cx3-assembly1_B	2.873E-01	1.849E-01	6.068E-02	2.849E-01	0.014	7.924E+00
9bk5A	5in3-assembly1_A	2.815E-01	2.156E-01	8.138E-02	3.059E-01	0.014	7.924E+00
9bk5A	2r3s-assembly1_B	3.127E-01	2.819E-01	9.451E-02	3.152E-01	0.014	9.007E+00
9bk5A	2y5b-assembly2_E	3.825E-01	1.812E-01	6.066E-02	2.224E-01	0.014	7.924E+00
9bk5A	5vzc-assembly1_A	2.562E-01	2.288E-01	9.133E-02	3.531E-01	0.014	9.007E+00
9bk5A	7zgi-assembly1_A	2.851E-01	2.642E-01	1.007E-01	2.775E-01	0.014	7.433E+00
9bk5A	8z9m-assembly1_C	2.720E-01	2.427E-01	8.202E-02	3.079E-01	0.014	7.924E+00
9bk5A	7zh3-assembly1_D	3.205E-01	1.897E-01	6.154E-02	2.310E-01	0.014	6.539E+00
9bk5A	6jif-assembly1_A	2.226E-01	2.109E-01	6.363E-02	3.002E-01	0.014	5.397E+00
9bk5A	3pnq-assembly2_D	2.882E-01	2.543E-01	7.042E-02	3.164E-01	0.014	8.448E+00
9bk5A	2y5w-assembly1_A	2.993E-01	2.746E-01	1.059E-01	2.578E-01	0.014	6.972E+00
9bk5A	6dkn-assembly1_A	3.332E-01	2.438E-01	6.907E-02	2.786E-01	0.014	9.007E+00
9bk5A	2cgo-assembly1_A	3.301E-01	3.098E-01	1.012E-01	2.868E-01	0.014	8.448E+00
9bk5A	5njh-assembly1_F	2.720E-01	2.237E-01	8.816E-02	3.125E-01	0.014	7.433E+00
9bk5A	3hbz-assembly1_A	2.525E-01	1.837E-01	5.483E-02	2.230E-01	0.014	3.675E+00
9bk5A	3vhr-assembly1_A-2	2.535E-01	1.709E-01	4.726E-02	2.307E-01	0.014	3.675E+00
9bk5A	8ond-assembly1_A	2.677E-01	2.575E-01	8.414E-02	3.686E-01	0.014	9.602E+00
9bk5A	8itn-assembly2_C	3.004E-01	1.654E-01	5.405E-02	2.308E-01	0.014	4.748E+00
9bk5A	7pou-assembly1_A	3.116E-01	2.296E-01	8.479E-02	3.075E-01	0.014	9.007E+00
9bk5A	1uij-assembly2_F	3.070E-01	1.883E-01	5.614E-02	2.986E-01	0.014	8.448E+00
9bk5A	4het-assembly1_A	2.960E-01	2.057E-01	5.873E-02	2.243E-01	0.014	4.748E+00
9bk5A	8itn-assembly1_A-2	2.987E-01	1.654E-01	5.327E-02	2.283E-01	0.014	4.453E+00
9bk5A	6l4c-assembly1_C	2.511E-01	1.930E-01	5.851E-02	2.647E-01	0.014	4.748E+00
9bk5A	5za2-assembly1_A	3.512E-01	2.078E-01	7.510E-02	2.733E-01	0.014	9.602E+00
9bk5A	8jrv-assembly1_A	2.271E-01	1.619E-01	5.313E-02	2.734E-01	0.014	3.675E+00
9bk5A	6aix-assembly1_A	2.489E-01	1.899E-01	6.294E-02	2.769E-01	0.014	4.748E+00
9bk5A	6aiy-assembly1_A	2.491E-01	1.899E-01	6.295E-02	2.773E-01	0.014	4.748E+00
9bk5A	2ncd-assembly1_A-2	2.735E-01	2.479E-01	8.677E-02	3.043E-01	0.014	6.972E+00
9bk5A	6wuk-assembly1_A	2.500E-01	1.903E-01	6.302E-02	2.762E-01	0.014	5.397E+00
9bk5A	7u1i-assembly1_C	2.884E-01	2.044E-01	6.104E-02	2.795E-01	0.014	7.433E+00
9bk5A	4hy1-assembly1_A	3.001E-01	2.181E-01	6.095E-02	2.099E-01	0.014	4.177E+00
9bk5A	6wma-assembly1_A	3.752E-01	2.278E-01	7.335E-02	2.415E-01	0.014	7.924E+00
9bk5A	4prx-assembly1_A-2	3.426E-01	2.543E-01	7.677E-02	2.583E-01	0.014	9.007E+00
9bk5A	3smh-assembly2_B	2.289E-01	2.191E-01	6.195E-02	2.281E-01	0.014	3.033E+00
9bk5A	4hxz-assembly1_A	3.143E-01	2.246E-01	6.321E-02	2.046E-01	0.014	4.453E+00
9bk5A	6hq4-assembly1_B	2.223E-01	2.145E-01	7.712E-02	2.828E-01	0.014	4.177E+00
9bk5A	6lgw-assembly1_E	2.653E-01	2.152E-01	7.244E-02	2.380E-01	0.014	3.918E+00
9bk5A	5vf5-assembly1_A	2.865E-01	2.051E-01	5.734E-02	3.075E-01	0.014	7.924E+00
9bk5A	3liu-assembly1_A	3.251E-01	2.259E-01	6.621E-02	2.216E-01	0.014	5.397E+00
9bk5A	3liu-assembly2_B	3.215E-01	1.987E-01	6.059E-02	2.274E-01	0.014	6.134E+00
9bk5A	3smh-assembly1_A	2.367E-01	2.288E-01	6.177E-02	2.231E-01	0.014	2.845E+00
9bk5A	9exs-assembly1_A	2.929E-01	2.005E-01	6.075E-02	2.950E-01	0.014	8.448E+00
9bk5A	6hq4-assembly1_A	2.628E-01	1.831E-01	5.388E-02	2.394E-01	0.014	4.177E+00
9bk5A	6rkc-assembly1_B	2.597E-01	2.443E-01	8.660E-02	3.766E-01	0.014	9.602E+00
9bk5A	6djk-assembly1_A-2	3.284E-01	3.164E-01	9.520E-02	2.894E-01	0.014	9.007E+00
9bk5A	8yfq-assembly1_S	3.057E-01	2.004E-01	5.983E-02	3.233E-01	0.014	9.602E+00
9bk5A	8cx1-assembly1_F	2.954E-01	2.763E-01	8.791E-02	2.973E-01	0.014	7.433E+00
9bk5A	5ulj-assembly4_D	3.129E-01	2.036E-01	6.113E-02	3.272E-01	0.014	9.602E+00
9bk5A	4zlt-assembly1_B	2.830E-01	2.691E-01	7.930E-02	2.880E-01	0.014	6.972E+00
9bk5A	6f8l-assembly1_E	2.722E-01	2.466E-01	7.657E-02	3.471E-01	0.014	8.448E+00
9bk5A	3zkb-assembly7_J	3.492E-01	2.433E-01	6.608E-02	2.639E-01	0.014	9.602E+00
9bk5A	8bf9-assembly1_C	2.595E-01	2.035E-01	4.827E-02	2.615E-01	0.014	5.397E+00
9bk5A	7k7t-assembly2_B	2.242E-01	1.743E-01	6.111E-02	2.691E-01	0.014	3.918E+00
9bk5A	5zv0-assembly1_A	2.451E-01	1.907E-01	5.282E-02	2.920E-01	0.014	6.134E+00
9bk5A	4tlg-assembly2_B	3.086E-01	2.288E-01	5.622E-02	2.484E-01	0.014	5.753E+00
9bk5A	6wgg-assembly1_8	2.500E-01	1.950E-01	6.315E-02	2.839E-01	0.014	5.753E+00
9bk5A	1vl2-assembly1_C	2.840E-01	2.043E-01	5.589E-02	2.983E-01	0.014	7.924E+00
9bk5A	4g1b-assembly2_B	3.121E-01	2.093E-01	5.644E-02	2.342E-01	0.014	5.397E+00
9bk5A	5gae-assembly1_g	2.617E-01	2.129E-01	4.952E-02	2.482E-01	0.014	4.453E+00
9bk5A	8kem-assembly1_C	3.354E-01	2.331E-01	6.967E-02	2.608E-01	0.014	7.433E+00
9bk5A	5zzw-assembly2_A	2.660E-01	2.339E-01	6.220E-02	2.782E-01	0.014	6.539E+00
9bk5A	5u22-assembly1_A	3.002E-01	2.111E-01	5.047E-02	2.333E-01	0.014	5.753E+00
9bk5A	3gty-assembly2_X	3.277E-01	2.865E-01	7.435E-02	2.836E-01	0.014	9.602E+00
9bk5A	8qrp-assembly1_B	2.923E-01	2.278E-01	6.717E-02	2.857E-01	0.014	7.433E+00
9bk5A	7u5h-assembly1_A	3.190E-01	2.654E-01	7.810E-02	2.754E-01	0.014	7.433E+00
9bk5A	4r1m-assembly1_B	2.989E-01	2.220E-01	6.072E-02	3.328E-01	0.014	9.602E+00
9bk5A	6lpw-assembly1_A-2	2.889E-01	2.628E-01	8.985E-02	3.137E-01	0.014	8.448E+00
9bk5A	6qd6-assembly3_C	3.178E-01	2.536E-01	8.040E-02	3.141E-01	0.014	9.602E+00
9bk5A	4r1m-assembly2_C	2.646E-01	2.196E-01	5.856E-02	3.403E-01	0.014	9.007E+00
9bk5A	6b9r-assembly1_D	2.928E-01	1.841E-01	4.878E-02	2.077E-01	0.014	3.675E+00
9bk5A	2xtl-assembly1_A	2.827E-01	2.120E-01	5.191E-02	2.865E-01	0.014	6.539E+00
9bk5A	6f6d-assembly1_A	3.051E-01	2.901E-01	8.327E-02	2.909E-01	0.014	7.433E+00
9bk5A	5iig-assembly1_A	2.950E-01	2.695E-01	7.016E-02	2.981E-01	0.014	9.007E+00
9bk5A	8ip0-assembly1_J	2.698E-01	2.026E-01	6.749E-02	3.263E-01	0.014	9.007E+00
9bk5A	2f1z-assembly1_A	2.874E-01	2.417E-01	7.284E-02	2.859E-01	0.014	6.972E+00
9bk5A	6ful-assembly1_A	2.949E-01	2.806E-01	8.380E-02	3.322E-01	0.014	9.007E+00
9bk5A	8vde-assembly1_P6	3.056E-01	1.984E-01	4.427E-02	2.690E-01	0.014	7.924E+00
9bk5A	4fca-assembly1_A	2.366E-01	2.293E-01	5.176E-02	2.650E-01	0.014	4.748E+00
9bk5A	4cdb-assembly1_A	3.166E-01	2.797E-01	7.745E-02	2.775E-01	0.014	9.007E+00
9bk5A	4d1q-assembly1_B	2.824E-01	2.190E-01	5.615E-02	2.892E-01	0.014	7.924E+00
9bk5A	8kb7-assembly1_B	3.986E-01	2.198E-01	4.352E-02	2.424E-01	0.014	9.602E+00
9bk5A	7ui9-assembly1_q	3.306E-01	2.756E-01	5.870E-02	2.979E-01	0.014	9.007E+00
9bk5A	3zq5-assembly1_A-2	2.892E-01	2.366E-01	4.489E-02	2.768E-01	0.014	6.972E+00
9bk5A	2bw3-assembly1_A	3.196E-01	2.489E-01	5.584E-02	3.173E-01	0.014	9.602E+00
9bk5A	1jv2-assembly1_B	3.936E-01	2.568E-01	5.257E-02	2.551E-01	0.014	9.602E+00
9bk5A	8uy2-assembly1_D	2.722E-01	2.606E-01	5.920E-02	3.172E-01	0.014	7.433E+00
9bk5A	6fcx-assembly1_B	2.749E-01	2.656E-01	5.885E-02	3.080E-01	0.014	7.924E+00
9bk5A	7wrx-assembly2_E	3.118E-01	2.394E-01	4.029E-02	2.390E-01	0.014	6.134E+00
9bk5A	3fhq-assembly2_F	2.928E-01	2.247E-01	4.232E-02	3.128E-01	0.014	9.602E+00
9bk5A	7b2p-assembly1_B	3.372E-01	2.422E-01	3.826E-02	2.543E-01	0.014	8.448E+00
9bk5A	5ta5-assembly3_B-2	3.081E-01	2.552E-01	4.661E-02	2.245E-01	0.014	4.748E+00
9bk5A	5ta5-assembly3_A	3.489E-01	2.569E-01	4.545E-02	2.424E-01	0.014	6.972E+00
9bk5A	5ta0-assembly3_A	3.543E-01	2.592E-01	4.581E-02	2.505E-01	0.014	8.448E+00
9bk5A	9b96-assembly1_A-2	2.705E-01	1.950E-01	3.336E-02	2.680E-01	0.014	5.062E+00
9bk5A	4n2k-assembly1_A-2	2.168E-01	1.601E-01	3.269E-02	2.684E-01	0.014	3.447E+00
9bk5A	8eps-assembly3_C	2.549E-01	2.008E-01	4.893E-02	3.741E-01	0.014	8.448E+00
9bk5A	3c7n-assembly1_A	3.334E-01	2.651E-01	4.972E-02	2.825E-01	0.014	9.007E+00
9bk5A	6a48-assembly1_A	2.995E-01	2.282E-01	4.132E-02	2.813E-01	0.014	6.972E+00
9bk5A	5vpv-assembly1_A	2.262E-01	2.116E-01	5.330E-02	3.649E-01	0.014	7.924E+00
9bk5A	4n2i-assembly1_A	2.822E-01	2.131E-01	3.584E-02	2.891E-01	0.014	6.539E+00
9bk5A	5usf-assembly1_A	2.305E-01	1.955E-01	4.049E-02	3.029E-01	0.014	5.397E+00
9bk5A	1w8j-assembly2_B	3.532E-01	2.192E-01	3.942E-02	2.652E-01	0.014	9.602E+00
9bk5A	6tfj-assembly1_A	2.897E-01	2.277E-01	3.569E-02	2.351E-01	0.014	5.397E+00
9bk5A	6tfj-assembly1_D	2.861E-01	2.251E-01	3.567E-02	2.294E-01	0.014	4.177E+00
9bk5A	1qxp-assembly2_B	3.210E-01	3.144E-01	4.251E-02	2.949E-01	0.014	9.007E+00
9bk5A	9au6-assembly1_D	3.217E-01	2.403E-01	3.892E-02	2.747E-01	0.014	9.007E+00
9bk5A	6o3v-assembly2_B	2.315E-01	2.281E-01	3.836E-02	3.240E-01	0.014	5.397E+00
9bk5A	6ozv-assembly1_A	2.424E-01	2.352E-01	3.450E-02	2.850E-01	0.014	5.062E+00
9bk5A	7yo2-assembly1_D	2.488E-01	2.283E-01	4.434E-02	2.784E-01	0.014	5.753E+00
9bk5A	8v64-assembly1_B	2.517E-01	2.271E-01	4.319E-02	2.735E-01	0.014	4.748E+00
9bk5A	7knc-assembly1_A	3.133E-01	2.298E-01	2.526E-02	2.364E-01	0.014	6.134E+00
9bk5A	7rz4-assembly1_A	2.963E-01	2.071E-01	3.008E-02	2.870E-01	0.014	8.448E+00
9bk5A	7bi2-assembly1_A	3.430E-01	2.031E-01	2.096E-02	2.865E-01	0.014	9.602E+00
9bk5A	3nc1-assembly1_A	2.726E-01	2.155E-01	2.726E-02	3.149E-01	0.014	7.924E+00
9bk5A	6wxv-assembly1_A	2.820E-01	2.227E-01	3.089E-02	2.679E-01	0.014	6.134E+00
9bk5A	4hnv-assembly1_A	2.576E-01	2.468E-01	2.910E-02	3.375E-01	0.014	7.433E+00
9bk5A	3prx-assembly2_D	2.051E-01	1.971E-01	2.366E-02	2.703E-01	0.014	3.675E+00
9bk5A	6tav-assembly1_C	3.527E-01	2.279E-01	2.033E-02	2.494E-01	0.014	7.924E+00
9bk5A	7a5p-assembly1_U	2.806E-01	2.736E-01	3.336E-02	3.148E-01	0.014	9.007E+00
9bk5A	4xlp-assembly2_J	2.905E-01	2.278E-01	2.425E-02	3.103E-01	0.014	9.007E+00
9bk5A	8w8o-assembly1_D	2.980E-01	2.291E-01	2.186E-02	2.971E-01	0.014	7.924E+00
9bk5A	7u1z-assembly1_B	2.568E-01	2.009E-01	1.850E-02	3.200E-01	0.014	6.972E+00
9bk5A	7sqc-assembly1_1A	2.641E-01	1.844E-01	1.557E-02	2.405E-01	0.014	4.748E+00
9bk5A	7sqc-assembly1_1C	2.675E-01	1.856E-01	1.510E-02	2.413E-01	0.014	4.748E+00
9bk5A	8p52-assembly1_A	2.584E-01	2.549E-01	1.937E-02	3.575E-01	0.014	8.448E+00
9bk5A	8bwy-assembly1_C	3.610E-01	2.203E-01	7.703E-03	2.532E-01	0.014	9.602E+00
9bk5A	6zyw-assembly1_B	3.450E-01	2.539E-01	7.044E-03	2.657E-01	0.014	9.602E+00
9bk5A	4njc-assembly6_F	2.655E-01	1.608E-01	2.099E-01	2.585E-01	0.011	5.753E+00
9bk5A	8a22-assembly1_Af	3.128E-01	1.598E-01	2.081E-01	2.248E-01	0.011	6.539E+00
9bk5A	1ev0-assembly1_B	3.006E-01	1.968E-01	2.421E-01	2.891E-01	0.011	9.007E+00
9bk5A	8x6g-assembly1_G	2.419E-01	1.685E-01	1.814E-01	2.780E-01	0.011	5.753E+00
9bk5A	5tcu-assembly1_S1	2.924E-01	2.655E-01	2.606E-01	2.842E-01	0.011	8.448E+00
9bk5A	3e8v-assembly1_A	3.106E-01	1.981E-01	1.917E-01	2.439E-01	0.011	8.448E+00
9bk5A	8qpp-assembly1_Q	3.494E-01	2.016E-01	1.914E-01	2.180E-01	0.011	8.448E+00
9bk5A	2ego-assembly1_A	2.530E-01	1.851E-01	1.670E-01	2.425E-01	0.011	5.062E+00
9bk5A	1nps-assembly1_A	2.799E-01	2.017E-01	1.849E-01	2.544E-01	0.011	6.972E+00
9bk5A	6o8z-assembly1_U	2.743E-01	2.124E-01	1.899E-01	3.032E-01	0.011	9.602E+00
9bk5A	2egk-assembly3_B	2.986E-01	2.127E-01	1.882E-01	2.782E-01	0.011	9.007E+00
9bk5A	4lpu-assembly1_B	2.611E-01	2.157E-01	1.943E-01	2.907E-01	0.011	7.433E+00
9bk5A	2vtx-assembly2_J	2.953E-01	2.394E-01	2.104E-01	2.842E-01	0.011	9.602E+00
9bk5A	7wim-assembly3_L	3.332E-01	2.364E-01	2.086E-01	2.661E-01	0.011	9.602E+00
9bk5A	3b93-assembly1_C	3.008E-01	2.169E-01	1.843E-01	2.859E-01	0.011	9.007E+00
9bk5A	7vmh-assembly1_A	2.979E-01	2.221E-01	1.899E-01	2.290E-01	0.011	6.972E+00
9bk5A	4har-assembly2_C	3.911E-01	1.903E-01	1.566E-01	2.081E-01	0.011	9.602E+00
9bk5A	2ptu-assembly3_C	2.285E-01	1.743E-01	1.384E-01	2.703E-01	0.011	4.748E+00
9bk5A	2e3v-assembly1_A	2.969E-01	2.024E-01	1.673E-01	2.245E-01	0.011	6.539E+00
9bk5A	4odr-assembly1_A	3.009E-01	2.339E-01	1.903E-01	2.899E-01	0.011	9.602E+00
9bk5A	6a3w-assembly1_B	2.746E-01	2.149E-01	1.721E-01	2.751E-01	0.011	7.433E+00
9bk5A	7e23-assembly1_B	3.034E-01	2.016E-01	1.607E-01	2.354E-01	0.011	7.433E+00
9bk5A	5wse-assembly1_D	2.570E-01	1.819E-01	1.393E-01	2.492E-01	0.011	5.062E+00
9bk5A	6rp8-assembly1_c	2.081E-01	1.613E-01	1.263E-01	2.269E-01	0.011	2.668E+00
9bk5A	5wsd-assembly1_B	2.416E-01	1.304E-01	1.013E-01	2.711E-01	0.011	6.134E+00
9bk5A	6app-assembly1_A	2.185E-01	1.953E-01	1.515E-01	2.394E-01	0.011	3.447E+00
9bk5A	1o4t-assembly1_B	2.953E-01	1.818E-01	1.306E-01	2.983E-01	0.011	9.602E+00
9bk5A	5l20-assembly1_A	2.729E-01	2.300E-01	1.820E-01	3.078E-01	0.011	9.602E+00
9bk5A	1c76-assembly1_A-2	3.236E-01	2.103E-01	1.550E-01	2.556E-01	0.011	9.602E+00
9bk5A	5gpo-assembly1_A	2.185E-01	2.068E-01	1.621E-01	2.955E-01	0.011	6.134E+00
9bk5A	4qt2-assembly1_A	2.144E-01	2.079E-01	1.634E-01	2.446E-01	0.011	3.918E+00
9bk5A	4ic7-assembly1_B	2.958E-01	1.741E-01	1.201E-01	3.072E-01	0.011	9.602E+00
9bk5A	2pyt-assembly1_B	2.576E-01	1.941E-01	1.383E-01	3.039E-01	0.011	7.433E+00
9bk5A	3ni6-assembly1_A	2.643E-01	2.183E-01	1.686E-01	2.575E-01	0.011	6.972E+00
9bk5A	5od4-assembly1_A	3.427E-01	2.682E-01	1.794E-01	2.619E-01	0.011	9.602E+00
9bk5A	3suk-assembly2_B	3.396E-01	2.006E-01	1.401E-01	2.004E-01	0.011	6.972E+00
9bk5A	7awx-assembly2_B	2.614E-01	2.545E-01	1.964E-01	2.483E-01	0.011	6.134E+00
9bk5A	1bw4-assembly1_A	2.671E-01	2.253E-01	1.819E-01	2.973E-01	0.011	8.448E+00
9bk5A	2ki3-assembly1_A	2.970E-01	2.386E-01	1.749E-01	2.773E-01	0.011	9.602E+00
9bk5A	2lgo-assembly1_A	2.733E-01	2.674E-01	1.971E-01	3.161E-01	0.011	9.602E+00
9bk5A	2p6y-assembly1_A	3.083E-01	2.198E-01	1.529E-01	2.829E-01	0.011	9.007E+00
9bk5A	4u65-assembly1_B	2.733E-01	2.524E-01	1.815E-01	3.012E-01	0.011	8.448E+00
9bk5A	9b42-assembly1_F	3.694E-01	1.585E-01	1.039E-01	2.376E-01	0.011	9.602E+00
9bk5A	7poi-assembly1_D	2.284E-01	1.635E-01	1.047E-01	2.179E-01	0.011	3.033E+00
9bk5A	3rj2-assembly1_X	2.770E-01	2.116E-01	1.462E-01	2.432E-01	0.011	6.972E+00
9bk5A	5v4f-assembly1_A	2.533E-01	2.434E-01	1.829E-01	3.187E-01	0.011	9.602E+00
9bk5A	4gej-assembly7_G	2.768E-01	1.510E-01	8.984E-02	2.143E-01	0.011	5.397E+00
9bk5A	3d0j-assembly1_A-2	2.757E-01	2.084E-01	1.314E-01	2.478E-01	0.011	6.539E+00
9bk5A	4zu7-assembly2_C	3.200E-01	2.183E-01	1.307E-01	2.724E-01	0.011	9.007E+00
9bk5A	6g52-assembly7_G	2.967E-01	1.865E-01	1.257E-01	2.617E-01	0.011	7.433E+00
9bk5A	4gej-assembly8_H	3.087E-01	1.592E-01	9.101E-02	2.278E-01	0.011	6.972E+00
9bk5A	5kjy-assembly1_A	2.877E-01	2.577E-01	1.730E-01	2.690E-01	0.011	7.924E+00
9bk5A	3k51-assembly1_A	1.724E-01	1.246E-01	7.463E-02	2.178E-01	0.011	1.817E+00
9bk5A	1wka-assembly1_A	3.484E-01	1.820E-01	1.109E-01	2.459E-01	0.011	9.007E+00
9bk5A	4c8c-assembly1_B	2.968E-01	1.525E-01	9.950E-02	2.029E-01	0.011	4.748E+00
9bk5A	8caz-assembly1_G	2.623E-01	1.895E-01	1.191E-01	2.989E-01	0.011	7.924E+00
9bk5A	3hwu-assembly1_A	3.200E-01	2.258E-01	1.435E-01	2.627E-01	0.011	8.448E+00
9bk5A	4c8c-assembly1_A	3.355E-01	1.963E-01	1.175E-01	2.573E-01	0.011	9.007E+00
9bk5A	3f59-assembly2_B	2.443E-01	1.977E-01	1.300E-01	2.478E-01	0.011	4.453E+00
9bk5A	4v69-assembly1_AG	2.495E-01	1.857E-01	1.174E-01	2.633E-01	0.011	5.753E+00
9bk5A	3k75-assembly1_B	2.477E-01	1.966E-01	1.414E-01	2.752E-01	0.011	6.134E+00
9bk5A	7ktx-assembly1_G	2.774E-01	1.959E-01	1.213E-01	2.313E-01	0.011	6.134E+00
9bk5A	6yst-assembly1_g	2.653E-01	1.982E-01	1.277E-01	2.750E-01	0.011	6.539E+00
9bk5A	4c9a-assembly1_C	2.919E-01	1.905E-01	1.115E-01	2.510E-01	0.011	7.924E+00
9bk5A	7unu-assembly1_g	2.936E-01	1.649E-01	1.068E-01	2.528E-01	0.011	6.972E+00
9bk5A	3f59-assembly3_C	2.195E-01	1.765E-01	1.111E-01	2.336E-01	0.011	3.918E+00
9bk5A	8qfq-assembly1_A	2.939E-01	2.042E-01	1.118E-01	2.560E-01	0.011	7.924E+00
9bk5A	1wv4-assembly1_B	3.278E-01	2.202E-01	1.329E-01	2.663E-01	0.011	9.007E+00
9bk5A	4cdk-assembly4_B	3.447E-01	2.005E-01	1.152E-01	2.301E-01	0.011	8.448E+00
9bk5A	7u0v-assembly1_A	3.163E-01	1.874E-01	1.002E-01	2.537E-01	0.011	8.448E+00
9bk5A	3ir9-assembly1_B	2.317E-01	2.190E-01	1.332E-01	2.710E-01	0.011	5.753E+00
9bk5A	7b7n-assembly1_E	3.046E-01	2.104E-01	1.102E-01	2.355E-01	0.011	7.433E+00
9bk5A	4m4e-assembly1_A	2.720E-01	2.179E-01	1.387E-01	2.698E-01	0.011	6.972E+00
9bk5A	4c9u-assembly1_A	3.333E-01	1.689E-01	1.013E-01	1.979E-01	0.011	5.753E+00
9bk5A	4z5v-assembly1_A	2.308E-01	2.199E-01	1.129E-01	3.214E-01	0.011	7.433E+00
9bk5A	3zn5-assembly3_H	2.389E-01	1.976E-01	1.213E-01	2.568E-01	0.011	5.062E+00
9bk5A	2ktv-assembly1_A	2.295E-01	2.171E-01	1.213E-01	2.686E-01	0.011	5.397E+00
9bk5A	7oks-assembly3_C	2.548E-01	1.362E-01	7.332E-02	2.090E-01	0.011	3.918E+00
9bk5A	8zd5-assembly1_H	2.080E-01	1.616E-01	9.454E-02	2.196E-01	0.011	3.033E+00
9bk5A	5b4n-assembly1_B	1.886E-01	1.805E-01	1.091E-01	2.443E-01	0.011	2.503E+00
9bk5A	2fjt-assembly1_B	2.315E-01	2.262E-01	1.341E-01	2.810E-01	0.011	6.539E+00
9bk5A	8pe9-assembly1_A	3.217E-01	2.234E-01	1.185E-01	2.434E-01	0.011	9.007E+00
9bk5A	7m1a-assembly1_BBB	3.408E-01	2.530E-01	1.234E-01	2.483E-01	0.011	9.602E+00
9bk5A	2i74-assembly2_B	1.577E-01	1.374E-01	8.565E-02	2.844E-01	0.011	2.348E+00
9bk5A	5cm2-assembly1_Z	2.663E-01	2.332E-01	1.163E-01	2.839E-01	0.011	6.972E+00
9bk5A	5v00-assembly1_A	3.112E-01	2.333E-01	1.133E-01	2.594E-01	0.011	7.924E+00
9bk5A	2rj2-assembly1_A	2.108E-01	2.025E-01	1.190E-01	2.754E-01	0.011	4.453E+00
9bk5A	2ch8-assembly1_D	2.216E-01	1.923E-01	9.828E-02	2.685E-01	0.011	4.748E+00
9bk5A	2bnn-assembly1_B-2	2.222E-01	1.795E-01	9.217E-02	2.489E-01	0.011	4.748E+00
9bk5A	6bux-assembly1_A	2.995E-01	1.699E-01	8.810E-02	2.626E-01	0.011	7.924E+00
9bk5A	5jso-assembly1_A	3.010E-01	2.139E-01	1.040E-01	2.807E-01	0.011	8.448E+00
9bk5A	7t2b-assembly2_I	2.407E-01	1.987E-01	1.036E-01	2.696E-01	0.011	5.753E+00
9bk5A	3hmz-assembly1_A-2	2.797E-01	2.417E-01	1.333E-01	2.921E-01	0.011	8.448E+00
9bk5A	5bod-assembly1_A	2.642E-01	1.939E-01	9.800E-02	2.080E-01	0.011	3.675E+00
9bk5A	3mbe-assembly2_G	2.712E-01	2.034E-01	1.008E-01	2.788E-01	0.011	6.972E+00
9bk5A	4mbc-assembly1_A	2.636E-01	1.917E-01	9.465E-02	2.084E-01	0.011	4.453E+00
9bk5A	5yig-assembly1_B	2.627E-01	1.911E-01	9.525E-02	2.127E-01	0.011	4.177E+00
9bk5A	2r61-assembly1_A	2.606E-01	1.500E-01	7.666E-02	2.730E-01	0.011	7.433E+00
9bk5A	4emv-assembly1_A	2.637E-01	1.937E-01	9.622E-02	2.066E-01	0.011	3.675E+00
9bk5A	4mb9-assembly1_A	2.636E-01	1.917E-01	9.255E-02	2.087E-01	0.011	4.748E+00
9bk5A	7n4k-assembly1_D	2.538E-01	2.009E-01	1.039E-01	2.345E-01	0.011	5.397E+00
9bk5A	4jy5-assembly1_L	2.667E-01	2.309E-01	1.171E-01	2.701E-01	0.011	7.433E+00
9bk5A	7dzm-assembly1_E	2.697E-01	2.161E-01	1.126E-01	2.421E-01	0.011	5.753E+00
9bk5A	5jhd-assembly1_D	2.453E-01	2.098E-01	1.034E-01	2.885E-01	0.011	6.539E+00
9bk5A	8zox-assembly1_D	2.792E-01	2.128E-01	9.913E-02	2.804E-01	0.011	8.448E+00
9bk5A	6bj2-assembly1_D	2.675E-01	2.126E-01	9.807E-02	2.530E-01	0.011	6.539E+00
9bk5A	4rl9-assembly2_B	1.924E-01	1.593E-01	8.214E-02	2.325E-01	0.011	3.033E+00
9bk5A	6xc9-assembly2_I	2.582E-01	2.039E-01	9.442E-02	2.735E-01	0.011	7.433E+00
9bk5A	4kph-assembly1_H	2.317E-01	1.894E-01	9.158E-02	2.311E-01	0.011	4.177E+00
9bk5A	3lgv-assembly1_B	3.430E-01	1.878E-01	8.765E-02	2.616E-01	0.011	9.602E+00
9bk5A	8tq8-assembly1_H	2.223E-01	2.011E-01	1.022E-01	2.320E-01	0.011	3.447E+00
9bk5A	4it4-assembly4_D	2.986E-01	2.475E-01	1.262E-01	2.814E-01	0.011	9.602E+00
9bk5A	7nql-assembly1_AG	2.746E-01	1.910E-01	9.521E-02	2.897E-01	0.011	8.448E+00
9bk5A	1a3r-assembly1_H	2.109E-01	1.693E-01	8.670E-02	1.931E-01	0.011	2.065E+00
9bk5A	3ak1-assembly1_D	2.521E-01	2.040E-01	1.150E-01	3.190E-01	0.011	9.602E+00
9bk5A	3rii-assembly3_A	3.017E-01	2.230E-01	1.135E-01	2.682E-01	0.011	9.007E+00
9bk5A	8tgv-assembly1_E	1.798E-01	1.624E-01	8.619E-02	2.365E-01	0.011	2.348E+00
9bk5A	3m4r-assembly1_A	3.007E-01	1.968E-01	1.122E-01	2.936E-01	0.011	9.602E+00
9bk5A	1oys-assembly1_A-2	2.856E-01	2.295E-01	1.024E-01	2.817E-01	0.011	7.924E+00
9bk5A	7zwm-assembly1_D	2.444E-01	1.918E-01	9.161E-02	2.432E-01	0.011	4.453E+00
9bk5A	7khf-assembly1_B	2.593E-01	2.066E-01	1.023E-01	2.710E-01	0.011	6.539E+00
9bk5A	8qq5-assembly3_C	2.871E-01	2.333E-01	1.142E-01	2.935E-01	0.011	9.007E+00
9bk5A	3ifv-assembly1_A	2.220E-01	2.143E-01	1.143E-01	3.292E-01	0.011	6.539E+00
9bk5A	4ppk-assembly5_A	3.131E-01	1.739E-01	7.214E-02	2.003E-01	0.011	6.134E+00
9bk5A	4udu-assembly1_C	2.828E-01	2.034E-01	9.491E-02	2.331E-01	0.011	5.397E+00
9bk5A	1yuh-assembly2_B	2.578E-01	1.967E-01	9.288E-02	2.355E-01	0.011	5.753E+00
9bk5A	1yz9-assembly1_B	2.799E-01	2.355E-01	1.174E-01	3.089E-01	0.011	9.602E+00
9bk5A	6s3t-assembly4_E	2.669E-01	2.171E-01	9.963E-02	2.422E-01	0.011	6.134E+00
9bk5A	6vtw-assembly1_H	2.552E-01	2.046E-01	9.248E-02	2.034E-01	0.011	3.447E+00
9bk5A	1b2w-assembly1_H	2.186E-01	1.975E-01	1.002E-01	2.750E-01	0.011	4.748E+00
9bk5A	6ihu-assembly1_A	2.626E-01	2.092E-01	1.001E-01	2.572E-01	0.011	6.539E+00
9bk5A	8v5q-assembly1_H	2.728E-01	2.205E-01	1.002E-01	2.508E-01	0.011	5.753E+00
9bk5A	5fka-assembly1_C	3.315E-01	2.245E-01	1.038E-01	2.476E-01	0.011	9.602E+00
9bk5A	6ywc-assembly2_D	2.523E-01	2.027E-01	9.111E-02	2.028E-01	0.011	3.918E+00
9bk5A	6akt-assembly1_A	2.826E-01	2.759E-01	1.260E-01	2.650E-01	0.011	8.448E+00
9bk5A	6sne-assembly1_B	2.539E-01	2.306E-01	1.015E-01	2.487E-01	0.011	6.134E+00
9bk5A	7kqi-assembly1_B	2.925E-01	2.108E-01	8.654E-02	2.419E-01	0.011	7.433E+00
9bk5A	8cbi-assembly1_A	2.447E-01	1.980E-01	9.376E-02	2.675E-01	0.011	6.134E+00
9bk5A	3ris-assembly5_A	2.980E-01	2.215E-01	1.077E-01	2.673E-01	0.011	9.007E+00
9bk5A	1dyq-assembly1_A	3.056E-01	2.276E-01	1.056E-01	2.806E-01	0.011	9.602E+00
9bk5A	1n10-assembly2_B	2.553E-01	2.200E-01	1.092E-01	2.599E-01	0.011	5.753E+00
9bk5A	9fct-assembly1_A	2.614E-01	2.034E-01	9.458E-02	2.153E-01	0.011	4.748E+00
9bk5A	6w6b-assembly1_A-2	2.259E-01	1.739E-01	7.898E-02	2.150E-01	0.011	2.845E+00
9bk5A	8gbv-assembly1_H	2.518E-01	2.034E-01	8.637E-02	2.004E-01	0.011	3.675E+00
9bk5A	2p2k-assembly1_C	3.004E-01	2.294E-01	9.694E-02	2.633E-01	0.011	9.007E+00
9bk5A	7r3g-assembly1_B	2.519E-01	1.984E-01	9.601E-02	3.115E-01	0.011	7.433E+00
9bk5A	2hwd-assembly1_3	2.721E-01	2.144E-01	9.484E-02	2.104E-01	0.011	4.748E+00
9bk5A	7w17-assembly1_C	2.798E-01	2.323E-01	1.052E-01	2.040E-01	0.011	4.748E+00
9bk5A	4prh-assembly1_A	2.396E-01	1.726E-01	8.145E-02	2.542E-01	0.011	4.748E+00
9bk5A	8zuh-assembly2_C	2.289E-01	2.225E-01	9.894E-02	3.021E-01	0.011	6.972E+00
9bk5A	6k4e-assembly1_A	2.973E-01	2.268E-01	9.728E-02	2.212E-01	0.011	6.134E+00
9bk5A	1oii-assembly4_D	2.510E-01	2.462E-01	1.002E-01	3.011E-01	0.011	7.433E+00
9bk5A	2e31-assembly1_A	2.133E-01	2.048E-01	9.749E-02	2.700E-01	0.011	5.062E+00
9bk5A	1nx8-assembly1_C-2	2.732E-01	2.644E-01	1.034E-01	2.990E-01	0.011	9.007E+00
9bk5A	8ppt-assembly1_C	2.514E-01	2.438E-01	1.139E-01	3.192E-01	0.011	9.602E+00
9bk5A	3swj-assembly1_A	2.076E-01	1.901E-01	7.502E-02	2.631E-01	0.011	4.177E+00
9bk5A	8cap-assembly1_A	2.418E-01	1.773E-01	8.481E-02	2.731E-01	0.011	6.134E+00
9bk5A	4zgp-assembly2_B	2.879E-01	2.749E-01	1.181E-01	3.076E-01	0.011	9.602E+00
9bk5A	5yc9-assembly1_C	2.404E-01	2.337E-01	1.034E-01	2.765E-01	0.011	6.539E+00
9bk5A	4mvt-assembly2_B	1.930E-01	1.918E-01	8.585E-02	2.702E-01	0.011	3.918E+00
9bk5A	5h02-assembly1_A	2.604E-01	1.930E-01	8.166E-02	2.030E-01	0.011	3.447E+00
9bk5A	6m09-assembly1_B	2.799E-01	2.381E-01	9.783E-02	3.100E-01	0.011	9.602E+00
9bk5A	7qtg-assembly1_B-2	2.117E-01	2.075E-01	8.710E-02	2.746E-01	0.011	4.177E+00
9bk5A	1udo-assembly1_A	2.664E-01	2.322E-01	9.149E-02	2.981E-01	0.011	9.007E+00
9bk5A	1vz5-assembly1_B	2.538E-01	2.464E-01	9.726E-02	3.031E-01	0.011	7.924E+00
9bk5A	3bp1-assembly2_A	2.236E-01	2.154E-01	9.134E-02	2.804E-01	0.011	5.397E+00
9bk5A	8etn-assembly1_D	2.277E-01	1.220E-01	4.583E-02	2.145E-01	0.011	2.845E+00
9bk5A	8udz-assembly1_A	2.766E-01	2.627E-01	9.698E-02	2.983E-01	0.011	9.007E+00
9bk5A	4zib-assembly1_A-2	2.715E-01	2.590E-01	1.177E-01	3.117E-01	0.011	8.448E+00
9bk5A	7p0t-assembly2_D	2.561E-01	1.830E-01	6.940E-02	2.406E-01	0.011	5.062E+00
9bk5A	3rj4-assembly1_A	2.445E-01	2.355E-01	9.405E-02	2.777E-01	0.011	6.134E+00
9bk5A	5xbw-assembly1_C	2.571E-01	2.460E-01	9.592E-02	3.096E-01	0.011	8.448E+00
9bk5A	4bwa-assembly1_A-2	2.698E-01	2.564E-01	1.160E-01	3.024E-01	0.011	8.448E+00
9bk5A	8tn0-assembly1_A	3.877E-01	1.595E-01	7.411E-02	2.290E-01	0.011	9.602E+00
9bk5A	8d5n-assembly1_C	2.371E-01	1.727E-01	7.487E-02	2.539E-01	0.011	4.453E+00
9bk5A	2qjv-assembly1_A	1.947E-01	1.707E-01	7.331E-02	2.478E-01	0.011	3.447E+00
9bk5A	2e16-assembly1_B	3.132E-01	2.407E-01	1.122E-01	2.729E-01	0.011	9.602E+00
9bk5A	2eka-assembly1_B	3.108E-01	2.251E-01	1.025E-01	2.599E-01	0.011	9.007E+00
9bk5A	2eni-assembly1_B	3.118E-01	2.422E-01	1.133E-01	2.774E-01	0.011	9.602E+00
9bk5A	3pqy-assembly2_F	2.500E-01	1.837E-01	7.893E-02	2.649E-01	0.011	5.753E+00
9bk5A	5xql-assembly1_A	2.125E-01	2.061E-01	9.272E-02	2.889E-01	0.011	4.748E+00
9bk5A	3l7z-assembly1_G	3.033E-01	1.691E-01	5.607E-02	2.717E-01	0.011	9.602E+00
9bk5A	3roo-assembly2_C	2.920E-01	2.080E-01	8.469E-02	2.613E-01	0.011	7.433E+00
9bk5A	3ws3-assembly2_C	2.849E-01	2.039E-01	8.359E-02	2.673E-01	0.011	8.448E+00
9bk5A	4iho-assembly1_A	2.784E-01	2.009E-01	8.186E-02	2.613E-01	0.011	7.433E+00
9bk5A	6umx-assembly1_B	1.880E-01	1.807E-01	7.248E-02	2.185E-01	0.011	2.065E+00
9bk5A	5vgd-assembly1_A	2.873E-01	2.143E-01	8.455E-02	2.738E-01	0.011	9.007E+00
9bk5A	1zt1-assembly1_A	2.908E-01	2.105E-01	8.697E-02	2.691E-01	0.011	9.007E+00
9bk5A	8aut-assembly2_B	2.936E-01	2.103E-01	7.627E-02	2.104E-01	0.011	5.397E+00
9bk5A	7lfm-assembly1_A	2.967E-01	2.013E-01	7.867E-02	2.429E-01	0.011	6.539E+00
9bk5A	3kg8-assembly1_B	2.783E-01	1.931E-01	7.375E-02	2.742E-01	0.011	8.448E+00
9bk5A	3pl5-assembly1_A	2.576E-01	2.346E-01	9.255E-02	2.728E-01	0.011	6.539E+00
9bk5A	4mzu-assembly2_H	2.898E-01	1.958E-01	6.361E-02	2.523E-01	0.011	7.924E+00
9bk5A	7t5t-assembly1_A	2.461E-01	2.368E-01	1.127E-01	2.985E-01	0.011	6.972E+00
9bk5A	1vpv-assembly1_A	2.776E-01	2.124E-01	7.712E-02	2.708E-01	0.011	8.448E+00
9bk5A	4hxz-assembly2_B	2.967E-01	2.180E-01	7.977E-02	2.121E-01	0.011	5.062E+00
9bk5A	7zh4-assembly1_D	3.224E-01	1.906E-01	6.989E-02	2.408E-01	0.011	7.924E+00
9bk5A	8svx-assembly1_A	2.947E-01	2.235E-01	8.862E-02	2.758E-01	0.011	9.007E+00
9bk5A	5hqw-assembly1_A	2.660E-01	2.589E-01	9.382E-02	2.910E-01	0.011	7.433E+00
9bk5A	8fs7-assembly1_H	2.721E-01	2.640E-01	1.106E-01	2.861E-01	0.011	7.924E+00
9bk5A	5yxg-assembly1_A	2.546E-01	2.504E-01	1.135E-01	2.988E-01	0.011	7.433E+00
9bk5A	5mu9-assembly1_A-2	3.100E-01	2.095E-01	7.356E-02	2.292E-01	0.011	7.433E+00
9bk5A	4fqj-assembly1_A	2.224E-01	2.126E-01	8.136E-02	2.778E-01	0.011	5.753E+00
9bk5A	6u2s-assembly1_A	3.086E-01	2.215E-01	6.983E-02	2.433E-01	0.011	6.972E+00
9bk5A	7w25-assembly1_A	3.565E-01	1.747E-01	5.886E-02	2.199E-01	0.011	9.007E+00
9bk5A	9cz2-assembly1_XB	3.110E-01	1.731E-01	5.774E-02	2.606E-01	0.011	9.602E+00
9bk5A	8w69-assembly1_C	3.073E-01	2.522E-01	8.647E-02	2.649E-01	0.011	8.448E+00
9bk5A	8f0a-assembly1_A	2.783E-01	2.396E-01	8.600E-02	2.546E-01	0.011	7.433E+00
9bk5A	3i3t-assembly1_A	3.590E-01	1.770E-01	6.310E-02	2.218E-01	0.011	9.007E+00
9bk5A	7zub-assembly1_C	3.259E-01	2.369E-01	8.529E-02	2.518E-01	0.011	9.007E+00
9bk5A	1pk8-assembly1_A	2.698E-01	2.399E-01	8.540E-02	2.926E-01	0.011	9.007E+00
9bk5A	4oos-assembly1_A	3.662E-01	2.716E-01	8.471E-02	2.418E-01	0.011	9.602E+00
9bk5A	3dkc-assembly1_A	2.649E-01	2.221E-01	8.046E-02	2.968E-01	0.011	7.433E+00
9bk5A	2y5b-assembly1_A	2.961E-01	1.812E-01	7.971E-02	2.339E-01	0.011	6.134E+00
9bk5A	3mtn-assembly1_A	3.655E-01	1.767E-01	6.098E-02	2.214E-01	0.011	9.602E+00
9bk5A	5gz1-assembly1_A	2.966E-01	2.072E-01	6.717E-02	2.576E-01	0.011	8.448E+00
9bk5A	3ud2-assembly1_C	2.415E-01	1.988E-01	7.682E-02	2.288E-01	0.011	4.453E+00
9bk5A	1u9t-assembly1_A-2	2.866E-01	2.552E-01	9.483E-02	2.733E-01	0.011	9.007E+00
9bk5A	5xu8-assembly1_A	2.423E-01	2.198E-01	7.595E-02	2.553E-01	0.011	4.748E+00
9bk5A	9fiq-assembly2_B	3.246E-01	1.603E-01	5.594E-02	2.233E-01	0.011	7.924E+00
9bk5A	4xup-assembly1_A	3.074E-01	2.323E-01	6.646E-02	2.535E-01	0.011	8.448E+00
9bk5A	5xve-assembly1_A	2.771E-01	2.235E-01	7.580E-02	2.557E-01	0.011	6.539E+00
9bk5A	2hyx-assembly2_C	2.407E-01	1.568E-01	5.589E-02	2.496E-01	0.011	5.062E+00
9bk5A	3nhe-assembly1_A	2.754E-01	2.251E-01	7.263E-02	2.502E-01	0.011	6.972E+00
9bk5A	3pno-assembly2_D	2.661E-01	2.390E-01	7.740E-02	3.295E-01	0.011	9.602E+00
9bk5A	4nrk-assembly1_E	2.513E-01	2.009E-01	7.458E-02	2.422E-01	0.011	5.397E+00
9bk5A	8itp-assembly1_D	3.408E-01	1.758E-01	5.761E-02	2.327E-01	0.011	9.007E+00
9bk5A	3zgj-assembly2_B	2.638E-01	2.105E-01	6.467E-02	2.661E-01	0.011	6.972E+00
9bk5A	5n11-assembly1_B	1.724E-01	1.408E-01	4.943E-02	2.097E-01	0.011	1.319E+00
9bk5A	5joc-assembly2_B	3.241E-01	2.214E-01	7.320E-02	2.535E-01	0.011	9.602E+00
9bk5A	4n95-assembly1_B	2.290E-01	2.213E-01	7.421E-02	2.784E-01	0.011	5.062E+00
9bk5A	7u1i-assembly1_A	2.826E-01	2.145E-01	6.294E-02	2.739E-01	0.011	7.433E+00
9bk5A	7azd-assembly1_D	2.092E-01	2.022E-01	7.815E-02	2.725E-01	0.011	5.062E+00
9bk5A	3s7e-assembly2_B	2.107E-01	2.008E-01	4.930E-02	2.144E-01	0.011	2.348E+00
9bk5A	3s7e-assembly1_A	2.101E-01	2.031E-01	5.876E-02	2.195E-01	0.011	2.503E+00
9bk5A	5jil-assembly1_A	2.556E-01	1.985E-01	6.208E-02	2.099E-01	0.011	4.177E+00
9bk5A	4prv-assembly1_A-2	3.039E-01	2.193E-01	6.730E-02	2.349E-01	0.011	6.539E+00
9bk5A	3st7-assembly1_A-2	2.233E-01	1.592E-01	4.735E-02	2.252E-01	0.011	3.233E+00
9bk5A	1ipk-assembly1_C	2.621E-01	1.868E-01	5.386E-02	3.090E-01	0.011	7.924E+00
9bk5A	8cx1-assembly1_A	2.962E-01	2.733E-01	8.682E-02	3.025E-01	0.011	9.602E+00
9bk5A	5zvu-assembly1_A	2.178E-01	1.811E-01	6.148E-02	3.231E-01	0.011	6.539E+00
9bk5A	1ktb-assembly1_A	2.439E-01	1.961E-01	6.532E-02	2.174E-01	0.011	4.177E+00
9bk5A	4zkq-assembly1_A	2.420E-01	2.283E-01	6.493E-02	2.683E-01	0.011	5.397E+00
9bk5A	3h1w-assembly1_A	2.200E-01	1.828E-01	6.053E-02	3.230E-01	0.011	6.972E+00
9bk5A	3gu0-assembly1_A	2.978E-01	2.838E-01	7.624E-02	2.564E-01	0.011	7.924E+00
9bk5A	5oeu-assembly1_C	2.917E-01	2.349E-01	5.558E-02	2.656E-01	0.011	8.448E+00
9bk5A	3rv9-assembly3_C	2.231E-01	2.133E-01	6.197E-02	2.284E-01	0.011	3.447E+00
9bk5A	8cua-assembly1_A	2.811E-01	2.180E-01	6.275E-02	2.858E-01	0.011	9.602E+00
9bk5A	7m22-assembly1_N	3.237E-01	2.485E-01	6.362E-02	2.669E-01	0.011	9.602E+00
9bk5A	5tes-assembly1_A	2.955E-01	2.273E-01	6.356E-02	2.632E-01	0.011	8.448E+00
9bk5A	8oj0-assembly1_1	2.964E-01	2.276E-01	4.608E-02	2.549E-01	0.011	8.448E+00
9bk5A	4rvo-assembly1_B	2.700E-01	2.112E-01	6.197E-02	3.144E-01	0.011	9.602E+00
9bk5A	6o1e-assembly1_A-2	2.303E-01	1.799E-01	5.060E-02	2.578E-01	0.011	5.062E+00
9bk5A	3nqh-assembly1_A	3.125E-01	2.427E-01	6.037E-02	2.630E-01	0.011	9.007E+00
9bk5A	7kau-assembly1_A	2.614E-01	1.930E-01	4.169E-02	2.598E-01	0.011	6.539E+00
9bk5A	5jh9-assembly1_B	2.925E-01	1.684E-01	4.643E-02	2.176E-01	0.011	6.134E+00
9bk5A	6z6d-assembly1_A	1.948E-01	1.711E-01	4.214E-02	2.452E-01	0.011	3.033E+00
9bk5A	6ona-assembly1_B	2.233E-01	2.035E-01	4.725E-02	2.683E-01	0.011	4.748E+00
9bk5A	2f1z-assembly2_B	2.746E-01	1.953E-01	5.235E-02	2.423E-01	0.011	6.134E+00
9bk5A	5ev7-assembly1_A	2.289E-01	2.218E-01	5.034E-02	2.582E-01	0.011	5.062E+00
9bk5A	8fo6-assembly1_A	3.497E-01	2.235E-01	4.948E-02	2.089E-01	0.011	6.972E+00
9bk5A	6ona-assembly1_C	2.258E-01	2.035E-01	4.578E-02	2.642E-01	0.011	5.397E+00
9bk5A	3vu1-assembly3_A	3.328E-01	2.564E-01	6.318E-02	2.710E-01	0.011	9.602E+00
9bk5A	8fny-assembly2_C	3.395E-01	2.144E-01	4.874E-02	2.090E-01	0.011	6.972E+00
9bk5A	8fny-assembly1_A	3.403E-01	2.143E-01	4.811E-02	2.074E-01	0.011	6.972E+00
9bk5A	6xsx-assembly1_A	2.362E-01	2.253E-01	5.680E-02	2.389E-01	0.011	4.177E+00
9bk5A	2d33-assembly1_B	3.612E-01	1.699E-01	3.762E-02	2.152E-01	0.011	7.924E+00
9bk5A	8yzn-assembly1_A	2.728E-01	2.097E-01	4.450E-02	2.499E-01	0.011	6.972E+00
9bk5A	8yzo-assembly1_A	2.755E-01	2.100E-01	4.445E-02	2.506E-01	0.011	6.972E+00
9bk5A	6mw7-assembly1_A	2.553E-01	1.990E-01	5.315E-02	2.745E-01	0.011	7.433E+00
9bk5A	4gwn-assembly1_A	2.699E-01	2.086E-01	4.187E-02	2.433E-01	0.011	6.134E+00
9bk5A	4gwm-assembly1_B	2.528E-01	1.923E-01	3.669E-02	2.339E-01	0.011	4.748E+00
9bk5A	6wbo-assembly1_A	2.728E-01	1.860E-01	3.593E-02	2.759E-01	0.011	7.924E+00
9bk5A	8trj-assembly1_A	2.849E-01	1.690E-01	2.909E-02	2.524E-01	0.011	6.972E+00
9bk5A	1fui-assembly1_A	2.615E-01	1.909E-01	4.343E-02	2.218E-01	0.011	4.177E+00
9bk5A	8xez-assembly1_B	2.864E-01	2.367E-01	3.829E-02	2.964E-01	0.011	9.602E+00
9bk5A	8jxl-assembly1_F	2.365E-01	2.203E-01	5.555E-02	3.246E-01	0.011	7.433E+00
9bk5A	7r1e-assembly1_B	2.577E-01	2.070E-01	3.917E-02	2.319E-01	0.011	5.397E+00
9bk5A	4n2f-assembly1_A	2.067E-01	1.553E-01	3.296E-02	2.671E-01	0.011	3.675E+00
9bk5A	7zr6-assembly1_A	3.384E-01	2.521E-01	4.288E-02	2.458E-01	0.011	9.602E+00
9bk5A	4yu6-assembly2_B	2.496E-01	1.981E-01	3.121E-02	2.194E-01	0.011	4.453E+00
9bk5A	4g1e-assembly1_B	3.594E-01	2.329E-01	3.874E-02	2.348E-01	0.011	9.602E+00
9bk5A	7o0g-assembly1_A	2.585E-01	2.164E-01	3.479E-02	2.845E-01	0.011	6.972E+00
9bk5A	5teq-assembly2_B	2.856E-01	2.264E-01	4.106E-02	3.036E-01	0.011	9.602E+00
9bk5A	2wjv-assembly2_B	2.543E-01	2.253E-01	3.641E-02	2.755E-01	0.011	7.433E+00
9bk5A	2wjv-assembly1_A	2.791E-01	2.295E-01	4.043E-02	2.662E-01	0.011	6.972E+00
9bk5A	7wrg-assembly2_B	3.279E-01	2.556E-01	3.886E-02	2.559E-01	0.011	8.448E+00
9bk5A	8i6y-assembly2_B	1.834E-01	1.803E-01	3.379E-02	2.477E-01	0.011	2.845E+00
9bk5A	8vaz-assembly1_D	2.670E-01	2.091E-01	3.668E-02	2.407E-01	0.011	5.397E+00
9bk5A	8v60-assembly1_D	2.543E-01	1.986E-01	3.607E-02	2.388E-01	0.011	5.062E+00
9bk5A	7trd-assembly1_A	2.451E-01	2.088E-01	3.823E-02	3.094E-01	0.011	7.433E+00
9bk5A	5wqe-assembly1_A	2.352E-01	1.965E-01	3.294E-02	2.764E-01	0.011	5.753E+00
9bk5A	4w8j-assembly1_A-2	3.387E-01	2.622E-01	2.818E-02	2.451E-01	0.011	8.448E+00
9bk5A	7bvh-assembly1_A	2.402E-01	1.977E-01	2.905E-02	2.661E-01	0.011	5.753E+00
9bk5A	4i3h-assembly1_A	2.783E-01	2.063E-01	2.404E-02	2.219E-01	0.011	5.062E+00
9bk5A	7z4g-assembly1_B	2.578E-01	2.104E-01	3.077E-02	3.177E-01	0.011	8.448E+00
9bk5A	5x7r-assembly1_A	2.975E-01	2.394E-01	2.293E-02	2.455E-01	0.011	7.433E+00
9bk5A	5z57-assembly1_Q	2.578E-01	2.497E-01	3.095E-02	3.085E-01	0.011	9.007E+00
9bk5A	8kaj-assembly1_B	2.699E-01	1.969E-01	2.634E-02	3.082E-01	0.011	9.602E+00
9bk5A	8ch6-assembly1_y	2.921E-01	2.286E-01	2.333E-02	2.668E-01	0.011	7.924E+00
9bk5A	6uel-assembly2_B	2.708E-01	2.211E-01	2.733E-02	3.281E-01	0.011	9.602E+00
9bk5A	5lqw-assembly1_C	3.346E-01	2.198E-01	1.560E-02	2.379E-01	0.011	9.007E+00
9bk5A	6r83-assembly1_9a	2.973E-01	1.928E-01	8.937E-03	2.421E-01	0.011	7.433E+00
9bk5A	7yru-assembly1_A	3.365E-01	1.791E-01	1.791E-01	2.140E-01	0.010	8.448E+00
9bk5A	2myv-assembly1_A	3.364E-01	1.589E-01	1.574E-01	2.087E-01	0.010	9.602E+00
9bk5A	4jus-assembly1_C	2.428E-01	1.867E-01	1.768E-01	2.174E-01	0.010	5.753E+00
9bk5A	7vmh-assembly1_D	2.610E-01	2.282E-01	2.013E-01	2.785E-01	0.010	9.602E+00
9bk5A	8r07-assembly1_A	2.556E-01	1.952E-01	1.631E-01	2.502E-01	0.010	6.972E+00
9bk5A	1ag4-assembly1_A	2.680E-01	2.029E-01	1.754E-01	2.668E-01	0.010	9.602E+00
9bk5A	7v24-assembly1_L	2.201E-01	1.814E-01	1.546E-01	2.670E-01	0.010	6.539E+00
9bk5A	4v8p-assembly4_HH	3.211E-01	2.022E-01	1.600E-01	2.435E-01	0.010	9.602E+00
9bk5A	1njh-assembly1_A	2.621E-01	2.440E-01	1.901E-01	2.334E-01	0.010	6.972E+00
9bk5A	5wsf-assembly1_D	2.175E-01	1.563E-01	1.186E-01	2.426E-01	0.010	4.453E+00
9bk5A	5uqp-assembly1_B	2.292E-01	2.172E-01	1.767E-01	2.560E-01	0.010	6.539E+00
9bk5A	7dv4-assembly2_C	2.437E-01	1.712E-01	1.288E-01	2.254E-01	0.010	4.748E+00
9bk5A	8h5u-assembly2_D	2.351E-01	1.988E-01	1.577E-01	2.497E-01	0.010	6.134E+00
9bk5A	3j8z-assembly1_H	2.081E-01	1.845E-01	1.412E-01	2.323E-01	0.010	4.177E+00
9bk5A	8hjy-assembly1_B	2.430E-01	1.303E-01	1.010E-01	2.723E-01	0.010	6.972E+00
9bk5A	9j46-assembly1_D	2.566E-01	2.455E-01	1.855E-01	2.742E-01	0.010	9.602E+00
9bk5A	7bc7-assembly1_B	2.189E-01	1.785E-01	1.390E-01	2.215E-01	0.010	4.748E+00
9bk5A	6igt-assembly1_B	3.109E-01	1.941E-01	1.462E-01	2.125E-01	0.010	7.924E+00
9bk5A	9ekf-assembly1_D	2.177E-01	1.969E-01	1.439E-01	2.433E-01	0.010	4.748E+00
9bk5A	6u51-assembly1_C	2.036E-01	1.821E-01	1.425E-01	2.519E-01	0.010	4.177E+00
9bk5A	7ebz-assembly1_E	2.495E-01	1.974E-01	1.449E-01	2.306E-01	0.010	6.134E+00
9bk5A	6igo-assembly2_D	2.347E-01	2.218E-01	1.627E-01	2.407E-01	0.010	6.134E+00
9bk5A	8rgz-assembly1_D	2.360E-01	1.880E-01	1.388E-01	1.952E-01	0.010	3.675E+00
9bk5A	8tvh-assembly1_G	2.265E-01	1.741E-01	1.284E-01	2.318E-01	0.010	5.062E+00
9bk5A	7rr0-assembly1_B	2.264E-01	1.763E-01	1.274E-01	2.306E-01	0.010	5.397E+00
9bk5A	5t0v-assembly1_Q	3.021E-01	1.364E-01	9.217E-02	2.199E-01	0.010	7.924E+00
9bk5A	7x7u-assembly1_H	2.301E-01	1.866E-01	1.371E-01	2.036E-01	0.010	3.675E+00
9bk5A	6y9b-assembly1_H	2.279E-01	1.804E-01	1.327E-01	1.948E-01	0.010	3.918E+00
9bk5A	6q5u-assembly1_P	2.008E-01	1.971E-01	1.548E-01	3.000E-01	0.010	5.753E+00
9bk5A	6q67-assembly1_A	2.523E-01	2.453E-01	1.709E-01	2.665E-01	0.010	9.007E+00
9bk5A	8ftt-assembly2_B	2.285E-01	1.785E-01	1.226E-01	2.332E-01	0.010	5.397E+00
9bk5A	4twt-assembly2_D	1.875E-01	1.804E-01	1.198E-01	2.415E-01	0.010	3.918E+00
9bk5A	2wsh-assembly1_B	2.732E-01	2.095E-01	1.544E-01	2.622E-01	0.010	9.602E+00
9bk5A	6u0l-assembly1_P	2.176E-01	1.946E-01	1.356E-01	2.620E-01	0.010	5.397E+00
9bk5A	2xbz-assembly1_A-2	1.616E-01	1.461E-01	1.234E-01	2.496E-01	0.010	2.845E+00
9bk5A	6v3e-assembly1_g	3.008E-01	1.822E-01	1.162E-01	2.426E-01	0.010	9.007E+00
9bk5A	2hq9-assembly1_A	2.973E-01	1.961E-01	1.326E-01	1.980E-01	0.010	6.539E+00
9bk5A	2w46-assembly2_B	2.919E-01	1.984E-01	1.258E-01	2.187E-01	0.010	6.539E+00
9bk5A	3h96-assembly2_B	2.421E-01	2.135E-01	1.392E-01	2.432E-01	0.010	5.753E+00
9bk5A	2hq9-assembly1_B	2.916E-01	1.941E-01	1.298E-01	2.006E-01	0.010	5.753E+00
9bk5A	4ni6-assembly1_A	3.183E-01	1.788E-01	1.268E-01	2.489E-01	0.010	9.602E+00
9bk5A	7kp8-assembly1_A	2.580E-01	1.898E-01	1.213E-01	2.610E-01	0.010	7.924E+00
9bk5A	1h9m-assembly1_A	2.219E-01	2.023E-01	1.399E-01	2.803E-01	0.010	7.433E+00
9bk5A	7nhn-assembly1_h	2.244E-01	1.802E-01	1.055E-01	2.619E-01	0.010	6.539E+00
9bk5A	7z15-assembly1_A	2.340E-01	1.978E-01	1.278E-01	3.172E-01	0.010	9.602E+00
9bk5A	4c8u-assembly1_B	2.899E-01	1.522E-01	9.961E-02	2.010E-01	0.010	5.397E+00
9bk5A	3mi8-assembly1_A	1.396E-01	1.345E-01	8.749E-02	2.318E-01	0.010	1.937E+00
9bk5A	8qfr-assembly2_B	1.996E-01	1.920E-01	1.194E-01	2.475E-01	0.010	5.062E+00
9bk5A	4uap-assembly2_B	2.971E-01	2.189E-01	1.344E-01	2.556E-01	0.010	9.602E+00
9bk5A	8zd6-assembly2_K	1.989E-01	1.663E-01	1.053E-01	2.189E-01	0.010	3.447E+00
9bk5A	4v50-assembly2_CG	2.330E-01	1.684E-01	9.891E-02	2.436E-01	0.010	5.753E+00
9bk5A	4v73-assembly1_AG	2.741E-01	2.002E-01	1.122E-01	2.528E-01	0.010	7.924E+00
9bk5A	7jss-assembly1_L	2.059E-01	1.706E-01	1.080E-01	2.406E-01	0.010	4.453E+00
9bk5A	7k52-assembly1_L	2.764E-01	1.684E-01	1.177E-01	2.639E-01	0.010	9.602E+00
9bk5A	2vbl-assembly1_A	2.338E-01	2.236E-01	1.299E-01	3.247E-01	0.010	9.007E+00
9bk5A	8whx-assembly1_h	2.310E-01	1.737E-01	1.178E-01	2.361E-01	0.010	5.062E+00
9bk5A	8zd6-assembly2_H	1.987E-01	1.648E-01	1.027E-01	2.196E-01	0.010	3.033E+00
9bk5A	4v4i-assembly1_h	2.355E-01	1.967E-01	1.245E-01	2.364E-01	0.010	5.397E+00
9bk5A	4v8g-assembly1_AG	2.358E-01	1.637E-01	1.082E-01	2.322E-01	0.010	5.753E+00
9bk5A	3kbu-assembly1_D	2.559E-01	1.979E-01	1.253E-01	2.398E-01	0.010	6.539E+00
9bk5A	8fmw-assembly1_G	2.383E-01	1.650E-01	9.488E-02	2.244E-01	0.010	5.753E+00
9bk5A	8zd5-assembly1_K	2.089E-01	1.639E-01	9.820E-02	2.323E-01	0.010	4.453E+00
9bk5A	7qlh-assembly1_A	2.631E-01	1.845E-01	1.147E-01	2.589E-01	0.010	7.433E+00
9bk5A	5owo-assembly1_A	3.135E-01	1.794E-01	1.094E-01	2.365E-01	0.010	9.007E+00
9bk5A	7tj9-assembly1_B	2.312E-01	1.828E-01	1.058E-01	1.820E-01	0.010	2.668E+00
9bk5A	7pb2-assembly1_D	2.807E-01	2.221E-01	1.264E-01	2.673E-01	0.010	9.007E+00
9bk5A	8dka-assembly1_A	3.179E-01	2.271E-01	1.219E-01	2.234E-01	0.010	9.007E+00
9bk5A	5ldp-assembly2_B	2.580E-01	2.416E-01	1.203E-01	2.896E-01	0.010	9.007E+00
9bk5A	4b0y-assembly1_A	2.299E-01	2.304E-01	1.455E-01	3.171E-01	0.010	9.007E+00
9bk5A	8jmr-assembly1_A	2.329E-01	2.270E-01	1.266E-01	2.512E-01	0.010	5.397E+00
9bk5A	3tpu-assembly1_I	2.655E-01	1.849E-01	1.021E-01	2.485E-01	0.010	7.433E+00
9bk5A	1vq2-assembly1_A	3.137E-01	1.611E-01	9.986E-02	2.263E-01	0.010	7.924E+00
9bk5A	6h9c-assembly1_D	2.752E-01	2.226E-01	1.286E-01	2.678E-01	0.010	9.007E+00
9bk5A	6h82-assembly1_E	2.577E-01	2.092E-01	1.207E-01	2.592E-01	0.010	8.448E+00
9bk5A	8d5q-assembly1_C	2.616E-01	1.823E-01	1.042E-01	2.553E-01	0.010	7.433E+00
9bk5A	6wl3-assembly2_D	2.986E-01	1.895E-01	9.339E-02	2.554E-01	0.010	9.602E+00
9bk5A	6nk0-assembly1_A	2.939E-01	1.980E-01	9.332E-02	2.261E-01	0.010	8.448E+00
9bk5A	5byg-assembly2_D	2.509E-01	1.989E-01	1.142E-01	2.906E-01	0.010	8.448E+00
9bk5A	2ixk-assembly1_B	3.059E-01	2.111E-01	9.842E-02	2.055E-01	0.010	7.433E+00
9bk5A	7ndu-assembly1_DDD	2.581E-01	2.037E-01	1.131E-01	2.393E-01	0.010	6.134E+00
9bk5A	4nhu-assembly1_G	2.517E-01	1.823E-01	9.554E-02	2.586E-01	0.010	7.433E+00
9bk5A	4gg6-assembly2_E	2.686E-01	2.124E-01	1.160E-01	2.497E-01	0.010	8.448E+00
9bk5A	1gqp-assembly1_B	2.623E-01	2.138E-01	1.190E-01	2.477E-01	0.010	6.972E+00
9bk5A	4i9x-assembly1_B	2.451E-01	2.162E-01	1.202E-01	2.686E-01	0.010	7.924E+00
9bk5A	3o6f-assembly2_G	2.619E-01	2.085E-01	1.132E-01	2.570E-01	0.010	9.007E+00
9bk5A	7rk7-assembly1_D	2.624E-01	2.024E-01	1.115E-01	2.435E-01	0.010	6.972E+00
9bk5A	5wjo-assembly1_A	2.270E-01	1.669E-01	8.678E-02	2.246E-01	0.010	4.453E+00
9bk5A	6at6-assembly1_A	2.595E-01	2.071E-01	1.143E-01	2.499E-01	0.010	6.972E+00
9bk5A	7uxd-assembly1_A	2.826E-01	1.606E-01	9.227E-02	2.410E-01	0.010	7.924E+00
9bk5A	2bno-assembly1_A-2	2.664E-01	2.071E-01	9.948E-02	2.667E-01	0.010	9.602E+00
9bk5A	1zz8-assembly2_C	2.236E-01	1.802E-01	9.099E-02	2.499E-01	0.010	5.062E+00
9bk5A	1zz9-assembly1_A-2	3.015E-01	2.338E-01	1.117E-01	2.440E-01	0.010	9.007E+00
9bk5A	1m4v-assembly2_B	2.578E-01	1.507E-01	7.145E-02	2.614E-01	0.010	9.007E+00
9bk5A	7n5p-assembly1_D	2.555E-01	2.016E-01	1.046E-01	2.359E-01	0.010	6.134E+00
9bk5A	5wjo-assembly2_C	2.244E-01	1.655E-01	8.359E-02	2.246E-01	0.010	4.748E+00
9bk5A	2esv-assembly1_D	2.340E-01	1.756E-01	9.233E-02	2.279E-01	0.010	5.062E+00
9bk5A	3w40-assembly2_B	1.980E-01	1.791E-01	9.471E-02	2.241E-01	0.010	3.033E+00
9bk5A	6t3f-assembly1_H	2.361E-01	2.185E-01	1.119E-01	2.624E-01	0.010	6.539E+00
9bk5A	8vd0-assembly2_I	2.325E-01	1.710E-01	8.848E-02	2.294E-01	0.010	5.062E+00
9bk5A	8sgm-assembly1_C	2.751E-01	2.166E-01	1.108E-01	2.515E-01	0.010	7.433E+00
9bk5A	6xc9-assembly1_D	2.624E-01	2.056E-01	9.515E-02	2.715E-01	0.010	9.602E+00
9bk5A	4jrx-assembly1_D	2.713E-01	2.155E-01	9.914E-02	2.592E-01	0.010	9.007E+00
9bk5A	7sa6-assembly1_H	2.632E-01	2.023E-01	9.491E-02	2.369E-01	0.010	7.433E+00
9bk5A	6x4t-assembly2_C	2.240E-01	1.920E-01	1.076E-01	2.391E-01	0.010	5.397E+00
9bk5A	6ion-assembly1_H	2.049E-01	1.521E-01	7.744E-02	2.209E-01	0.010	3.447E+00
9bk5A	8r39-assembly1_C-2	1.925E-01	1.672E-01	1.016E-01	2.650E-01	0.010	5.062E+00
9bk5A	8db4-assembly1_B	1.976E-01	1.592E-01	7.896E-02	2.026E-01	0.010	3.033E+00
9bk5A	6khx-assembly1_G	2.737E-01	2.074E-01	8.483E-02	2.567E-01	0.010	9.007E+00
9bk5A	8gpu-assembly1_J	2.322E-01	1.864E-01	9.122E-02	2.182E-01	0.010	4.748E+00
9bk5A	3pv7-assembly1_A	2.775E-01	2.128E-01	9.743E-02	2.406E-01	0.010	8.448E+00
9bk5A	5t5f-assembly1_H	2.614E-01	2.015E-01	9.184E-02	2.365E-01	0.010	6.539E+00
9bk5A	7ry2-assembly4_D	3.476E-01	1.701E-01	7.064E-02	2.063E-01	0.010	8.448E+00
9bk5A	6wn4-assembly1_A	2.434E-01	1.894E-01	8.608E-02	2.048E-01	0.010	4.177E+00
9bk5A	1mim-assembly1_H	2.540E-01	1.962E-01	9.379E-02	2.331E-01	0.010	6.972E+00
9bk5A	1nc2-assembly2_D	2.225E-01	1.816E-01	9.296E-02	2.077E-01	0.010	3.918E+00
9bk5A	6s3d-assembly2_C	2.332E-01	1.889E-01	9.144E-02	2.024E-01	0.010	3.918E+00
9bk5A	6s3d-assembly3_E	2.294E-01	1.855E-01	8.665E-02	1.967E-01	0.010	4.177E+00
9bk5A	2y36-assembly1_H	2.478E-01	1.962E-01	9.335E-02	2.397E-01	0.010	6.972E+00
9bk5A	6fax-assembly1_H	2.309E-01	1.924E-01	1.014E-01	2.188E-01	0.010	4.748E+00
9bk5A	8gpu-assembly1_F	2.404E-01	1.889E-01	8.928E-02	2.279E-01	0.010	5.753E+00
9bk5A	8jiy-assembly1_A	2.555E-01	2.064E-01	1.008E-01	2.295E-01	0.010	6.539E+00
9bk5A	8k9b-assembly1_A	2.365E-01	1.835E-01	8.228E-02	2.249E-01	0.010	4.453E+00
9bk5A	5y9k-assembly1_H	1.885E-01	1.775E-01	8.882E-02	2.357E-01	0.010	3.033E+00
9bk5A	4ktd-assembly1_H	2.373E-01	1.956E-01	9.193E-02	2.277E-01	0.010	5.062E+00
9bk5A	3o41-assembly2_A	2.518E-01	2.025E-01	9.253E-02	2.040E-01	0.010	5.062E+00
9bk5A	1h8s-assembly2_B	2.169E-01	1.950E-01	1.021E-01	2.428E-01	0.010	5.397E+00
9bk5A	7s11-assembly4_K	2.552E-01	1.972E-01	8.858E-02	2.345E-01	0.010	6.539E+00
9bk5A	5dum-assembly1_H	1.980E-01	1.768E-01	9.770E-02	2.463E-01	0.010	4.748E+00
9bk5A	8qq5-assembly2_B	2.807E-01	2.214E-01	1.043E-01	2.639E-01	0.010	9.007E+00
9bk5A	6fxn-assembly1_F	1.941E-01	1.758E-01	8.655E-02	2.261E-01	0.010	3.233E+00
9bk5A	7n3e-assembly1_H	1.984E-01	1.800E-01	9.164E-02	2.482E-01	0.010	4.748E+00
9bk5A	3o41-assembly1_H	2.536E-01	2.036E-01	9.183E-02	2.034E-01	0.010	5.062E+00
9bk5A	7sbz-assembly2_H	2.606E-01	2.015E-01	8.852E-02	2.396E-01	0.010	6.134E+00
9bk5A	6hga-assembly1_H	2.519E-01	2.026E-01	9.093E-02	2.026E-01	0.010	5.062E+00
9bk5A	8hwt-assembly1_D	2.435E-01	1.944E-01	9.396E-02	2.311E-01	0.010	5.753E+00
9bk5A	3ifp-assembly1_H	2.540E-01	1.972E-01	8.850E-02	2.365E-01	0.010	6.134E+00
9bk5A	5jva-assembly1_D	2.848E-01	1.490E-01	6.253E-02	1.967E-01	0.010	6.134E+00
9bk5A	1xss-assembly1_A	3.258E-01	1.806E-01	7.166E-02	2.163E-01	0.010	9.602E+00
9bk5A	4hfu-assembly1_H	2.390E-01	2.158E-01	1.035E-01	2.772E-01	0.010	6.972E+00
9bk5A	6oc3-assembly1_A	2.701E-01	2.130E-01	9.195E-02	2.067E-01	0.010	5.062E+00
9bk5A	8a44-assembly1_C	2.218E-01	1.986E-01	8.989E-02	2.401E-01	0.010	5.753E+00
9bk5A	8d0y-assembly1_H	2.188E-01	1.800E-01	8.364E-02	2.098E-01	0.010	3.918E+00
9bk5A	3es2-assembly1_A	2.157E-01	1.839E-01	7.296E-02	2.458E-01	0.010	5.397E+00
9bk5A	6qex-assembly1_C	2.094E-01	1.635E-01	7.279E-02	2.092E-01	0.010	3.233E+00
9bk5A	8u5l-assembly1_N	2.795E-01	2.224E-01	9.767E-02	2.726E-01	0.010	9.602E+00
9bk5A	5t4z-assembly1_H	2.300E-01	1.802E-01	7.982E-02	1.938E-01	0.010	3.447E+00
9bk5A	7ttx-assembly1_H	1.868E-01	1.520E-01	7.366E-02	2.028E-01	0.010	2.845E+00
9bk5A	5f89-assembly2_A	2.229E-01	1.795E-01	8.499E-02	2.259E-01	0.010	5.062E+00
9bk5A	6sne-assembly4_D	2.391E-01	2.180E-01	9.572E-02	2.505E-01	0.010	6.972E+00
9bk5A	6ejg-assembly1_D	2.530E-01	2.249E-01	1.059E-01	2.810E-01	0.010	8.448E+00
9bk5A	7kqg-assembly1_A	2.170E-01	2.078E-01	8.864E-02	2.561E-01	0.010	5.397E+00
9bk5A	4qu1-assembly1_A	2.808E-01	2.582E-01	1.163E-01	2.514E-01	0.010	9.602E+00
9bk5A	6m81-assembly1_C-2	2.352E-01	1.676E-01	5.984E-02	1.867E-01	0.010	3.675E+00
9bk5A	5af0-assembly4_D	2.581E-01	2.046E-01	8.897E-02	2.518E-01	0.010	7.433E+00
9bk5A	5swz-assembly4_P	2.767E-01	1.960E-01	8.925E-02	2.520E-01	0.010	7.924E+00
9bk5A	8gbv-assembly2_A	2.525E-01	2.023E-01	8.354E-02	2.038E-01	0.010	4.177E+00
9bk5A	4oqe-assembly1_A	2.349E-01	1.674E-01	5.933E-02	1.861E-01	0.010	3.918E+00
9bk5A	7xlz-assembly1_A	1.903E-01	1.547E-01	8.845E-02	2.475E-01	0.010	4.453E+00
9bk5A	8gbx-assembly1_H	2.429E-01	1.981E-01	8.692E-02	1.933E-01	0.010	3.447E+00
9bk5A	5osn-assembly1_C	2.617E-01	2.098E-01	9.072E-02	2.077E-01	0.010	5.397E+00
9bk5A	4f7d-assembly1_A	2.833E-01	1.953E-01	8.247E-02	2.377E-01	0.010	7.433E+00
9bk5A	1y8c-assembly1_A	2.256E-01	1.860E-01	8.379E-02	2.469E-01	0.010	6.134E+00
9bk5A	2uzj-assembly2_B	2.249E-01	1.921E-01	1.000E-01	2.793E-01	0.010	6.972E+00
9bk5A	7egu-assembly1_A	2.651E-01	2.411E-01	1.000E-01	2.720E-01	0.010	9.007E+00
9bk5A	8w7p-assembly1_A	2.444E-01	2.221E-01	9.953E-02	2.801E-01	0.010	9.007E+00
9bk5A	8eo8-assembly3_K	2.547E-01	1.776E-01	8.520E-02	2.681E-01	0.010	8.448E+00
9bk5A	2zok-assembly6_E	2.449E-01	1.790E-01	8.313E-02	2.634E-01	0.010	7.924E+00
9bk5A	3s30-assembly1_A	2.878E-01	2.009E-01	7.414E-02	2.283E-01	0.010	7.433E+00
9bk5A	1o7l-assembly1_A	2.540E-01	2.190E-01	8.519E-02	2.883E-01	0.010	9.602E+00
9bk5A	8etn-assembly1_B	2.272E-01	1.211E-01	4.699E-02	2.117E-01	0.010	4.748E+00
9bk5A	2qh5-assembly2_B	2.324E-01	2.217E-01	9.168E-02	2.721E-01	0.010	7.924E+00
9bk5A	3rzp-assembly2_C	2.529E-01	2.383E-01	9.475E-02	2.778E-01	0.010	9.602E+00
9bk5A	1vz4-assembly1_D-2	2.629E-01	2.024E-01	7.301E-02	2.199E-01	0.010	6.539E+00
9bk5A	3sma-assembly2_C	2.461E-01	2.415E-01	1.023E-01	3.042E-01	0.010	9.007E+00
9bk5A	3jqp-assembly4_B-2	2.389E-01	1.918E-01	8.061E-02	2.607E-01	0.010	7.433E+00
9bk5A	5wer-assembly3_G	2.483E-01	1.802E-01	7.252E-02	2.500E-01	0.010	6.134E+00
9bk5A	6gb7-assembly4_G	2.571E-01	1.819E-01	7.728E-02	2.573E-01	0.010	6.972E+00
9bk5A	5mzm-assembly1_A	2.589E-01	1.827E-01	7.637E-02	2.515E-01	0.010	8.448E+00
9bk5A	5mzm-assembly2_D	2.575E-01	1.813E-01	7.453E-02	2.562E-01	0.010	7.433E+00
9bk5A	7axh-assembly1_A	2.622E-01	2.106E-01	9.312E-02	2.761E-01	0.010	9.007E+00
9bk5A	6zky-assembly1_A	2.726E-01	1.981E-01	7.927E-02	2.575E-01	0.010	9.602E+00
9bk5A	8aut-assembly4_D	3.356E-01	2.165E-01	7.050E-02	2.135E-01	0.010	9.007E+00
9bk5A	1fzj-assembly1_A	2.820E-01	2.107E-01	8.301E-02	2.558E-01	0.010	9.007E+00
9bk5A	2cii-assembly1_A	2.671E-01	1.913E-01	7.925E-02	2.490E-01	0.010	8.448E+00
9bk5A	3rgv-assembly3_C	2.728E-01	1.882E-01	7.621E-02	2.446E-01	0.010	7.433E+00
9bk5A	8qk4-assembly2_B	3.162E-01	1.905E-01	7.010E-02	2.233E-01	0.010	7.924E+00
9bk5A	7qtd-assembly1_D	2.415E-01	2.305E-01	7.445E-02	2.674E-01	0.010	7.433E+00
9bk5A	3phz-assembly1_B	3.151E-01	1.984E-01	6.660E-02	2.348E-01	0.010	9.007E+00
9bk5A	5mqc-assembly1_A	3.018E-01	2.173E-01	7.544E-02	2.433E-01	0.010	8.448E+00
9bk5A	4mzu-assembly2_G	2.043E-01	1.968E-01	6.397E-02	2.665E-01	0.010	5.062E+00
9bk5A	7qtd-assembly1_B	2.343E-01	2.237E-01	7.392E-02	2.686E-01	0.010	6.972E+00
9bk5A	4j5i-assembly1_B	2.079E-01	2.029E-01	7.759E-02	2.642E-01	0.010	5.753E+00
9bk5A	3ziw-assembly2_F	2.117E-01	1.724E-01	6.394E-02	2.417E-01	0.010	5.062E+00
9bk5A	6gpn-assembly1_A	2.571E-01	2.508E-01	8.482E-02	2.420E-01	0.010	6.972E+00
9bk5A	5kku-assembly2_B	2.581E-01	2.458E-01	9.063E-02	3.000E-01	0.010	9.602E+00
9bk5A	5d61-assembly1_A	3.047E-01	2.110E-01	7.366E-02	2.309E-01	0.010	9.007E+00
9bk5A	8eqz-assembly1_A	2.818E-01	2.001E-01	7.807E-02	2.837E-01	0.010	9.602E+00
9bk5A	6gpe-assembly2_B	2.320E-01	2.266E-01	8.162E-02	2.403E-01	0.010	5.753E+00
9bk5A	3r7p-assembly1_A	2.458E-01	2.216E-01	7.202E-02	2.994E-01	0.010	9.602E+00
9bk5A	6tsr-assembly1_AAA-2	3.004E-01	2.109E-01	7.363E-02	2.304E-01	0.010	7.433E+00
9bk5A	8qx4-assembly1_H	2.677E-01	2.349E-01	9.116E-02	2.683E-01	0.010	9.007E+00
9bk5A	7w23-assembly1_A	2.152E-01	1.998E-01	7.779E-02	2.671E-01	0.010	6.134E+00
9bk5A	7umn-assembly1_A	1.811E-01	1.625E-01	5.892E-02	2.308E-01	0.010	3.033E+00
9bk5A	3i3t-assembly4_G	3.609E-01	1.768E-01	6.285E-02	2.213E-01	0.010	9.602E+00
9bk5A	3mll-assembly1_A	2.161E-01	2.057E-01	7.359E-02	2.952E-01	0.010	7.433E+00
9bk5A	3vx8-assembly1_A	2.041E-01	1.517E-01	6.450E-02	2.363E-01	0.010	4.748E+00
9bk5A	6f2b-assembly4_D	2.965E-01	2.802E-01	7.786E-02	2.504E-01	0.010	8.448E+00
9bk5A	8jyd-assembly1_A	2.944E-01	1.588E-01	4.997E-02	2.357E-01	0.010	9.007E+00
9bk5A	2hd5-assembly1_A	2.462E-01	1.976E-01	7.336E-02	2.445E-01	0.010	5.753E+00
9bk5A	5gz3-assembly1_B	2.979E-01	2.077E-01	6.737E-02	2.583E-01	0.010	9.007E+00
9bk5A	3ubq-assembly1_C	2.222E-01	1.985E-01	6.524E-02	2.428E-01	0.010	5.062E+00
9bk5A	3r2g-assembly1_A	2.665E-01	2.153E-01	6.494E-02	2.673E-01	0.010	9.007E+00
9bk5A	4as3-assembly1_A	2.585E-01	1.830E-01	5.679E-02	2.493E-01	0.010	7.433E+00
9bk5A	3v6c-assembly1_A	2.983E-01	1.762E-01	7.450E-02	2.480E-01	0.010	9.602E+00
9bk5A	3zgj-assembly1_A	2.669E-01	2.123E-01	6.700E-02	2.656E-01	0.010	7.924E+00
9bk5A	3v6e-assembly1_A	2.109E-01	1.911E-01	7.275E-02	2.562E-01	0.010	5.397E+00
9bk5A	6dgf-assembly1_A	1.863E-01	1.724E-01	7.531E-02	2.591E-01	0.010	4.453E+00
9bk5A	3uzo-assembly1_B	2.307E-01	2.191E-01	6.559E-02	3.016E-01	0.010	8.448E+00
9bk5A	3on5-assembly1_A	2.339E-01	1.921E-01	6.906E-02	2.845E-01	0.010	7.924E+00
9bk5A	5whz-assembly1_L	2.549E-01	2.023E-01	6.712E-02	2.797E-01	0.010	9.602E+00
9bk5A	4fqk-assembly1_A	2.348E-01	1.964E-01	7.667E-02	2.349E-01	0.010	5.397E+00
9bk5A	4fqm-assembly1_C	2.348E-01	1.964E-01	7.600E-02	2.355E-01	0.010	5.397E+00
9bk5A	6jzu-assembly1_A	2.515E-01	2.191E-01	7.975E-02	3.130E-01	0.010	9.602E+00
9bk5A	8itp-assembly2_B	2.519E-01	2.331E-01	8.707E-02	2.866E-01	0.010	9.007E+00
9bk5A	3lnu-assembly1_A	2.771E-01	2.372E-01	7.619E-02	2.440E-01	0.010	7.433E+00
9bk5A	4yrd-assembly1_B	2.252E-01	1.704E-01	5.115E-02	2.529E-01	0.010	6.539E+00
9bk5A	3lps-assembly1_A	2.388E-01	2.097E-01	6.819E-02	2.356E-01	0.010	5.062E+00
9bk5A	5gzw-assembly1_A	2.860E-01	2.039E-01	7.285E-02	2.465E-01	0.010	8.448E+00
9bk5A	8x7c-assembly2_A	2.122E-01	1.330E-01	4.230E-02	2.489E-01	0.010	5.753E+00
9bk5A	1kvm-assembly1_A	2.783E-01	1.926E-01	6.739E-02	2.390E-01	0.010	7.924E+00
9bk5A	6mjp-assembly1_G	2.379E-01	1.735E-01	5.451E-02	2.571E-01	0.010	7.433E+00
9bk5A	5e1r-assembly1_C	2.685E-01	2.008E-01	5.945E-02	2.649E-01	0.010	9.007E+00
9bk5A	7f1x-assembly3_C	2.773E-01	1.969E-01	5.199E-02	2.331E-01	0.010	7.433E+00
9bk5A	6njk-assembly1_A	2.802E-01	1.883E-01	6.924E-02	2.339E-01	0.010	7.433E+00
9bk5A	1t47-assembly1_B	2.516E-01	2.088E-01	6.707E-02	2.531E-01	0.010	6.972E+00
9bk5A	1ipj-assembly1_B	2.307E-01	1.544E-01	3.778E-02	1.788E-01	0.010	3.447E+00
9bk5A	1uik-assembly1_B	2.249E-01	1.498E-01	3.715E-02	1.763E-01	0.010	3.033E+00
9bk5A	1ipj-assembly1_C	1.937E-01	1.394E-01	5.363E-02	3.012E-01	0.010	6.972E+00
9bk5A	3j7r-assembly1_1	2.686E-01	1.958E-01	4.921E-02	2.260E-01	0.010	6.134E+00
9bk5A	6hq7-assembly1_A	2.694E-01	1.897E-01	5.541E-02	2.429E-01	0.010	6.972E+00
9bk5A	6b9s-assembly3_F	1.493E-01	1.174E-01	3.597E-02	1.826E-01	0.010	1.161E+00
9bk5A	3rv7-assembly1_A	1.688E-01	1.653E-01	5.538E-02	2.369E-01	0.010	3.033E+00
9bk5A	3rv6-assembly1_A	2.216E-01	2.114E-01	5.739E-02	2.276E-01	0.010	4.748E+00
9bk5A	5ix2-assembly1_A	2.214E-01	1.738E-01	5.472E-02	2.618E-01	0.010	5.397E+00
9bk5A	3rv9-assembly1_A	1.924E-01	1.998E-01	6.249E-02	2.475E-01	0.010	4.177E+00
9bk5A	8xcj-assembly1_F	2.045E-01	1.498E-01	3.892E-02	1.945E-01	0.010	2.503E+00
9bk5A	6zui-assembly1_A	3.303E-01	2.264E-01	5.951E-02	2.328E-01	0.010	9.007E+00
9bk5A	8qn5-assembly1_A	2.197E-01	2.125E-01	5.790E-02	2.283E-01	0.010	4.177E+00
9bk5A	6ftg-assembly1_x	2.742E-01	1.992E-01	5.093E-02	2.698E-01	0.010	9.007E+00
9bk5A	3w0l-assembly1_A	2.815E-01	1.877E-01	6.366E-02	2.755E-01	0.010	9.602E+00
9bk5A	1ikx-assembly1_B	2.569E-01	2.127E-01	5.721E-02	2.312E-01	0.010	6.972E+00
9bk5A	6za4-assembly4_D	2.131E-01	2.083E-01	6.467E-02	2.504E-01	0.010	5.062E+00
9bk5A	3cc1-assembly1_A-2	2.759E-01	2.067E-01	5.087E-02	2.387E-01	0.010	6.972E+00
9bk5A	7yrn-assembly1_C	2.876E-01	1.627E-01	3.921E-02	2.337E-01	0.010	8.448E+00
9bk5A	6orh-assembly1_A	2.514E-01	1.890E-01	4.642E-02	2.506E-01	0.010	6.972E+00
9bk5A	4ezh-assembly2_B	2.703E-01	2.417E-01	7.573E-02	2.509E-01	0.010	7.433E+00
9bk5A	5oeu-assembly1_A	2.743E-01	2.300E-01	5.403E-02	2.563E-01	0.010	7.924E+00
9bk5A	8gm4-assembly1_A	3.401E-01	2.132E-01	5.105E-02	2.115E-01	0.010	8.448E+00
9bk5A	9cc2-assembly1_A	2.462E-01	1.833E-01	4.526E-02	2.319E-01	0.010	6.539E+00
9bk5A	7sq6-assembly1_A	2.608E-01	1.890E-01	4.722E-02	2.598E-01	0.010	9.007E+00
9bk5A	7sq9-assembly1_A	2.330E-01	1.738E-01	4.829E-02	2.633E-01	0.010	6.134E+00
9bk5A	4gri-assembly1_A	2.323E-01	1.811E-01	5.038E-02	2.821E-01	0.010	7.433E+00
9bk5A	8gm5-assembly1_A	3.396E-01	2.138E-01	4.945E-02	2.073E-01	0.010	8.448E+00
9bk5A	6n41-assembly1_C	2.237E-01	2.016E-01	5.215E-02	2.527E-01	0.010	5.397E+00
9bk5A	6u26-assembly2_B	1.894E-01	1.443E-01	4.136E-02	2.240E-01	0.010	3.447E+00
9bk5A	1rsg-assembly1_A	2.603E-01	2.093E-01	4.394E-02	2.323E-01	0.010	7.433E+00
9bk5A	2oeg-assembly1_A	2.717E-01	2.071E-01	4.797E-02	2.167E-01	0.010	6.972E+00
9bk5A	5xl2-assembly1_B	1.895E-01	1.878E-01	5.060E-02	3.118E-01	0.010	5.753E+00
9bk5A	1rsg-assembly1_B	2.589E-01	2.127E-01	4.462E-02	2.355E-01	0.010	6.972E+00
9bk5A	8tzr-assembly1_B	2.761E-01	2.642E-01	5.543E-02	2.461E-01	0.010	9.007E+00
9bk5A	7vnj-assembly1_A	1.752E-01	2.028E-01	4.627E-02	2.609E-01	0.010	3.675E+00
9bk5A	7o4b-assembly1_A	2.993E-01	2.199E-01	5.735E-02	2.439E-01	0.010	9.602E+00
9bk5A	2w5f-assembly1_A	2.914E-01	2.205E-01	4.512E-02	2.478E-01	0.010	9.007E+00
9bk5A	3u7v-assembly1_A	2.999E-01	2.116E-01	5.095E-02	2.668E-01	0.010	9.602E+00
9bk5A	7f6d-assembly1_F	2.682E-01	2.072E-01	3.978E-02	2.227E-01	0.010	5.753E+00
9bk5A	7dde-assembly1_C	2.565E-01	2.073E-01	4.138E-02	2.384E-01	0.010	7.433E+00
9bk5A	4juo-assembly1_C	2.693E-01	1.973E-01	4.015E-02	2.154E-01	0.010	5.397E+00
9bk5A	7kdd-assembly1_C	2.834E-01	1.447E-01	2.952E-02	2.120E-01	0.010	6.539E+00
9bk5A	5ys6-assembly1_A	2.887E-01	1.621E-01	3.415E-02	2.456E-01	0.010	7.924E+00
9bk5A	2o1v-assembly1_A	2.639E-01	2.339E-01	5.545E-02	2.593E-01	0.010	8.448E+00
9bk5A	7k1s-assembly1_B	3.074E-01	1.542E-01	3.438E-02	2.385E-01	0.010	8.448E+00
9bk5A	6vn1-assembly1_A	2.954E-01	1.525E-01	2.980E-02	2.123E-01	0.010	6.972E+00
9bk5A	8e72-assembly1_A	2.196E-01	1.911E-01	4.739E-02	2.744E-01	0.010	6.539E+00
9bk5A	3k46-assembly1_A	1.967E-01	1.689E-01	4.155E-02	2.630E-01	0.010	5.397E+00
9bk5A	7r1e-assembly1_A	2.028E-01	1.662E-01	3.877E-02	2.208E-01	0.010	3.233E+00
9bk5A	8k49-assembly1_T	2.258E-01	2.188E-01	5.053E-02	2.372E-01	0.010	4.748E+00
9bk5A	7qx6-assembly1_A	2.004E-01	1.652E-01	3.890E-02	2.317E-01	0.010	3.447E+00
9bk5A	4fix-assembly1_A	2.544E-01	1.946E-01	3.452E-02	2.753E-01	0.010	9.007E+00
9bk5A	7qx7-assembly1_A	2.044E-01	1.640E-01	3.925E-02	2.347E-01	0.010	4.453E+00
9bk5A	8pxt-assembly1_C	1.618E-01	1.375E-01	3.527E-02	2.378E-01	0.010	2.503E+00
9bk5A	7qyd-assembly1_A	2.195E-01	1.779E-01	4.040E-02	2.179E-01	0.010	3.918E+00
9bk5A	4n20-assembly1_A	2.159E-01	1.607E-01	3.256E-02	2.681E-01	0.010	5.397E+00
9bk5A	4n2h-assembly1_A	2.158E-01	1.609E-01	3.250E-02	2.647E-01	0.010	5.397E+00
9bk5A	4n2m-assembly1_A	2.396E-01	1.865E-01	3.445E-02	2.590E-01	0.010	6.972E+00
9bk5A	6dd5-assembly2_B	2.217E-01	2.113E-01	4.682E-02	3.369E-01	0.010	9.007E+00
9bk5A	4n24-assembly1_A-2	2.163E-01	1.603E-01	3.231E-02	2.683E-01	0.010	6.134E+00
9bk5A	3p0j-assembly1_A	2.326E-01	2.038E-01	4.486E-02	2.871E-01	0.010	8.448E+00
9bk5A	3p0j-assembly4_D	2.328E-01	1.989E-01	4.021E-02	3.070E-01	0.010	8.448E+00
9bk5A	7rb9-assembly1_D	3.457E-01	2.265E-01	4.371E-02	2.300E-01	0.010	9.602E+00
9bk5A	3wdi-assembly1_A	2.781E-01	1.755E-01	3.377E-02	2.439E-01	0.010	7.433E+00
9bk5A	8ftm-assembly2_B	1.980E-01	1.904E-01	3.749E-02	2.900E-01	0.010	6.134E+00
9bk5A	6d1p-assembly1_B	2.517E-01	2.044E-01	3.933E-02	3.025E-01	0.010	9.602E+00
9bk5A	9gbv-assembly1_D	2.587E-01	2.282E-01	4.020E-02	2.386E-01	0.010	6.972E+00
9bk5A	5x6z-assembly1_D	1.951E-01	1.917E-01	3.337E-02	2.387E-01	0.010	3.918E+00
9bk5A	6d7j-assembly2_A	2.263E-01	1.847E-01	4.042E-02	2.980E-01	0.010	7.433E+00
9bk5A	8e2e-assembly1_B	2.595E-01	1.823E-01	2.966E-02	2.802E-01	0.010	9.602E+00
9bk5A	5aza-assembly1_A	3.007E-01	2.236E-01	3.308E-02	2.397E-01	0.010	9.007E+00
9bk5A	5hex-assembly1_A	2.444E-01	1.894E-01	4.028E-02	3.149E-01	0.010	9.007E+00
9bk5A	8v63-assembly1_D	2.589E-01	2.013E-01	3.611E-02	2.380E-01	0.010	6.134E+00
9bk5A	7jfs-assembly1_A	2.233E-01	2.067E-01	2.930E-02	2.926E-01	0.010	8.448E+00
9bk5A	7ufr-assembly1_D	2.746E-01	2.198E-01	2.994E-02	2.338E-01	0.010	7.924E+00
9bk5A	5l9u-assembly1_A	3.635E-01	1.644E-01	1.440E-02	2.019E-01	0.010	9.602E+00
9bk5A	5l9t-assembly1_A	3.635E-01	1.644E-01	1.403E-02	2.019E-01	0.010	9.602E+00
9bk5A	5khr-assembly1_A	3.504E-01	1.627E-01	1.394E-02	2.046E-01	0.010	9.602E+00
9bk5A	3ja1-assembly1_L4	2.717E-01	1.610E-01	1.960E-01	2.038E-01	0.009	7.924E+00
9bk5A	4m6a-assembly2_D	2.765E-01	1.624E-01	1.529E-01	2.167E-01	0.009	8.448E+00
9bk5A	7wim-assembly1_C	2.905E-01	1.980E-01	1.805E-01	2.065E-01	0.009	7.924E+00
9bk5A	3khf-assembly3_B	1.863E-01	1.797E-01	1.641E-01	3.095E-01	0.009	7.924E+00
9bk5A	7uov-assembly1_F	2.304E-01	1.932E-01	1.631E-01	2.477E-01	0.009	8.448E+00
9bk5A	1rzx-assembly1_A	2.067E-01	2.013E-01	1.742E-01	3.189E-01	0.009	9.602E+00
9bk5A	6fip-assembly1_A	1.863E-01	1.799E-01	1.558E-01	2.740E-01	0.009	6.539E+00
9bk5A	6x4g-assembly1_A	1.954E-01	1.654E-01	1.432E-01	2.216E-01	0.009	4.177E+00
9bk5A	8r3f-assembly1_B	2.266E-01	1.670E-01	1.416E-01	2.405E-01	0.009	7.924E+00
9bk5A	6l2u-assembly1_B	1.924E-01	1.871E-01	1.665E-01	2.527E-01	0.009	5.753E+00
9bk5A	2ptu-assembly4_D	2.253E-01	1.731E-01	1.426E-01	2.707E-01	0.009	8.448E+00
9bk5A	8tnt-assembly1_B	2.420E-01	2.052E-01	1.605E-01	2.430E-01	0.009	8.448E+00
9bk5A	5ud8-assembly1_A	1.998E-01	1.681E-01	1.361E-01	2.458E-01	0.009	6.134E+00
9bk5A	3bn8-assembly2_B-2	1.933E-01	1.676E-01	1.409E-01	2.835E-01	0.009	7.924E+00
9bk5A	6qd8-assembly1_H	2.411E-01	2.169E-01	1.628E-01	2.466E-01	0.009	8.448E+00
9bk5A	4r3s-assembly1_A	1.996E-01	1.442E-01	1.111E-01	2.104E-01	0.009	4.453E+00
9bk5A	7usl-assembly1_H	1.978E-01	1.764E-01	1.377E-01	2.646E-01	0.009	6.539E+00
9bk5A	7teq-assembly1_H	2.327E-01	1.907E-01	1.454E-01	2.233E-01	0.009	6.972E+00
9bk5A	4zqk-assembly1_A	1.894E-01	1.399E-01	1.066E-01	2.466E-01	0.009	5.753E+00
9bk5A	7ec5-assembly1_E	2.457E-01	1.970E-01	1.452E-01	2.307E-01	0.009	8.448E+00
9bk5A	2pnd-assembly1_A	2.462E-01	1.969E-01	1.430E-01	2.655E-01	0.009	9.007E+00
9bk5A	8gsb-assembly1_H	1.685E-01	1.294E-01	9.431E-02	1.975E-01	0.009	2.503E+00
9bk5A	5dmr-assembly1_B	1.727E-01	1.653E-01	1.309E-01	2.747E-01	0.009	5.062E+00
9bk5A	7n4m-assembly1_H	2.139E-01	1.712E-01	1.251E-01	2.072E-01	0.009	5.397E+00
9bk5A	8u1s-assembly1_E	1.968E-01	1.604E-01	1.225E-01	2.168E-01	0.009	4.453E+00
9bk5A	6z3p-assembly1_H	2.229E-01	2.013E-01	1.473E-01	2.417E-01	0.009	6.972E+00
9bk5A	7cec-assembly1_H	2.379E-01	1.946E-01	1.424E-01	2.037E-01	0.009	5.397E+00
9bk5A	8p7w-assembly1_Y	2.415E-01	1.905E-01	1.380E-01	2.327E-01	0.009	7.433E+00
9bk5A	5tdq-assembly1_A	2.188E-01	2.126E-01	1.534E-01	2.498E-01	0.009	6.972E+00
9bk5A	6wps-assembly1_H	2.180E-01	1.937E-01	1.400E-01	2.376E-01	0.009	6.134E+00
9bk5A	7ay3-assembly1_A	2.317E-01	2.069E-01	1.463E-01	2.027E-01	0.009	5.753E+00
9bk5A	9euc-assembly1_A	2.316E-01	2.227E-01	1.663E-01	2.468E-01	0.009	7.924E+00
9bk5A	8r1c-assembly1_H	2.499E-01	1.933E-01	1.381E-01	2.385E-01	0.009	7.433E+00
9bk5A	4axo-assembly1_A	1.977E-01	1.467E-01	1.072E-01	2.210E-01	0.009	4.453E+00
9bk5A	5ovw-assembly6_L	2.399E-01	1.915E-01	1.356E-01	2.333E-01	0.009	8.448E+00
9bk5A	8u1c-assembly1_H	2.237E-01	2.006E-01	1.408E-01	2.446E-01	0.009	7.924E+00
9bk5A	8sw4-assembly1_O	2.520E-01	2.130E-01	1.531E-01	2.156E-01	0.009	7.924E+00
9bk5A	8vcr-assembly1_D	2.511E-01	1.981E-01	1.368E-01	2.445E-01	0.009	9.007E+00
9bk5A	7luc-assembly1_J	1.955E-01	1.779E-01	1.298E-01	2.296E-01	0.009	4.453E+00
9bk5A	9etj-assembly3_F	2.573E-01	2.095E-01	1.463E-01	2.216E-01	0.009	6.972E+00
9bk5A	7kdd-assembly1_H	1.858E-01	1.467E-01	1.006E-01	1.960E-01	0.009	3.033E+00
9bk5A	2wnv-assembly1_A	1.924E-01	1.459E-01	1.053E-01	2.099E-01	0.009	4.453E+00
9bk5A	8bje-assembly1_A	1.938E-01	1.611E-01	1.142E-01	2.690E-01	0.009	7.433E+00
9bk5A	2f4p-assembly2_C	2.386E-01	1.794E-01	1.197E-01	2.512E-01	0.009	7.924E+00
9bk5A	4yc2-assembly1_G	2.261E-01	2.148E-01	1.515E-01	2.975E-01	0.009	9.602E+00
9bk5A	4gej-assembly1_A	2.863E-01	1.549E-01	9.268E-02	2.211E-01	0.009	9.602E+00
9bk5A	3aya-assembly2_B	2.978E-01	1.494E-01	9.511E-02	1.881E-01	0.009	7.924E+00
9bk5A	4hvy-assembly1_A	2.294E-01	1.759E-01	1.228E-01	2.348E-01	0.009	7.433E+00
9bk5A	6g52-assembly4_D	2.327E-01	1.769E-01	1.021E-01	2.250E-01	0.009	7.433E+00
9bk5A	4axo-assembly1_B	1.899E-01	1.543E-01	1.046E-01	2.579E-01	0.009	5.062E+00
9bk5A	1c4p-assembly1_B	2.215E-01	1.569E-01	1.020E-01	2.243E-01	0.009	6.134E+00
9bk5A	7cxd-assembly3_D	2.640E-01	1.484E-01	9.258E-02	1.736E-01	0.009	5.753E+00
9bk5A	6g52-assembly9_A	2.318E-01	2.226E-01	1.462E-01	2.665E-01	0.009	8.448E+00
9bk5A	3r5y-assembly3_C	2.401E-01	2.138E-01	1.337E-01	2.564E-01	0.009	9.602E+00
9bk5A	8qfq-assembly1_B	2.568E-01	1.713E-01	1.145E-01	2.155E-01	0.009	6.972E+00
9bk5A	6o2d-assembly1_B	2.229E-01	1.565E-01	9.804E-02	2.850E-01	0.009	8.448E+00
9bk5A	4c8u-assembly1_A	3.060E-01	1.556E-01	9.904E-02	1.989E-01	0.009	8.448E+00
9bk5A	8ove-assembly1_BR	2.266E-01	1.717E-01	1.136E-01	2.478E-01	0.009	7.433E+00
9bk5A	4v77-assembly1_AG	2.746E-01	1.880E-01	1.171E-01	2.258E-01	0.009	7.924E+00
9bk5A	7unr-assembly1_g	2.241E-01	1.600E-01	1.136E-01	2.293E-01	0.009	5.753E+00
9bk5A	7unw-assembly1_g	2.400E-01	1.803E-01	1.138E-01	2.345E-01	0.009	6.539E+00
9bk5A	6buw-assembly1_QG	2.031E-01	1.774E-01	1.135E-01	2.640E-01	0.009	6.972E+00
9bk5A	4f07-assembly6_K	3.359E-01	1.733E-01	1.059E-01	1.956E-01	0.009	9.007E+00
9bk5A	1gui-assembly1_A	2.594E-01	1.803E-01	1.044E-01	2.233E-01	0.009	6.972E+00
9bk5A	6n1d-assembly1_AS07	2.330E-01	1.725E-01	1.146E-01	2.695E-01	0.009	8.448E+00
9bk5A	7sg1-assembly2_I	2.011E-01	1.674E-01	1.018E-01	2.536E-01	0.009	6.539E+00
9bk5A	8cpo-assembly1_A	2.977E-01	1.756E-01	1.098E-01	2.118E-01	0.009	9.602E+00
9bk5A	3nru-assembly2_B	2.176E-01	1.595E-01	9.209E-02	1.987E-01	0.009	4.453E+00
9bk5A	7okt-assembly2_B	2.616E-01	1.476E-01	7.668E-02	2.130E-01	0.009	7.433E+00
9bk5A	8zd6-assembly1_B	2.074E-01	1.630E-01	9.707E-02	2.214E-01	0.009	5.753E+00
9bk5A	2een-assembly1_B	1.841E-01	1.770E-01	1.141E-01	2.361E-01	0.009	4.748E+00
9bk5A	4hg4-assembly3_X	2.473E-01	1.901E-01	1.139E-01	2.440E-01	0.009	9.602E+00
9bk5A	2re9-assembly1_C	1.897E-01	1.447E-01	8.081E-02	2.187E-01	0.009	3.918E+00
9bk5A	6p8v-assembly1_H	1.915E-01	1.722E-01	8.682E-02	3.027E-01	0.009	8.448E+00
9bk5A	7cea-assembly1_A	2.510E-01	2.010E-01	1.110E-01	2.030E-01	0.009	6.539E+00
9bk5A	6d60-assembly1_A	2.555E-01	1.755E-01	8.388E-02	2.433E-01	0.009	9.602E+00
9bk5A	5l73-assembly1_B	2.150E-01	1.606E-01	8.580E-02	2.167E-01	0.009	5.062E+00
9bk5A	3qs3-assembly3_C	1.970E-01	1.897E-01	1.149E-01	2.716E-01	0.009	6.539E+00
9bk5A	2v64-assembly1_E	2.592E-01	1.610E-01	8.960E-02	2.282E-01	0.009	7.924E+00
9bk5A	3wjv-assembly1_A	2.450E-01	1.572E-01	8.736E-02	2.095E-01	0.009	6.972E+00
9bk5A	3wju-assembly1_A	2.556E-01	1.558E-01	8.611E-02	2.367E-01	0.009	7.924E+00
9bk5A	8rhn-assembly1_G	2.370E-01	1.923E-01	1.099E-01	2.734E-01	0.009	9.602E+00
9bk5A	5u5d-assembly1_D	2.342E-01	1.890E-01	1.017E-01	2.487E-01	0.009	8.448E+00
9bk5A	5e1t-assembly1_C	2.326E-01	2.261E-01	1.274E-01	2.503E-01	0.009	9.007E+00
9bk5A	9jqt-assembly1_A	3.203E-01	1.805E-01	9.337E-02	1.998E-01	0.009	9.007E+00
9bk5A	7u9o-assembly1_L	2.052E-01	1.680E-01	9.570E-02	2.103E-01	0.009	4.177E+00
9bk5A	6ulr-assembly1_D-2	2.695E-01	2.090E-01	1.134E-01	2.452E-01	0.009	9.007E+00
9bk5A	7ndt-assembly1_III	2.246E-01	1.681E-01	8.844E-02	2.213E-01	0.009	6.539E+00
9bk5A	4hz5-assembly1_A	2.610E-01	1.871E-01	9.114E-02	2.156E-01	0.009	7.924E+00
9bk5A	5ku2-assembly1_1	2.086E-01	2.002E-01	1.267E-01	2.769E-01	0.009	8.448E+00
9bk5A	7sg1-assembly1_D	2.106E-01	1.855E-01	9.834E-02	2.570E-01	0.009	7.924E+00
9bk5A	6al6-assembly1_A	2.239E-01	1.671E-01	8.402E-02	2.104E-01	0.009	5.062E+00
9bk5A	4j1x-assembly2_C	2.269E-01	1.827E-01	9.073E-02	2.500E-01	0.009	7.924E+00
9bk5A	7t2b-assembly1_D	2.193E-01	1.815E-01	8.795E-02	2.600E-01	0.009	8.448E+00
9bk5A	6m1s-assembly2_B	3.171E-01	2.210E-01	1.058E-01	2.107E-01	0.009	9.007E+00
9bk5A	6a9f-assembly1_C	2.264E-01	1.697E-01	8.405E-02	2.204E-01	0.009	5.753E+00
9bk5A	6vy4-assembly1_D	2.302E-01	1.858E-01	9.661E-02	2.420E-01	0.009	7.924E+00
9bk5A	2q8a-assembly1_H	2.177E-01	1.717E-01	8.550E-02	2.330E-01	0.009	5.753E+00
9bk5A	7rah-assembly1_D	2.034E-01	1.796E-01	9.132E-02	2.315E-01	0.009	4.748E+00
9bk5A	6a99-assembly1_A	2.241E-01	1.686E-01	8.238E-02	2.308E-01	0.009	6.539E+00
9bk5A	5nmg-assembly2_I	2.342E-01	1.759E-01	8.732E-02	2.216E-01	0.009	6.972E+00
9bk5A	5a3m-assembly3_C	2.850E-01	1.940E-01	8.210E-02	1.971E-01	0.009	6.972E+00
9bk5A	3cq9-assembly1_A	1.846E-01	1.581E-01	8.259E-02	2.343E-01	0.009	4.453E+00
9bk5A	3jcb-assembly1_B	2.776E-01	2.239E-01	1.094E-01	2.377E-01	0.009	9.602E+00
9bk5A	7kqy-assembly2_C	2.223E-01	1.983E-01	1.101E-01	2.842E-01	0.009	9.602E+00
9bk5A	8vd0-assembly1_D	2.330E-01	1.742E-01	8.846E-02	2.287E-01	0.009	6.972E+00
9bk5A	3cq9-assembly2_D	1.928E-01	1.659E-01	8.511E-02	2.362E-01	0.009	5.753E+00
9bk5A	2ak4-assembly4_T	2.485E-01	2.002E-01	9.892E-02	2.391E-01	0.009	9.007E+00
9bk5A	3rzg-assembly1_A	2.846E-01	2.174E-01	1.033E-01	2.043E-01	0.009	8.448E+00
9bk5A	3s5a-assembly1_A	2.891E-01	2.194E-01	1.024E-01	2.065E-01	0.009	7.433E+00
9bk5A	5cp7-assembly4_F	2.416E-01	2.017E-01	9.847E-02	2.329E-01	0.009	8.448E+00
9bk5A	6fq0-assembly2_C	2.792E-01	1.898E-01	7.793E-02	2.374E-01	0.009	9.602E+00
9bk5A	6q0i-assembly1_A	2.484E-01	2.427E-01	9.854E-02	2.489E-01	0.009	8.448E+00
9bk5A	5sx5-assembly1_J	2.490E-01	2.004E-01	9.720E-02	2.446E-01	0.009	9.007E+00
9bk5A	5sx5-assembly2_H	2.537E-01	2.024E-01	9.513E-02	2.384E-01	0.009	9.007E+00
9bk5A	7li5-assembly1_A	2.265E-01	1.598E-01	7.077E-02	2.214E-01	0.009	6.134E+00
9bk5A	5myx-assembly2_D	2.251E-01	1.732E-01	8.334E-02	2.323E-01	0.009	6.539E+00
9bk5A	8p0m-assembly1_C	2.303E-01	1.699E-01	7.995E-02	2.371E-01	0.009	7.924E+00
9bk5A	7t25-assembly2_A	2.021E-01	1.835E-01	9.598E-02	2.479E-01	0.009	6.134E+00
9bk5A	7tqb-assembly1_H	2.267E-01	1.915E-01	9.985E-02	2.027E-01	0.009	5.753E+00
9bk5A	5k59-assembly1_E	2.511E-01	1.947E-01	8.987E-02	2.332E-01	0.009	7.433E+00
9bk5A	8vgh-assembly1_F	2.387E-01	1.898E-01	9.796E-02	2.368E-01	0.009	7.924E+00
9bk5A	8vgi-assembly1_F	2.329E-01	1.840E-01	8.489E-02	2.336E-01	0.009	6.972E+00
9bk5A	5dyo-assembly2_H	1.948E-01	1.743E-01	9.370E-02	2.531E-01	0.009	6.539E+00
9bk5A	8g4p-assembly1_D	2.169E-01	1.873E-01	9.979E-02	2.635E-01	0.009	8.448E+00
9bk5A	6pxr-assembly1_H	2.462E-01	1.931E-01	9.191E-02	2.415E-01	0.009	8.448E+00
9bk5A	8q68-assembly1_B	2.627E-01	1.800E-01	7.988E-02	2.473E-01	0.009	9.007E+00
9bk5A	5cex-assembly2_C	2.489E-01	1.935E-01	9.030E-02	2.307E-01	0.009	7.433E+00
9bk5A	2gsi-assembly4_H	2.468E-01	1.949E-01	8.955E-02	2.350E-01	0.009	8.448E+00
9bk5A	6hgu-assembly1_A	2.519E-01	2.027E-01	9.424E-02	2.029E-01	0.009	6.134E+00
9bk5A	3qq9-assembly2_D	2.515E-01	2.025E-01	9.423E-02	2.050E-01	0.009	5.753E+00
9bk5A	5vig-assembly2_A	2.784E-01	2.237E-01	1.104E-01	2.183E-01	0.009	7.924E+00
9bk5A	8y6i-assembly1_C	2.083E-01	1.625E-01	7.584E-02	2.010E-01	0.009	3.675E+00
9bk5A	6pis-assembly1_I	2.344E-01	1.964E-01	9.263E-02	2.057E-01	0.009	5.397E+00
9bk5A	7sfx-assembly2_B	2.139E-01	1.830E-01	9.436E-02	2.357E-01	0.009	5.753E+00
9bk5A	7bsc-assembly1_H	2.333E-01	1.820E-01	8.369E-02	2.330E-01	0.009	6.134E+00
9bk5A	7bsd-assembly2_H	2.334E-01	1.821E-01	8.408E-02	2.320E-01	0.009	6.539E+00
9bk5A	6fxn-assembly2_M	1.967E-01	1.762E-01	8.758E-02	2.411E-01	0.009	5.062E+00
9bk5A	6hgu-assembly2_H	2.528E-01	2.032E-01	9.364E-02	2.029E-01	0.009	6.134E+00
9bk5A	1nc4-assembly2_D	2.256E-01	1.832E-01	9.620E-02	2.075E-01	0.009	4.748E+00
9bk5A	4nhg-assembly1_A	2.437E-01	1.902E-01	9.374E-02	2.489E-01	0.009	7.924E+00
9bk5A	6pis-assembly1_H	2.340E-01	1.961E-01	9.219E-02	2.044E-01	0.009	5.397E+00
9bk5A	7te6-assembly1_C	2.489E-01	1.947E-01	9.097E-02	2.354E-01	0.009	8.448E+00
9bk5A	2y07-assembly1_H	2.474E-01	1.957E-01	9.396E-02	2.409E-01	0.009	7.924E+00
9bk5A	3ifp-assembly4_E	2.530E-01	1.971E-01	9.048E-02	2.428E-01	0.009	9.602E+00
9bk5A	3l7e-assembly1_H	2.722E-01	2.191E-01	9.786E-02	2.051E-01	0.009	6.972E+00
9bk5A	1ngx-assembly2_H	1.953E-01	1.712E-01	8.523E-02	2.503E-01	0.009	6.134E+00
9bk5A	5w24-assembly1_H	2.115E-01	1.678E-01	8.138E-02	2.314E-01	0.009	5.753E+00
9bk5A	6bpa-assembly1_B	2.239E-01	1.736E-01	8.160E-02	2.361E-01	0.009	6.539E+00
9bk5A	2ntt-assembly1_A	2.830E-01	2.096E-01	1.093E-01	2.349E-01	0.009	9.007E+00
9bk5A	2rcs-assembly1_H	2.123E-01	1.689E-01	8.042E-02	2.274E-01	0.009	5.397E+00
9bk5A	3b2u-assembly5_N	2.804E-01	2.280E-01	1.021E-01	2.460E-01	0.009	9.602E+00
9bk5A	8dfg-assembly1_H	2.576E-01	2.003E-01	8.987E-02	2.336E-01	0.009	9.602E+00
9bk5A	8gf2-assembly1_H	2.172E-01	2.000E-01	9.286E-02	2.412E-01	0.009	7.433E+00
9bk5A	7l02-assembly1_H	2.008E-01	1.556E-01	7.361E-02	2.220E-01	0.009	5.397E+00
9bk5A	7l7e-assembly4_I	2.347E-01	1.884E-01	8.797E-02	2.278E-01	0.009	6.972E+00
9bk5A	3lf3-assembly1_A	3.262E-01	1.702E-01	6.942E-02	2.006E-01	0.009	9.602E+00
9bk5A	7mwx-assembly2_E	2.125E-01	1.676E-01	7.786E-02	2.320E-01	0.009	6.539E+00
9bk5A	6ohg-assembly1_C	2.363E-01	1.936E-01	1.002E-01	2.159E-01	0.009	6.539E+00
9bk5A	5t4z-assembly2_A	2.408E-01	1.907E-01	8.855E-02	2.413E-01	0.009	9.007E+00
9bk5A	3j3o-assembly1_H	2.301E-01	1.856E-01	8.385E-02	2.328E-01	0.009	6.972E+00
9bk5A	5jdz-assembly1_B	1.558E-01	1.524E-01	8.200E-02	2.711E-01	0.009	4.748E+00
9bk5A	2iq9-assembly1_H	2.483E-01	2.007E-01	9.071E-02	2.293E-01	0.009	6.972E+00
9bk5A	2pw9-assembly2_C	2.101E-01	1.626E-01	8.508E-02	2.495E-01	0.009	6.972E+00
9bk5A	7q6b-assembly1_A	2.928E-01	1.716E-01	6.939E-02	2.108E-01	0.009	9.007E+00
9bk5A	6ddv-assembly1_B	2.350E-01	1.914E-01	8.753E-02	2.017E-01	0.009	4.748E+00
9bk5A	7ean-assembly1_H	2.165E-01	1.683E-01	8.633E-02	2.321E-01	0.009	6.972E+00
9bk5A	6zlr-assembly3_FFF	1.928E-01	1.458E-01	6.904E-02	2.100E-01	0.009	4.177E+00
9bk5A	8d01-assembly1_H	2.560E-01	2.156E-01	9.998E-02	2.161E-01	0.009	7.433E+00
9bk5A	8tfh-assembly1_H	2.075E-01	1.829E-01	8.515E-02	2.369E-01	0.009	5.753E+00
9bk5A	7cm4-assembly1_H	2.499E-01	2.014E-01	8.986E-02	2.037E-01	0.009	6.539E+00
9bk5A	6oz4-assembly1_H	2.095E-01	1.893E-01	8.768E-02	2.534E-01	0.009	6.972E+00
9bk5A	5gs2-assembly1_D	2.142E-01	1.722E-01	8.342E-02	2.238E-01	0.009	5.062E+00
9bk5A	7sbu-assembly1_H	2.320E-01	1.888E-01	8.172E-02	2.421E-01	0.009	7.433E+00
9bk5A	3idm-assembly1_B	2.539E-01	2.048E-01	9.016E-02	2.026E-01	0.009	6.972E+00
9bk5A	8uid-assembly1_D	2.249E-01	1.986E-01	8.805E-02	2.942E-01	0.009	9.602E+00
9bk5A	3aaz-assembly1_A	1.998E-01	1.495E-01	7.424E-02	2.066E-01	0.009	4.453E+00
9bk5A	6oan-assembly2_D	2.084E-01	1.613E-01	7.612E-02	1.974E-01	0.009	4.177E+00
9bk5A	8hp9-assembly1_I	2.311E-01	1.902E-01	8.657E-02	2.004E-01	0.009	5.753E+00
9bk5A	6sk6-assembly1_C	2.670E-01	2.193E-01	9.945E-02	1.994E-01	0.009	6.972E+00
9bk5A	5l6y-assembly1_H	2.106E-01	1.903E-01	9.165E-02	2.372E-01	0.009	6.134E+00
9bk5A	8jeq-assembly1_A	1.990E-01	1.877E-01	7.998E-02	2.307E-01	0.009	5.753E+00
9bk5A	8e8l-assembly1_3	2.615E-01	2.165E-01	9.683E-02	2.172E-01	0.009	7.433E+00
9bk5A	3myx-assembly2_B	2.312E-01	1.635E-01	6.780E-02	2.694E-01	0.009	8.448E+00
9bk5A	1r6l-assembly1_A	2.353E-01	1.884E-01	8.316E-02	2.596E-01	0.009	7.924E+00
9bk5A	4l3b-assembly1_C	2.814E-01	2.202E-01	9.196E-02	2.181E-01	0.009	9.007E+00
9bk5A	3mod-assembly1_H	2.438E-01	1.960E-01	8.423E-02	1.984E-01	0.009	5.753E+00
9bk5A	1d4m-assembly1_3	2.661E-01	2.172E-01	9.709E-02	2.103E-01	0.009	7.924E+00
9bk5A	4gb3-assembly1_3	2.682E-01	2.137E-01	9.417E-02	2.040E-01	0.009	7.433E+00
9bk5A	4lgw-assembly1_A	2.329E-01	2.057E-01	1.062E-01	2.985E-01	0.009	9.602E+00
9bk5A	1oop-assembly1_C	2.562E-01	2.043E-01	8.624E-02	2.210E-01	0.009	6.972E+00
9bk5A	4rqq-assembly3_D	2.175E-01	2.016E-01	9.708E-02	2.680E-01	0.009	7.433E+00
9bk5A	6aks-assembly1_C	2.653E-01	2.085E-01	8.947E-02	2.032E-01	0.009	7.433E+00
9bk5A	5hil-assembly1_A	2.357E-01	1.314E-01	5.675E-02	1.799E-01	0.009	4.177E+00
9bk5A	6iij-assembly1_C	2.699E-01	2.123E-01	9.322E-02	2.010E-01	0.009	6.539E+00
9bk5A	3px3-assembly1_D	2.268E-01	1.803E-01	8.145E-02	2.316E-01	0.009	6.539E+00
9bk5A	8tes-assembly1_T	2.154E-01	1.812E-01	8.419E-02	2.843E-01	0.009	8.448E+00
9bk5A	8gbw-assembly1_H	2.489E-01	2.027E-01	9.036E-02	2.076E-01	0.009	6.972E+00
9bk5A	4aed-assembly1_C	2.688E-01	2.197E-01	9.569E-02	2.113E-01	0.009	6.972E+00
9bk5A	8dy5-assembly2_B	2.560E-01	1.967E-01	8.285E-02	2.478E-01	0.009	9.602E+00
9bk5A	6aj0-assembly1_C	2.630E-01	2.078E-01	8.843E-02	2.036E-01	0.009	7.433E+00
9bk5A	7wg3-assembly1_I	2.805E-01	1.547E-01	5.725E-02	1.883E-01	0.009	6.134E+00
9bk5A	3w20-assembly1_B	2.074E-01	1.534E-01	7.767E-02	2.859E-01	0.009	9.007E+00
9bk5A	3w21-assembly1_B	2.048E-01	1.531E-01	7.745E-02	2.854E-01	0.009	7.924E+00
9bk5A	1udq-assembly1_A	2.302E-01	1.988E-01	8.147E-02	2.721E-01	0.009	9.602E+00
9bk5A	7zkg-assembly1_A	2.049E-01	1.532E-01	6.486E-02	1.999E-01	0.009	4.453E+00
9bk5A	4mvt-assembly1_A	1.936E-01	1.903E-01	8.488E-02	2.697E-01	0.009	5.753E+00
9bk5A	7bh8-assembly1_C	2.550E-01	1.872E-01	7.963E-02	2.508E-01	0.009	9.007E+00
9bk5A	7lz4-assembly4_D	2.192E-01	1.965E-01	9.302E-02	2.658E-01	0.009	8.448E+00
9bk5A	4qfw-assembly3_C	1.820E-01	1.770E-01	8.759E-02	2.814E-01	0.009	6.134E+00
9bk5A	5e8p-assembly2_D	2.546E-01	1.853E-01	8.208E-02	2.410E-01	0.009	8.448E+00
9bk5A	7tzl-assembly1_A	2.122E-01	1.704E-01	7.896E-02	2.502E-01	0.009	7.433E+00
9bk5A	6avg-assembly1_G	2.595E-01	1.834E-01	8.173E-02	2.550E-01	0.009	9.602E+00
9bk5A	1dml-assembly4_G	2.422E-01	2.320E-01	1.084E-01	2.648E-01	0.009	9.602E+00
9bk5A	8acv-assembly2_B	2.974E-01	2.129E-01	7.816E-02	2.220E-01	0.009	9.602E+00
9bk5A	7t0l-assembly2_D	2.543E-01	1.899E-01	8.112E-02	2.592E-01	0.009	9.007E+00
9bk5A	8us0-assembly1_P	1.948E-01	1.913E-01	7.496E-02	3.089E-01	0.009	7.924E+00
9bk5A	6hyq-assembly4_D	1.931E-01	1.892E-01	8.605E-02	2.459E-01	0.009	5.062E+00
9bk5A	5jca-assembly1_S	2.274E-01	1.895E-01	8.389E-02	2.717E-01	0.009	8.448E+00
9bk5A	6umx-assembly1_A	1.645E-01	1.588E-01	7.493E-02	2.476E-01	0.009	3.447E+00
9bk5A	6f39-assembly1_B	2.010E-01	1.861E-01	7.982E-02	2.325E-01	0.009	5.753E+00
9bk5A	4mzu-assembly1_D	2.158E-01	2.085E-01	6.761E-02	2.665E-01	0.009	6.972E+00
9bk5A	7qte-assembly1_B	2.309E-01	2.231E-01	7.560E-02	2.700E-01	0.009	8.448E+00
9bk5A	2xh6-assembly1_A	2.418E-01	1.860E-01	6.607E-02	2.315E-01	0.009	7.433E+00
9bk5A	1yjl-assembly1_A	2.536E-01	2.064E-01	7.695E-02	2.152E-01	0.009	7.433E+00
9bk5A	6mbh-assembly1_A	1.828E-01	1.753E-01	7.522E-02	2.278E-01	0.009	3.675E+00
9bk5A	3s40-assembly5_C	3.095E-01	1.984E-01	7.032E-02	2.109E-01	0.009	9.602E+00
9bk5A	4rqy-assembly2_B	2.615E-01	1.729E-01	6.199E-02	2.142E-01	0.009	8.448E+00
9bk5A	6tsl-assembly1_AAA-2	3.004E-01	2.114E-01	7.367E-02	2.296E-01	0.009	9.602E+00
9bk5A	9bou-assembly1_A	2.369E-01	2.315E-01	7.395E-02	2.609E-01	0.009	9.007E+00
9bk5A	7w4t-assembly1_A-3	2.181E-01	1.953E-01	6.686E-02	2.539E-01	0.009	7.924E+00
9bk5A	5hly-assembly1_A-2	2.643E-01	2.140E-01	7.132E-02	2.317E-01	0.009	7.924E+00
9bk5A	2r6s-assembly1_A	2.569E-01	2.506E-01	7.188E-02	2.394E-01	0.009	9.602E+00
9bk5A	6nck-assembly1_A	2.366E-01	1.837E-01	6.653E-02	2.237E-01	0.009	7.433E+00
9bk5A	6s9f-assembly2_B	2.797E-01	1.909E-01	7.262E-02	2.362E-01	0.009	9.602E+00
9bk5A	4f3z-assembly1_C	1.966E-01	1.748E-01	7.004E-02	2.570E-01	0.009	6.972E+00
9bk5A	3mxa-assembly1_A	2.170E-01	1.877E-01	6.902E-02	3.171E-01	0.009	9.602E+00
9bk5A	5k1c-assembly1_A	2.075E-01	1.595E-01	8.213E-02	2.316E-01	0.009	6.134E+00
9bk5A	3mtn-assembly2_C	2.843E-01	1.758E-01	7.777E-02	2.329E-01	0.009	9.602E+00
9bk5A	4qqv-assembly2_D	3.379E-01	1.696E-01	5.684E-02	1.784E-01	0.009	7.924E+00
9bk5A	3ubn-assembly2_K	2.213E-01	1.978E-01	6.376E-02	2.613E-01	0.009	8.448E+00
9bk5A	2dck-assembly1_A	2.589E-01	2.022E-01	6.341E-02	2.268E-01	0.009	9.007E+00
9bk5A	7x6o-assembly1_F	1.851E-01	1.843E-01	7.002E-02	3.078E-01	0.009	8.448E+00
9bk5A	9bt8-assembly1_B	2.016E-01	1.453E-01	5.170E-02	1.874E-01	0.009	3.675E+00
9bk5A	7k0z-assembly2_A	2.437E-01	1.970E-01	6.912E-02	2.068E-01	0.009	5.753E+00
9bk5A	6lvs-assembly4_D	3.163E-01	1.635E-01	5.603E-02	1.919E-01	0.009	8.448E+00
9bk5A	8e1i-assembly1_A	2.414E-01	1.438E-01	5.581E-02	2.464E-01	0.009	8.448E+00
9bk5A	8t85-assembly1_A	1.851E-01	1.441E-01	5.427E-02	2.619E-01	0.009	5.753E+00
9bk5A	5tv1-assembly1_A	2.261E-01	1.531E-01	5.402E-02	1.957E-01	0.009	4.453E+00
9bk5A	4dqn-assembly1_A-2	2.080E-01	1.668E-01	6.180E-02	2.426E-01	0.009	6.134E+00
9bk5A	4yrd-assembly1_A	2.251E-01	1.696E-01	5.171E-02	2.531E-01	0.009	8.448E+00
9bk5A	4m44-assembly1_E	2.550E-01	2.041E-01	7.172E-02	2.113E-01	0.009	6.539E+00
9bk5A	6deg-assembly1_A	2.256E-01	2.175E-01	7.076E-02	2.494E-01	0.009	8.448E+00
9bk5A	7dfb-assembly1_A	2.545E-01	1.741E-01	5.010E-02	2.245E-01	0.009	6.972E+00
9bk5A	5e1r-assembly1_A	2.639E-01	1.830E-01	5.617E-02	2.626E-01	0.009	9.602E+00
9bk5A	1ipj-assembly1_A	2.423E-01	1.644E-01	3.919E-02	1.912E-01	0.009	4.748E+00
9bk5A	3i27-assembly2_C	2.254E-01	1.544E-01	3.925E-02	2.241E-01	0.009	5.753E+00
9bk5A	7dfc-assembly1_A	2.278E-01	1.725E-01	4.859E-02	2.180E-01	0.009	6.539E+00
9bk5A	6qcc-assembly1_A	2.431E-01	1.706E-01	4.489E-02	2.220E-01	0.009	7.924E+00
9bk5A	6lgw-assembly2_F	2.157E-01	2.100E-01	6.255E-02	2.636E-01	0.009	7.433E+00
9bk5A	5tsh-assembly1_F	2.231E-01	1.902E-01	5.093E-02	2.964E-01	0.009	9.007E+00
9bk5A	4csw-assembly1_A	2.724E-01	2.265E-01	7.334E-02	2.211E-01	0.009	8.448E+00
9bk5A	7k5z-assembly1_C	2.690E-01	2.025E-01	4.451E-02	2.496E-01	0.009	9.602E+00
9bk5A	7k7t-assembly1_A	2.245E-01	1.764E-01	5.526E-02	2.417E-01	0.009	6.972E+00
9bk5A	1olm-assembly3_E	2.606E-01	1.991E-01	5.379E-02	2.329E-01	0.009	8.448E+00
9bk5A	5i2s-assembly1_A	2.067E-01	1.660E-01	4.439E-02	2.180E-01	0.009	4.453E+00
9bk5A	5ix1-assembly1_A	2.265E-01	1.782E-01	5.479E-02	2.727E-01	0.009	7.924E+00
9bk5A	8qn5-assembly3_C	1.652E-01	1.597E-01	4.736E-02	2.301E-01	0.009	3.675E+00
9bk5A	8qn5-assembly4_D	1.955E-01	2.003E-01	6.158E-02	2.341E-01	0.009	5.062E+00
9bk5A	8btk-assembly1_SX	2.583E-01	1.831E-01	4.980E-02	2.596E-01	0.009	9.602E+00
9bk5A	3rv7-assembly3_C	1.612E-01	1.561E-01	5.488E-02	2.479E-01	0.009	4.177E+00
9bk5A	6z0u-assembly1_A	2.367E-01	2.117E-01	4.749E-02	2.458E-01	0.009	9.007E+00
9bk5A	6hqj-assembly1_A	1.862E-01	1.465E-01	4.847E-02	2.180E-01	0.009	3.918E+00
9bk5A	7uab-assembly1_A	2.371E-01	1.856E-01	4.195E-02	2.263E-01	0.009	6.539E+00
9bk5A	7kna-assembly1_A	2.202E-01	1.988E-01	4.650E-02	2.694E-01	0.009	8.448E+00
9bk5A	1cwv-assembly1_A	2.888E-01	1.589E-01	4.019E-02	1.945E-01	0.009	7.433E+00
9bk5A	7uac-assembly1_H	1.905E-01	1.851E-01	4.920E-02	2.265E-01	0.009	4.453E+00
9bk5A	6xxw-assembly1_A	2.152E-01	1.959E-01	5.484E-02	2.967E-01	0.009	9.007E+00
9bk5A	8h3u-assembly1_A	2.221E-01	1.625E-01	3.123E-02	2.110E-01	0.009	5.753E+00
9bk5A	8xen-assembly1_B	2.077E-01	1.613E-01	3.802E-02	2.824E-01	0.009	8.448E+00
9bk5A	8ohx-assembly1_AAA	1.681E-01	1.423E-01	4.637E-02	2.670E-01	0.009	5.397E+00
9bk5A	4jhz-assembly1_A	1.916E-01	1.662E-01	4.870E-02	2.850E-01	0.009	6.972E+00
9bk5A	6ld0-assembly1_A	1.936E-01	1.663E-01	4.746E-02	2.756E-01	0.009	7.433E+00
9bk5A	4n2d-assembly1_A-2	2.174E-01	1.627E-01	3.277E-02	2.682E-01	0.009	8.448E+00
9bk5A	8pxu-assembly2_B	1.936E-01	1.646E-01	3.834E-02	2.362E-01	0.009	5.062E+00
9bk5A	4n26-assembly1_A	2.145E-01	1.606E-01	3.149E-02	2.654E-01	0.009	8.448E+00
9bk5A	8dhe-assembly1_C	2.293E-01	1.469E-01	2.793E-02	1.829E-01	0.009	4.177E+00
9bk5A	6sg9-assembly1_DB	2.847E-01	1.722E-01	3.861E-02	2.378E-01	0.009	9.602E+00
9bk5A	6i59-assembly1_A	2.222E-01	2.142E-01	4.967E-02	2.751E-01	0.009	9.602E+00
9bk5A	6ik8-assembly1_B	2.466E-01	2.214E-01	3.786E-02	2.118E-01	0.009	7.433E+00
9bk5A	5euv-assembly1_B	1.957E-01	1.793E-01	4.178E-02	3.096E-01	0.009	9.602E+00
9bk5A	8uid-assembly1_C	1.899E-01	1.623E-01	4.084E-02	2.421E-01	0.009	4.748E+00
9bk5A	5t98-assembly2_B	1.985E-01	1.766E-01	4.176E-02	2.921E-01	0.009	7.433E+00
9bk5A	2wjy-assembly1_A	3.201E-01	1.840E-01	3.077E-02	2.073E-01	0.009	9.602E+00
9bk5A	5x71-assembly1_A	1.929E-01	1.883E-01	3.530E-02	2.379E-01	0.009	4.748E+00
9bk5A	5tqp-assembly2_B	1.749E-01	1.593E-01	3.381E-02	2.382E-01	0.009	4.453E+00
9bk5A	8fk4-assembly6_F	2.735E-01	2.565E-01	3.719E-02	2.452E-01	0.009	9.602E+00
9bk5A	8u01-assembly1_A	2.071E-01	1.806E-01	3.399E-02	2.950E-01	0.009	8.448E+00
9bk5A	2xvg-assembly1_A	2.588E-01	1.959E-01	2.319E-02	1.719E-01	0.009	5.062E+00
9bk5A	6fhj-assembly1_A	2.301E-01	1.715E-01	2.442E-02	2.201E-01	0.009	6.539E+00
9bk5A	8w7n-assembly1_A	2.765E-01	2.494E-01	2.921E-02	2.417E-01	0.009	9.602E+00
9bk5A	7brs-assembly4_D	2.083E-01	1.828E-01	3.193E-02	2.889E-01	0.009	9.602E+00
9bk5A	8an2-assembly1_AAA	2.581E-01	1.854E-01	2.618E-02	2.465E-01	0.009	8.448E+00
9bk5A	5a56-assembly1_A	1.982E-01	1.575E-01	2.188E-02	2.200E-01	0.009	5.062E+00
9bk5A	8xi2-assembly1_Q	2.120E-01	2.006E-01	2.929E-02	2.866E-01	0.009	8.448E+00
9bk5A	6tav-assembly1_A	3.076E-01	1.990E-01	1.728E-02	2.085E-01	0.009	9.007E+00
9bk5A	7sqc-assembly1_1D	2.681E-01	1.863E-01	1.522E-02	2.411E-01	0.009	9.602E+00
9bk5A	8atm-assembly1_A	2.418E-01	1.803E-01	1.169E-02	2.507E-01	0.009	7.924E+00
9bk5A	8ato-assembly1_A	2.437E-01	1.746E-01	8.952E-03	2.470E-01	0.009	8.448E+00
9bk5A	7unv-assembly1_5	2.621E-01	1.196E-01	1.660E-01	1.905E-01	0.008	7.433E+00
9bk5A	9d93-assembly1_Kb	2.577E-01	1.626E-01	1.568E-01	2.081E-01	0.008	7.924E+00
9bk5A	4jut-assembly2_G	2.145E-01	2.044E-01	1.970E-01	2.624E-01	0.008	9.602E+00
9bk5A	4jus-assembly2_G	2.434E-01	1.867E-01	1.785E-01	2.146E-01	0.008	9.602E+00
9bk5A	4jut-assembly2_H	1.830E-01	1.739E-01	1.598E-01	2.664E-01	0.008	6.972E+00
9bk5A	6j2z-assembly1_G	2.129E-01	1.634E-01	1.484E-01	2.060E-01	0.008	6.539E+00
9bk5A	4jus-assembly1_B	2.118E-01	2.022E-01	1.838E-01	2.624E-01	0.008	9.007E+00
9bk5A	2ego-assembly1_B	1.965E-01	1.482E-01	1.357E-01	2.609E-01	0.008	9.007E+00
9bk5A	2fqp-assembly2_C	2.043E-01	1.396E-01	1.171E-01	2.097E-01	0.008	6.972E+00
9bk5A	3lag-assembly1_A	2.243E-01	1.722E-01	1.479E-01	1.831E-01	0.008	5.062E+00
9bk5A	1nqj-assembly1_A	2.344E-01	1.910E-01	1.667E-01	2.240E-01	0.008	9.007E+00
9bk5A	8rdj-assembly1_T	2.026E-01	1.992E-01	1.643E-01	2.360E-01	0.008	8.448E+00
9bk5A	3hqx-assembly1_A-2	2.093E-01	1.387E-01	1.150E-01	2.221E-01	0.008	7.924E+00
9bk5A	5sv5-assembly1_A	1.838E-01	1.426E-01	1.161E-01	1.918E-01	0.008	3.918E+00
9bk5A	7tps-assembly1_A	2.157E-01	1.779E-01	1.392E-01	2.415E-01	0.008	8.448E+00
9bk5A	5wsf-assembly2_C	2.167E-01	1.569E-01	1.198E-01	2.420E-01	0.008	9.007E+00
9bk5A	8fyh-assembly1_L	1.999E-01	1.415E-01	1.121E-01	2.434E-01	0.008	6.972E+00
9bk5A	7a02-assembly1_A	1.873E-01	1.697E-01	1.348E-01	2.581E-01	0.008	6.539E+00
9bk5A	6cde-assembly1_h	2.075E-01	1.639E-01	1.260E-01	1.830E-01	0.008	5.397E+00
9bk5A	5b21-assembly1_B	2.300E-01	2.064E-01	1.529E-01	2.352E-01	0.008	9.007E+00
9bk5A	7par-assembly1_o	2.657E-01	1.620E-01	1.175E-01	2.093E-01	0.008	9.602E+00
9bk5A	6a3w-assembly4_J	2.231E-01	1.991E-01	1.504E-01	2.377E-01	0.008	7.924E+00
9bk5A	7ezv-assembly1_H	2.296E-01	1.786E-01	1.348E-01	2.339E-01	0.008	7.924E+00
9bk5A	1jhl-assembly1_H	2.329E-01	1.978E-01	1.550E-01	2.173E-01	0.008	8.448E+00
9bk5A	8vba-assembly1_H	2.161E-01	1.704E-01	1.296E-01	2.336E-01	0.008	7.433E+00
9bk5A	6x3u-assembly1_J	2.161E-01	1.653E-01	1.269E-01	2.305E-01	0.008	6.972E+00
9bk5A	8e1c-assembly1_A	2.124E-01	1.737E-01	1.338E-01	1.908E-01	0.008	5.397E+00
9bk5A	8jqs-assembly1_H	2.137E-01	1.968E-01	1.498E-01	2.371E-01	0.008	8.448E+00
9bk5A	7neq-assembly1_D	2.192E-01	1.691E-01	1.256E-01	1.919E-01	0.008	6.539E+00
9bk5A	7yvp-assembly1_L	2.278E-01	1.874E-01	1.397E-01	1.895E-01	0.008	6.134E+00
9bk5A	9bge-assembly1_D	2.139E-01	1.938E-01	1.489E-01	2.412E-01	0.008	7.433E+00
9bk5A	3iy3-assembly1_B	2.457E-01	2.021E-01	1.550E-01	2.157E-01	0.008	9.007E+00
9bk5A	6p79-assembly1_H	2.007E-01	1.569E-01	1.174E-01	2.272E-01	0.008	6.134E+00
9bk5A	4zbh-assembly1_A	3.116E-01	1.515E-01	1.119E-01	1.890E-01	0.008	9.602E+00
9bk5A	7k4n-assembly1_H	2.056E-01	1.864E-01	1.368E-01	2.350E-01	0.008	8.448E+00
9bk5A	7upb-assembly1_H	2.265E-01	1.765E-01	1.293E-01	2.367E-01	0.008	8.448E+00
9bk5A	7kn5-assembly1_E	2.216E-01	1.720E-01	1.270E-01	2.439E-01	0.008	9.007E+00
9bk5A	7yvo-assembly1_M	2.410E-01	1.964E-01	1.432E-01	2.024E-01	0.008	7.433E+00
9bk5A	8cce-assembly1_A	2.278E-01	2.217E-01	1.658E-01	2.439E-01	0.008	9.602E+00
9bk5A	7xj8-assembly1_K	2.114E-01	1.618E-01	1.174E-01	2.157E-01	0.008	7.433E+00
9bk5A	3db0-assembly1_B	2.231E-01	1.957E-01	1.422E-01	2.296E-01	0.008	8.448E+00
9bk5A	7rq6-assembly1_J	2.138E-01	1.658E-01	1.178E-01	1.910E-01	0.008	5.753E+00
9bk5A	3o5f-assembly1_A	2.302E-01	2.241E-01	1.716E-01	2.462E-01	0.008	9.007E+00
9bk5A	7sk8-assembly1_F	2.047E-01	1.476E-01	1.095E-01	2.132E-01	0.008	5.753E+00
9bk5A	7rxc-assembly1_N	2.171E-01	1.697E-01	1.209E-01	2.054E-01	0.008	5.753E+00
9bk5A	6nf5-assembly1_H	2.552E-01	2.036E-01	1.408E-01	2.011E-01	0.008	7.924E+00
9bk5A	4qb1-assembly1_A	2.647E-01	2.001E-01	1.360E-01	2.212E-01	0.008	9.602E+00
9bk5A	7mxe-assembly1_R	2.282E-01	1.848E-01	1.294E-01	1.825E-01	0.008	5.753E+00
9bk5A	8tkc-assembly1_K	2.216E-01	1.701E-01	1.184E-01	1.882E-01	0.008	6.539E+00
9bk5A	7tok-assembly2_B	1.613E-01	1.575E-01	1.167E-01	2.403E-01	0.008	4.177E+00
9bk5A	7ur6-assembly1_J	2.221E-01	1.807E-01	1.296E-01	1.913E-01	0.008	5.753E+00
9bk5A	6fcz-assembly1_A	1.956E-01	1.525E-01	1.040E-01	2.129E-01	0.008	6.539E+00
9bk5A	6xri-assembly4_H	2.095E-01	1.765E-01	1.063E-01	2.271E-01	0.008	7.924E+00
9bk5A	8ilu-assembly1_B	2.610E-01	1.486E-01	9.294E-02	1.713E-01	0.008	6.972E+00
9bk5A	4lbl-assembly1_A	2.077E-01	1.506E-01	9.699E-02	1.817E-01	0.008	4.453E+00
9bk5A	1znp-assembly4_D	2.413E-01	1.839E-01	1.160E-01	1.802E-01	0.008	6.134E+00
9bk5A	6v3a-assembly1_g	2.268E-01	1.718E-01	1.062E-01	2.130E-01	0.008	8.448E+00
9bk5A	3tgv-assembly2_D	2.589E-01	1.592E-01	1.022E-01	1.962E-01	0.008	7.924E+00
9bk5A	3gg6-assembly1_A	2.239E-01	1.659E-01	1.156E-01	2.358E-01	0.008	7.924E+00
9bk5A	8tni-assembly1_X	1.945E-01	1.716E-01	1.161E-01	2.371E-01	0.008	6.539E+00
9bk5A	1dg6-assembly1_A	1.845E-01	1.783E-01	1.160E-01	2.106E-01	0.008	4.453E+00
9bk5A	7d80-assembly1_H	2.135E-01	1.743E-01	1.114E-01	2.484E-01	0.008	7.924E+00
9bk5A	5lzd-assembly1_g	2.386E-01	1.446E-01	9.103E-02	2.293E-01	0.008	9.602E+00
9bk5A	1du3-assembly2_J	2.060E-01	1.593E-01	1.059E-01	1.980E-01	0.008	5.753E+00
9bk5A	6maq-assembly1_B	2.101E-01	1.687E-01	1.075E-01	2.647E-01	0.008	8.448E+00
9bk5A	7asp-assembly1_p	1.868E-01	1.173E-01	8.752E-02	2.310E-01	0.008	6.134E+00
9bk5A	3f59-assembly4_D	2.195E-01	1.732E-01	1.210E-01	2.340E-01	0.008	9.007E+00
9bk5A	6o8y-assembly1_g	2.312E-01	1.807E-01	1.183E-01	2.317E-01	0.008	8.448E+00
9bk5A	8uu4-assembly1_g	2.018E-01	1.636E-01	1.076E-01	2.684E-01	0.008	9.007E+00
9bk5A	6wua-assembly1_g	2.204E-01	1.834E-01	1.213E-01	2.188E-01	0.008	6.972E+00
9bk5A	6gzq-assembly1_G2	2.398E-01	1.715E-01	1.183E-01	2.350E-01	0.008	9.007E+00
9bk5A	7p48-assembly1_g	2.135E-01	1.495E-01	1.043E-01	2.522E-01	0.008	8.448E+00
9bk5A	3nru-assembly4_D	2.622E-01	1.923E-01	1.034E-01	2.011E-01	0.008	9.602E+00
9bk5A	6h58-assembly1_gg	1.902E-01	1.652E-01	1.099E-01	2.333E-01	0.008	7.433E+00
9bk5A	1xja-assembly3_E-2	1.845E-01	1.434E-01	8.609E-02	2.744E-01	0.008	8.448E+00
9bk5A	2fg9-assembly1_A	2.409E-01	1.362E-01	8.817E-02	2.281E-01	0.008	9.602E+00
9bk5A	1mh5-assembly1_B	2.215E-01	1.789E-01	1.004E-01	2.130E-01	0.008	7.924E+00
9bk5A	3qs2-assembly1_B	1.889E-01	1.825E-01	1.101E-01	2.733E-01	0.008	9.007E+00
9bk5A	5u58-assembly1_D	1.751E-01	1.580E-01	9.514E-02	2.307E-01	0.008	6.134E+00
9bk5A	7kjp-assembly1_A	2.541E-01	2.111E-01	1.204E-01	2.182E-01	0.008	8.448E+00
9bk5A	4gg6-assembly1_G	2.407E-01	1.838E-01	1.037E-01	2.197E-01	0.008	9.007E+00
9bk5A	2hqj-assembly1_A	2.232E-01	1.916E-01	1.053E-01	2.267E-01	0.008	7.924E+00
9bk5A	5msh-assembly1_A	1.891E-01	1.785E-01	8.827E-02	2.234E-01	0.008	5.062E+00
9bk5A	8rlv-assembly1_D	1.962E-01	1.497E-01	8.337E-02	2.149E-01	0.008	6.539E+00
9bk5A	4adf-assembly1_C	1.921E-01	1.703E-01	9.690E-02	2.489E-01	0.008	7.433E+00
9bk5A	6m1s-assembly1_A	2.257E-01	2.154E-01	1.243E-01	2.423E-01	0.008	9.007E+00
9bk5A	6g9q-assembly1_G	2.187E-01	1.670E-01	8.887E-02	2.191E-01	0.008	8.448E+00
9bk5A	5ms1-assembly1_A	1.886E-01	1.781E-01	8.584E-02	2.228E-01	0.008	5.062E+00
9bk5A	4c47-assembly1_B	2.039E-01	1.587E-01	7.989E-02	1.991E-01	0.008	5.062E+00
9bk5A	4hz5-assembly4_D	2.108E-01	1.872E-01	1.035E-01	2.448E-01	0.008	9.602E+00
9bk5A	3jw6-assembly1_A	2.090E-01	2.004E-01	1.057E-01	2.634E-01	0.008	9.007E+00
9bk5A	7byd-assembly1_D	1.963E-01	1.579E-01	8.122E-02	2.546E-01	0.008	7.433E+00
9bk5A	7n5c-assembly1_D	2.519E-01	1.934E-01	9.632E-02	2.315E-01	0.008	9.602E+00
9bk5A	3rzl-assembly1_A	2.127E-01	2.044E-01	1.057E-01	2.555E-01	0.008	8.448E+00
9bk5A	6xqp-assembly2_G	1.983E-01	1.525E-01	8.320E-02	2.101E-01	0.008	6.539E+00
9bk5A	5a33-assembly1_A	1.921E-01	1.813E-01	8.216E-02	2.247E-01	0.008	5.397E+00
9bk5A	4ri0-assembly1_C	2.069E-01	1.528E-01	8.580E-02	2.234E-01	0.008	6.972E+00
9bk5A	6z0e-assembly1_A	2.558E-01	1.791E-01	9.194E-02	2.135E-01	0.008	9.602E+00
9bk5A	3he7-assembly1_C	2.321E-01	1.803E-01	8.990E-02	2.228E-01	0.008	9.007E+00
9bk5A	6a99-assembly2_D	2.237E-01	1.685E-01	8.312E-02	2.300E-01	0.008	8.448E+00
9bk5A	3dx9-assembly2_C	2.306E-01	1.684E-01	8.850E-02	2.260E-01	0.008	7.924E+00
9bk5A	6a92-assembly1_A	2.196E-01	1.685E-01	8.316E-02	2.145E-01	0.008	6.972E+00
9bk5A	6a98-assembly2_D	2.298E-01	1.694E-01	8.388E-02	2.173E-01	0.008	9.007E+00
9bk5A	6dfq-assembly1_E	2.354E-01	1.900E-01	9.657E-02	2.285E-01	0.008	7.924E+00
9bk5A	1kkc-assembly1_B	2.076E-01	1.772E-01	9.932E-02	2.767E-01	0.008	9.007E+00
9bk5A	4ozi-assembly2_E	2.279E-01	1.916E-01	1.046E-01	2.614E-01	0.008	9.602E+00
9bk5A	3vxu-assembly1_D	2.038E-01	1.637E-01	8.344E-02	2.463E-01	0.008	8.448E+00
9bk5A	5wps-assembly1_A-2	2.173E-01	1.608E-01	8.271E-02	2.123E-01	0.008	6.539E+00
9bk5A	4zd3-assembly1_H	2.024E-01	1.885E-01	9.590E-02	2.448E-01	0.008	9.007E+00
9bk5A	6dfq-assembly3_C	2.336E-01	1.876E-01	9.577E-02	2.205E-01	0.008	9.602E+00
9bk5A	6j03-assembly1_A-2	2.177E-01	1.684E-01	8.229E-02	2.379E-01	0.008	9.602E+00
9bk5A	1mi5-assembly1_D	2.473E-01	1.890E-01	9.495E-02	2.117E-01	0.008	9.007E+00
9bk5A	7u63-assembly1_H	2.066E-01	1.613E-01	7.878E-02	2.117E-01	0.008	6.972E+00
9bk5A	4biq-assembly1_C	2.742E-01	2.184E-01	1.112E-01	2.043E-01	0.008	9.602E+00
9bk5A	6fr5-assembly1_A	2.200E-01	1.711E-01	9.083E-02	2.322E-01	0.008	7.433E+00
9bk5A	4huh-assembly1_C	2.339E-01	2.108E-01	1.066E-01	2.475E-01	0.008	9.602E+00
9bk5A	3mh5-assembly2_B	2.651E-01	1.398E-01	6.854E-02	1.777E-01	0.008	6.972E+00
9bk5A	3jvb-assembly1_A	2.582E-01	1.979E-01	9.216E-02	2.319E-01	0.008	9.602E+00
9bk5A	5fhc-assembly1_B	2.488E-01	1.823E-01	9.793E-02	2.360E-01	0.008	9.602E+00
9bk5A	8s4k-assembly1_H	1.954E-01	1.667E-01	8.395E-02	2.322E-01	0.008	6.134E+00
9bk5A	7cmm-assembly1_A	2.244E-01	1.578E-01	7.354E-02	2.265E-01	0.008	9.007E+00
9bk5A	9dfd-assembly2_2d	1.901E-01	1.567E-01	7.380E-02	2.787E-01	0.008	8.448E+00
9bk5A	8g19-assembly1_L	2.421E-01	1.837E-01	8.795E-02	2.374E-01	0.008	9.602E+00
9bk5A	7mmo-assembly2_D	2.315E-01	1.857E-01	9.186E-02	2.003E-01	0.008	6.539E+00
9bk5A	3qg6-assembly2_H	2.333E-01	1.835E-01	8.703E-02	2.310E-01	0.008	9.007E+00
9bk5A	7s8g-assembly1_h	2.442E-01	1.891E-01	8.941E-02	2.391E-01	0.008	9.602E+00
9bk5A	1uz6-assembly1_F	2.227E-01	1.692E-01	8.090E-02	1.888E-01	0.008	6.539E+00
9bk5A	7re9-assembly1_H	2.009E-01	1.521E-01	7.397E-02	2.073E-01	0.008	6.539E+00
9bk5A	7x8t-assembly2_E	1.922E-01	1.653E-01	8.496E-02	2.088E-01	0.008	5.397E+00
9bk5A	3cvh-assembly2_Q	2.096E-01	1.866E-01	9.255E-02	2.421E-01	0.008	7.924E+00
9bk5A	4fqq-assembly2_C	2.041E-01	1.777E-01	1.010E-01	2.370E-01	0.008	8.448E+00
9bk5A	5iie-assembly2_A	2.313E-01	1.802E-01	8.538E-02	1.926E-01	0.008	6.972E+00
9bk5A	7re9-assembly2_A	1.981E-01	1.585E-01	7.529E-02	2.062E-01	0.008	6.134E+00
9bk5A	4rgn-assembly2_F	2.035E-01	1.839E-01	8.828E-02	2.280E-01	0.008	7.433E+00
9bk5A	8t7f-assembly1_G	2.254E-01	1.826E-01	9.488E-02	2.129E-01	0.008	6.539E+00
9bk5A	6vy4-assembly1_L	2.120E-01	1.732E-01	9.606E-02	2.476E-01	0.008	9.007E+00
9bk5A	6x9x-assembly1_A-2	2.178E-01	1.902E-01	9.737E-02	2.373E-01	0.008	9.007E+00
9bk5A	5xqw-assembly1_H	2.007E-01	1.669E-01	8.449E-02	1.952E-01	0.008	5.753E+00
9bk5A	3eyf-assembly2_D	2.371E-01	1.866E-01	8.899E-02	2.324E-01	0.008	9.602E+00
9bk5A	6eyn-assembly1_H	2.007E-01	1.582E-01	7.473E-02	2.081E-01	0.008	5.753E+00
9bk5A	5ifh-assembly1_L	2.196E-01	1.797E-01	9.160E-02	2.468E-01	0.008	9.007E+00
9bk5A	4am0-assembly3_E	2.448E-01	1.942E-01	9.389E-02	2.342E-01	0.008	9.007E+00
9bk5A	8cbp-assembly1_A	2.041E-01	1.680E-01	9.270E-02	2.764E-01	0.008	9.007E+00
9bk5A	7mmo-assembly1_A	2.310E-01	1.853E-01	9.071E-02	2.006E-01	0.008	6.539E+00
9bk5A	6s3d-assembly4_H	2.351E-01	1.903E-01	9.262E-02	2.036E-01	0.008	6.972E+00
9bk5A	6svl-assembly1_A	2.112E-01	1.640E-01	8.357E-02	2.310E-01	0.008	8.448E+00
9bk5A	8tjt-assembly2_B	2.374E-01	1.837E-01	8.409E-02	2.288E-01	0.008	8.448E+00
9bk5A	8vgj-assembly1_F	2.265E-01	1.759E-01	8.227E-02	2.286E-01	0.008	7.433E+00
9bk5A	6wqo-assembly2_E	2.100E-01	1.679E-01	8.161E-02	2.045E-01	0.008	6.972E+00
9bk5A	7l15-assembly1_A	2.345E-01	1.899E-01	9.277E-02	2.101E-01	0.008	8.448E+00
9bk5A	4m6n-assembly1_H	2.195E-01	1.954E-01	9.364E-02	2.346E-01	0.008	7.433E+00
9bk5A	2vq1-assembly1_B	2.179E-01	1.673E-01	8.854E-02	1.971E-01	0.008	5.753E+00
9bk5A	4yr6-assembly2_D	2.433E-01	1.939E-01	8.958E-02	2.065E-01	0.008	6.972E+00
9bk5A	5mp1-assembly1_C	2.189E-01	1.781E-01	8.508E-02	2.285E-01	0.008	7.433E+00
9bk5A	4zso-assembly2_F	2.593E-01	2.203E-01	1.074E-01	2.274E-01	0.008	9.602E+00
9bk5A	4c83-assembly2_A	2.419E-01	1.881E-01	8.985E-02	2.206E-01	0.008	8.448E+00
9bk5A	6m87-assembly3_F	1.840E-01	1.461E-01	7.125E-02	2.115E-01	0.008	5.753E+00
9bk5A	8q68-assembly1_A	2.230E-01	1.567E-01	6.976E-02	2.312E-01	0.008	9.602E+00
9bk5A	6ddm-assembly1_B	1.948E-01	1.746E-01	8.745E-02	2.475E-01	0.008	8.448E+00
9bk5A	3ifo-assembly2_A	2.348E-01	1.895E-01	8.889E-02	2.021E-01	0.008	7.924E+00
9bk5A	5mvj-assembly4_E	2.150E-01	1.692E-01	7.965E-02	2.329E-01	0.008	7.924E+00
9bk5A	5nbw-assembly2_B	2.213E-01	1.706E-01	8.105E-02	2.338E-01	0.008	7.433E+00
9bk5A	6ol6-assembly1_A	2.272E-01	1.792E-01	8.494E-02	2.065E-01	0.008	6.539E+00
9bk5A	4plj-assembly1_D	1.947E-01	1.723E-01	8.124E-02	2.285E-01	0.008	5.753E+00
9bk5A	7rco-assembly1_F	2.456E-01	1.901E-01	9.003E-02	2.311E-01	0.008	9.602E+00
9bk5A	7v3q-assembly2_D	2.304E-01	1.926E-01	1.026E-01	2.167E-01	0.008	7.433E+00
9bk5A	5w06-assembly1_H	2.042E-01	1.857E-01	9.366E-02	2.485E-01	0.008	7.433E+00
9bk5A	4web-assembly1_H	2.104E-01	1.669E-01	8.050E-02	2.315E-01	0.008	6.972E+00
9bk5A	6wt3-assembly1_H	2.257E-01	1.862E-01	9.228E-02	2.091E-01	0.008	6.972E+00
9bk5A	5eoq-assembly1_H	2.519E-01	2.028E-01	9.284E-02	2.044E-01	0.008	9.602E+00
9bk5A	6tcq-assembly1_H	2.184E-01	1.810E-01	8.538E-02	2.004E-01	0.008	5.753E+00
9bk5A	1h8s-assembly1_A	1.985E-01	1.805E-01	9.589E-02	2.364E-01	0.008	6.972E+00
9bk5A	4qti-assembly1_H	2.171E-01	1.695E-01	8.677E-02	2.324E-01	0.008	7.433E+00
9bk5A	1uyw-assembly2_M	2.340E-01	1.889E-01	8.696E-02	2.024E-01	0.008	7.433E+00
9bk5A	3bae-assembly1_H	1.927E-01	1.493E-01	6.985E-02	1.988E-01	0.008	5.397E+00
9bk5A	6n16-assembly4_C	2.336E-01	1.887E-01	8.446E-02	1.994E-01	0.008	7.924E+00
9bk5A	3oz9-assembly1_H	2.186E-01	1.710E-01	8.055E-02	2.329E-01	0.008	8.448E+00
9bk5A	6wik-assembly1_D	2.166E-01	1.695E-01	7.958E-02	2.278E-01	0.008	8.448E+00
9bk5A	5y11-assembly1_A-2	2.082E-01	1.886E-01	8.953E-02	2.403E-01	0.008	7.433E+00
9bk5A	1ynl-assembly1_H	2.239E-01	1.741E-01	9.026E-02	2.414E-01	0.008	9.602E+00
9bk5A	9axs-assembly1_H	2.248E-01	1.769E-01	8.194E-02	2.346E-01	0.008	9.602E+00
9bk5A	5az2-assembly1_H	2.198E-01	1.659E-01	7.669E-02	2.289E-01	0.008	9.007E+00
9bk5A	4g6m-assembly1_H	2.449E-01	1.945E-01	8.804E-02	1.989E-01	0.008	8.448E+00
9bk5A	3gi8-assembly1_H	2.267E-01	1.865E-01	9.072E-02	2.102E-01	0.008	7.924E+00
9bk5A	4j8r-assembly2_D	2.062E-01	1.847E-01	8.434E-02	2.338E-01	0.008	6.972E+00
9bk5A	4ky1-assembly1_H	2.168E-01	1.715E-01	8.696E-02	2.294E-01	0.008	8.448E+00
9bk5A	3opz-assembly1_H	1.957E-01	1.549E-01	7.301E-02	2.158E-01	0.008	5.753E+00
9bk5A	8sve-assembly2_I	2.583E-01	2.064E-01	9.471E-02	2.082E-01	0.008	7.924E+00
9bk5A	4cad-assembly1_B	2.212E-01	1.729E-01	8.109E-02	2.328E-01	0.008	8.448E+00
9bk5A	4k9e-assembly1_L	2.109E-01	1.771E-01	7.717E-02	2.225E-01	0.008	7.433E+00
9bk5A	3l5w-assembly2_B	1.944E-01	1.577E-01	8.019E-02	2.135E-01	0.008	5.753E+00
9bk5A	3opz-assembly3_J	2.052E-01	1.621E-01	7.581E-02	2.163E-01	0.008	6.972E+00
9bk5A	6wn4-assembly2_H	2.289E-01	1.864E-01	8.729E-02	2.031E-01	0.008	6.972E+00
9bk5A	3o14-assembly2_B	2.152E-01	1.736E-01	7.698E-02	2.328E-01	0.008	6.972E+00
9bk5A	4zs7-assembly1_H	1.897E-01	1.481E-01	7.511E-02	2.045E-01	0.008	5.753E+00
9bk5A	3h1o-assembly1_B	2.817E-01	1.481E-01	6.218E-02	1.987E-01	0.008	9.602E+00
9bk5A	5k8a-assembly3_F	2.554E-01	2.048E-01	9.127E-02	2.056E-01	0.008	8.448E+00
9bk5A	3bkm-assembly1_H	2.041E-01	1.606E-01	7.350E-02	2.081E-01	0.008	6.539E+00
9bk5A	5e94-assembly2_D	2.332E-01	1.834E-01	8.017E-02	1.976E-01	0.008	6.972E+00
9bk5A	4elm-assembly2_F	1.984E-01	1.698E-01	8.028E-02	2.532E-01	0.008	7.924E+00
9bk5A	5k1a-assembly4_G	2.160E-01	1.531E-01	7.199E-02	2.618E-01	0.008	9.602E+00
9bk5A	6mqe-assembly2_H	2.444E-01	1.994E-01	9.094E-02	2.081E-01	0.008	8.448E+00
9bk5A	4ps4-assembly1_H	2.496E-01	2.010E-01	9.238E-02	2.098E-01	0.008	7.924E+00
9bk5A	3qa3-assembly1_D	2.102E-01	1.645E-01	7.730E-02	2.294E-01	0.008	7.433E+00
9bk5A	6k7o-assembly4_F	2.003E-01	1.594E-01	7.309E-02	2.191E-01	0.008	5.397E+00
9bk5A	3se9-assembly1_H	2.129E-01	1.913E-01	9.555E-02	2.626E-01	0.008	9.602E+00
9bk5A	5w1k-assembly2_D	1.878E-01	1.529E-01	7.375E-02	1.935E-01	0.008	4.453E+00
9bk5A	7mu4-assembly1_H	2.464E-01	1.957E-01	8.657E-02	2.041E-01	0.008	7.924E+00
9bk5A	2hwz-assembly1_H	2.522E-01	2.033E-01	8.947E-02	2.037E-01	0.008	9.007E+00
9bk5A	2ici-assembly1_A	1.910E-01	1.610E-01	8.782E-02	2.185E-01	0.008	6.134E+00
9bk5A	6db5-assembly2_I	2.303E-01	1.866E-01	8.525E-02	2.002E-01	0.008	7.924E+00
9bk5A	4i3r-assembly1_H	1.874E-01	1.752E-01	8.999E-02	2.298E-01	0.008	6.134E+00
9bk5A	1u8k-assembly1_B	2.475E-01	2.019E-01	8.952E-02	2.049E-01	0.008	9.007E+00
9bk5A	3tje-assembly1_H	2.310E-01	1.790E-01	7.542E-02	2.010E-01	0.008	6.539E+00
9bk5A	5jzg-assembly1_B	2.272E-01	2.235E-01	1.003E-01	2.174E-01	0.008	7.433E+00
9bk5A	3d2l-assembly1_A	2.265E-01	1.781E-01	8.124E-02	2.262E-01	0.008	7.924E+00
9bk5A	5abj-assembly1_C	2.723E-01	2.217E-01	9.754E-02	2.140E-01	0.008	9.602E+00
9bk5A	1bev-assembly1_3	2.606E-01	2.131E-01	9.262E-02	1.990E-01	0.008	9.602E+00
9bk5A	7yrf-assembly1_C	2.589E-01	2.055E-01	9.119E-02	1.953E-01	0.008	8.448E+00
9bk5A	8etn-assembly1_C	2.211E-01	2.155E-01	9.385E-02	2.373E-01	0.008	8.448E+00
9bk5A	6k4e-assembly1_B	2.495E-01	2.269E-01	9.872E-02	2.250E-01	0.008	9.007E+00
9bk5A	4mvt-assembly4_D	1.717E-01	1.658E-01	8.938E-02	2.671E-01	0.008	6.972E+00
9bk5A	5nch-assembly1_B	2.255E-01	1.849E-01	7.583E-02	2.467E-01	0.008	9.602E+00
9bk5A	6e8v-assembly6_U	2.361E-01	1.892E-01	8.113E-02	2.009E-01	0.008	7.433E+00
9bk5A	6rra-assembly1_A	2.275E-01	1.910E-01	8.450E-02	2.602E-01	0.008	9.602E+00
9bk5A	1x8m-assembly4_D	1.895E-01	1.691E-01	8.290E-02	2.846E-01	0.008	8.448E+00
9bk5A	1sq4-assembly1_A	1.518E-01	1.117E-01	5.323E-02	2.621E-01	0.008	4.748E+00
9bk5A	7tzl-assembly1_B	2.109E-01	1.694E-01	7.861E-02	2.527E-01	0.008	8.448E+00
9bk5A	8q8g-assembly1_A	1.840E-01	1.782E-01	8.264E-02	2.594E-01	0.008	7.924E+00
9bk5A	4glw-assembly1_A	1.852E-01	1.284E-01	4.724E-02	2.084E-01	0.008	4.748E+00
9bk5A	6mbg-assembly1_A	1.857E-01	1.793E-01	7.858E-02	2.298E-01	0.008	5.397E+00
9bk5A	1r8y-assembly1_A	1.711E-01	1.628E-01	7.034E-02	2.571E-01	0.008	6.134E+00
9bk5A	3vpd-assembly1_A-2	2.312E-01	2.104E-01	8.432E-02	2.464E-01	0.008	9.602E+00
9bk5A	3mh4-assembly1_A	2.849E-01	1.519E-01	5.417E-02	1.802E-01	0.008	9.602E+00
9bk5A	6amp-assembly1_A	2.308E-01	1.779E-01	6.582E-02	2.066E-01	0.008	7.433E+00
9bk5A	6s8b-assembly1_H	2.018E-01	1.965E-01	7.931E-02	2.785E-01	0.008	9.602E+00
9bk5A	6alv-assembly1_A	2.393E-01	1.698E-01	6.033E-02	2.078E-01	0.008	7.433E+00
9bk5A	8xck-assembly1_F	2.018E-01	1.337E-01	4.580E-02	1.827E-01	0.008	5.062E+00
9bk5A	8dsl-assembly2_B	1.942E-01	1.741E-01	6.111E-02	2.919E-01	0.008	9.007E+00
9bk5A	3cwv-assembly2_B	2.737E-01	1.950E-01	6.826E-02	2.195E-01	0.008	9.602E+00
9bk5A	1ky9-assembly1_A	2.858E-01	1.518E-01	5.184E-02	1.814E-01	0.008	9.602E+00
9bk5A	6wug-assembly1_A	2.094E-01	1.589E-01	5.541E-02	2.023E-01	0.008	6.539E+00
9bk5A	6wui-assembly1_A	2.281E-01	1.592E-01	5.529E-02	1.967E-01	0.008	5.753E+00
9bk5A	5txk-assembly1_A	2.260E-01	2.100E-01	7.666E-02	2.547E-01	0.008	9.602E+00
9bk5A	8sk7-assembly1_C	2.005E-01	1.843E-01	6.615E-02	2.594E-01	0.008	8.448E+00
9bk5A	4xup-assembly2_B	2.398E-01	1.913E-01	6.333E-02	2.273E-01	0.008	8.448E+00
9bk5A	3hto-assembly1_A	2.226E-01	2.012E-01	6.592E-02	2.691E-01	0.008	9.602E+00
9bk5A	7k0x-assembly1_C	2.434E-01	1.953E-01	6.682E-02	2.229E-01	0.008	8.448E+00
9bk5A	6lvs-assembly2_B	2.942E-01	1.610E-01	5.587E-02	1.892E-01	0.008	9.007E+00
9bk5A	6lvs-assembly1_A	2.156E-01	1.915E-01	7.619E-02	2.331E-01	0.008	7.433E+00
9bk5A	5ucg-assembly3_D	2.330E-01	1.900E-01	6.840E-02	2.293E-01	0.008	9.602E+00
9bk5A	4c7l-assembly1_A	2.231E-01	1.651E-01	5.870E-02	1.776E-01	0.008	4.748E+00
9bk5A	4het-assembly2_B	2.229E-01	1.761E-01	5.711E-02	2.002E-01	0.008	7.433E+00
9bk5A	7umm-assembly1_A	1.999E-01	1.816E-01	7.572E-02	2.608E-01	0.008	9.602E+00
9bk5A	6pwc-assembly1_A	2.464E-01	1.724E-01	5.140E-02	1.998E-01	0.008	7.433E+00
9bk5A	4c7w-assembly1_A	1.964E-01	1.851E-01	6.659E-02	1.958E-01	0.008	5.062E+00
9bk5A	2zkl-assembly1_A-2	1.576E-01	1.153E-01	4.915E-02	2.021E-01	0.008	3.675E+00
9bk5A	3smh-assembly2_E	2.120E-01	2.040E-01	5.430E-02	2.124E-01	0.008	6.972E+00
9bk5A	4c7l-assembly1_B	2.107E-01	1.965E-01	6.332E-02	1.904E-01	0.008	4.748E+00
9bk5A	2uy8-assembly1_A	2.165E-01	1.642E-01	4.725E-02	2.063E-01	0.008	6.972E+00
9bk5A	1kij-assembly1_B	2.574E-01	1.830E-01	5.008E-02	2.132E-01	0.008	9.007E+00
9bk5A	8htt-assembly1_B	2.743E-01	2.092E-01	6.422E-02	2.020E-01	0.008	9.007E+00
9bk5A	8j3y-assembly2_B	2.171E-01	1.764E-01	5.404E-02	2.084E-01	0.008	6.972E+00
9bk5A	5hzf-assembly1_A	1.920E-01	1.459E-01	4.707E-02	2.115E-01	0.008	6.134E+00
9bk5A	8hsi-assembly1_A	2.525E-01	1.957E-01	6.246E-02	1.959E-01	0.008	6.972E+00
9bk5A	3st6-assembly4_D	1.825E-01	1.876E-01	6.010E-02	2.200E-01	0.008	4.748E+00
9bk5A	4en6-assembly1_B	2.743E-01	1.999E-01	5.082E-02	2.148E-01	0.008	9.602E+00
9bk5A	5aww-assembly1_Y	2.394E-01	1.572E-01	4.218E-02	2.129E-01	0.008	7.924E+00
9bk5A	3st6-assembly3_C	2.174E-01	2.081E-01	6.263E-02	2.243E-01	0.008	7.433E+00
9bk5A	3rv9-assembly4_D	1.972E-01	2.019E-01	6.174E-02	2.494E-01	0.008	7.924E+00
9bk5A	4igb-assembly1_A	1.980E-01	1.664E-01	5.277E-02	2.768E-01	0.008	8.448E+00
9bk5A	6za4-assembly1_A	1.898E-01	1.855E-01	6.143E-02	2.544E-01	0.008	6.972E+00
9bk5A	3irh-assembly5_D	1.869E-01	1.566E-01	5.037E-02	2.716E-01	0.008	7.433E+00
9bk5A	6hqi-assembly1_A	2.028E-01	1.464E-01	4.318E-02	2.007E-01	0.008	5.397E+00
9bk5A	6b9t-assembly1_B	2.183E-01	1.476E-01	3.427E-02	1.772E-01	0.008	4.453E+00
9bk5A	7mgl-assembly1_A	2.224E-01	1.652E-01	4.543E-02	2.365E-01	0.008	9.602E+00
9bk5A	5nzh-assembly2_B	2.171E-01	1.811E-01	4.383E-02	1.961E-01	0.008	6.539E+00
9bk5A	6n41-assembly1_A	2.235E-01	2.015E-01	5.299E-02	2.524E-01	0.008	9.602E+00
9bk5A	6mya-assembly1_C	1.847E-01	1.842E-01	5.073E-02	2.827E-01	0.008	8.448E+00
9bk5A	5xl8-assembly1_C	1.941E-01	1.888E-01	4.749E-02	3.068E-01	0.008	9.602E+00
9bk5A	2pmw-assembly1_B	2.114E-01	1.533E-01	3.980E-02	2.546E-01	0.008	9.007E+00
9bk5A	4ne9-assembly2_B	1.992E-01	1.483E-01	3.779E-02	2.518E-01	0.008	9.007E+00
9bk5A	4ne9-assembly1_A	1.981E-01	1.485E-01	3.770E-02	2.514E-01	0.008	9.007E+00
9bk5A	7w3h-assembly1_x	1.753E-01	1.332E-01	4.317E-02	2.108E-01	0.008	4.748E+00
9bk5A	1us2-assembly1_A	2.088E-01	1.894E-01	4.772E-02	2.429E-01	0.008	7.433E+00
9bk5A	6oyc-assembly2_B	2.316E-01	1.621E-01	4.142E-02	2.146E-01	0.008	6.972E+00
9bk5A	8jov-assembly1_F	2.473E-01	2.092E-01	4.927E-02	2.427E-01	0.008	9.602E+00
9bk5A	4qaw-assembly7_G	1.950E-01	1.620E-01	4.139E-02	2.065E-01	0.008	5.753E+00
9bk5A	4qaw-assembly3_C	1.890E-01	1.609E-01	4.136E-02	2.075E-01	0.008	5.753E+00
9bk5A	4qaw-assembly2_B	1.989E-01	1.616E-01	4.122E-02	2.093E-01	0.008	5.753E+00
9bk5A	8kcx-assembly1_C	1.300E-01	1.260E-01	3.642E-02	2.672E-01	0.008	4.177E+00
9bk5A	8gen-assembly1_A	1.973E-01	1.738E-01	4.736E-02	2.828E-01	0.008	9.602E+00
9bk5A	8k10-assembly1_B	1.909E-01	1.742E-01	4.311E-02	2.798E-01	0.008	9.602E+00
9bk5A	8dhv-assembly1_A	1.964E-01	1.663E-01	4.265E-02	2.547E-01	0.008	9.007E+00
9bk5A	8get-assembly2_D-2	1.721E-01	1.352E-01	3.825E-02	2.592E-01	0.008	6.134E+00
9bk5A	7qx4-assembly1_A	2.015E-01	1.649E-01	3.864E-02	2.164E-01	0.008	5.397E+00
9bk5A	8pxt-assembly1_A	1.911E-01	1.603E-01	3.823E-02	2.371E-01	0.008	6.134E+00
9bk5A	4n25-assembly1_A-2	2.166E-01	1.602E-01	3.256E-02	2.656E-01	0.008	9.602E+00
9bk5A	4n22-assembly1_A-2	2.159E-01	1.602E-01	3.238E-02	2.661E-01	0.008	9.007E+00
9bk5A	4yu5-assembly2_B	2.285E-01	1.838E-01	3.260E-02	2.374E-01	0.008	9.007E+00
9bk5A	8ran-assembly1_O	1.908E-01	1.674E-01	3.821E-02	2.300E-01	0.008	6.972E+00
9bk5A	8rap-assembly1_O	2.104E-01	2.007E-01	4.581E-02	2.663E-01	0.008	9.007E+00
9bk5A	4yu5-assembly1_A	2.267E-01	1.848E-01	3.225E-02	2.367E-01	0.008	9.007E+00
9bk5A	3wnn-assembly2_B	1.727E-01	1.609E-01	3.611E-02	2.267E-01	0.008	5.753E+00
9bk5A	2e26-assembly1_A	2.094E-01	1.632E-01	3.482E-02	2.154E-01	0.008	6.134E+00
9bk5A	3w5g-assembly2_B	2.483E-01	2.223E-01	3.768E-02	2.120E-01	0.008	7.924E+00
9bk5A	5t99-assembly2_B	1.974E-01	1.707E-01	3.855E-02	2.276E-01	0.008	6.972E+00
9bk5A	7rsk-assembly1_A	2.502E-01	1.817E-01	3.115E-02	1.931E-01	0.008	7.924E+00
9bk5A	7y22-assembly1_Y	1.906E-01	1.578E-01	4.043E-02	2.569E-01	0.008	7.924E+00
9bk5A	5ezr-assembly1_A	2.035E-01	1.913E-01	4.005E-02	2.402E-01	0.008	7.433E+00
9bk5A	3abz-assembly1_B	1.917E-01	1.437E-01	2.390E-02	1.878E-01	0.008	4.453E+00
9bk5A	4ypj-assembly1_A	2.020E-01	1.838E-01	3.799E-02	2.375E-01	0.008	8.448E+00
9bk5A	5tqn-assembly1_A	1.737E-01	1.598E-01	3.386E-02	2.365E-01	0.008	5.062E+00
9bk5A	6p3i-assembly1_A	2.099E-01	2.038E-01	3.608E-02	2.578E-01	0.008	9.007E+00
9bk5A	3abz-assembly1_A	2.529E-01	2.012E-01	2.810E-02	2.257E-01	0.008	9.602E+00
9bk5A	5a58-assembly1_A	1.936E-01	1.495E-01	2.186E-02	2.187E-01	0.008	5.062E+00
9bk5A	5a5a-assembly1_A	1.984E-01	1.576E-01	2.188E-02	2.210E-01	0.008	5.397E+00
9bk5A	8fth-assembly1_A	1.942E-01	1.897E-01	2.365E-02	2.701E-01	0.008	7.924E+00
9bk5A	3ecq-assembly1_A	1.985E-01	1.587E-01	1.878E-02	2.192E-01	0.008	6.972E+00
9bk5A	8c8m-assembly1_C	2.333E-01	2.002E-01	2.284E-02	2.475E-01	0.008	9.007E+00
9bk5A	8cq0-assembly1_B	2.600E-01	1.744E-01	1.374E-02	2.182E-01	0.008	9.007E+00
9bk5A	7pq4-assembly1_A	2.118E-01	1.272E-01	1.160E-01	2.107E-01	0.007	8.448E+00
9bk5A	3rp1-assembly4_D	2.204E-01	1.666E-01	1.453E-01	2.058E-01	0.007	8.448E+00
9bk5A	8pg0-assembly1_L	1.999E-01	1.652E-01	1.399E-01	2.269E-01	0.007	7.924E+00
9bk5A	8jkf-assembly1_n	2.072E-01	1.621E-01	1.257E-01	2.073E-01	0.007	9.007E+00
9bk5A	6oq5-assembly1_E	1.780E-01	1.640E-01	1.359E-01	2.136E-01	0.007	6.539E+00
9bk5A	8ut5-assembly1_H	2.005E-01	1.224E-01	9.800E-02	1.597E-01	0.007	5.397E+00
9bk5A	5e9d-assembly2_I	2.041E-01	1.571E-01	1.252E-01	2.129E-01	0.007	8.448E+00
9bk5A	6uz1-assembly1_D	1.988E-01	1.515E-01	1.225E-01	2.114E-01	0.007	7.433E+00
9bk5A	4l1d-assembly3_C	2.183E-01	1.795E-01	1.434E-01	2.116E-01	0.007	9.602E+00
9bk5A	1smo-assembly1_B	1.588E-01	1.421E-01	1.173E-01	2.515E-01	0.007	7.924E+00
9bk5A	7f6x-assembly1_B	1.967E-01	1.602E-01	1.255E-01	2.215E-01	0.007	8.448E+00
9bk5A	6hq3-assembly1_A	1.942E-01	1.885E-01	1.451E-01	2.444E-01	0.007	8.448E+00
9bk5A	7eak-assembly1_F	1.955E-01	1.768E-01	1.420E-01	2.271E-01	0.007	8.448E+00
9bk5A	7km5-assembly2_C	2.117E-01	1.668E-01	1.280E-01	2.075E-01	0.007	8.448E+00
9bk5A	1nqj-assembly2_B	2.307E-01	1.887E-01	1.487E-01	2.218E-01	0.007	9.602E+00
9bk5A	7p6k-assembly1_H	2.193E-01	1.759E-01	1.354E-01	1.900E-01	0.007	6.972E+00
9bk5A	4umi-assembly1_A	2.119E-01	1.811E-01	1.385E-01	2.173E-01	0.007	9.007E+00
9bk5A	8be2-assembly1_N	2.310E-01	1.902E-01	1.462E-01	1.995E-01	0.007	8.448E+00
9bk5A	4d0v-assembly2_D	2.208E-01	1.885E-01	1.415E-01	2.224E-01	0.007	9.602E+00
9bk5A	6igt-assembly1_D	2.310E-01	1.899E-01	1.464E-01	1.965E-01	0.007	9.007E+00
9bk5A	43ca-assembly1_B	2.159E-01	1.731E-01	1.334E-01	2.035E-01	0.007	8.448E+00
9bk5A	8gpt-assembly1_D	2.158E-01	1.817E-01	1.384E-01	1.879E-01	0.007	7.433E+00
9bk5A	3jqx-assembly1_A	2.068E-01	1.585E-01	1.207E-01	1.958E-01	0.007	8.448E+00
9bk5A	3j8w-assembly1_H	2.161E-01	1.943E-01	1.427E-01	2.253E-01	0.007	9.602E+00
9bk5A	7mhy-assembly1_M	2.184E-01	1.708E-01	1.262E-01	2.117E-01	0.007	9.602E+00
9bk5A	7b2p-assembly1_D	2.184E-01	1.813E-01	1.358E-01	1.953E-01	0.007	9.007E+00
9bk5A	6n4y-assembly3_H	2.164E-01	1.803E-01	1.372E-01	1.914E-01	0.007	8.448E+00
9bk5A	1ap2-assembly1_B	2.144E-01	1.676E-01	1.236E-01	2.315E-01	0.007	9.602E+00
9bk5A	8qq0-assembly1_E	1.943E-01	1.492E-01	1.075E-01	1.981E-01	0.007	6.972E+00
9bk5A	7t01-assembly1_H	2.261E-01	1.873E-01	1.380E-01	1.983E-01	0.007	9.007E+00
9bk5A	8t03-assembly1_C	2.061E-01	1.645E-01	1.226E-01	2.074E-01	0.007	8.448E+00
9bk5A	7tcc-assembly1_F	1.949E-01	1.787E-01	1.273E-01	2.402E-01	0.007	9.602E+00
9bk5A	7lx5-assembly1_A	2.226E-01	1.809E-01	1.354E-01	1.964E-01	0.007	8.448E+00
9bk5A	7y0o-assembly1_B	2.516E-01	1.930E-01	1.366E-01	1.921E-01	0.007	9.007E+00
9bk5A	1do6-assembly1_A	2.452E-01	1.734E-01	1.247E-01	1.967E-01	0.007	9.007E+00
9bk5A	8f6u-assembly1_B	1.932E-01	1.736E-01	1.255E-01	2.453E-01	0.007	9.007E+00
9bk5A	5o02-assembly1_C	2.188E-01	1.827E-01	1.354E-01	1.977E-01	0.007	8.448E+00
9bk5A	6tej-assembly1_C	2.209E-01	1.804E-01	1.308E-01	1.925E-01	0.007	8.448E+00
9bk5A	8ftt-assembly4_D	1.956E-01	1.650E-01	1.243E-01	1.864E-01	0.007	6.972E+00
9bk5A	8keg-assembly1_n	2.487E-01	1.740E-01	1.270E-01	1.850E-01	0.007	9.602E+00
9bk5A	7xli-assembly1_B	2.414E-01	1.920E-01	1.347E-01	1.944E-01	0.007	9.602E+00
9bk5A	8fym-assembly4_I	1.956E-01	1.498E-01	1.076E-01	2.127E-01	0.007	9.007E+00
9bk5A	6hlt-assembly2_C	2.187E-01	1.792E-01	1.256E-01	1.838E-01	0.007	7.433E+00
9bk5A	8tl3-assembly1_K	1.934E-01	1.458E-01	1.025E-01	2.061E-01	0.007	7.924E+00
9bk5A	5l0n-assembly1_A	1.793E-01	1.532E-01	1.162E-01	2.169E-01	0.007	6.134E+00
9bk5A	4i13-assembly1_B	2.260E-01	1.822E-01	1.295E-01	2.022E-01	0.007	9.602E+00
9bk5A	8ybo-assembly2_D	2.304E-01	1.706E-01	1.196E-01	1.904E-01	0.007	9.007E+00
9bk5A	6lnw-assembly1_B	1.527E-01	1.388E-01	1.024E-01	2.028E-01	0.007	4.748E+00
9bk5A	4v1l-assembly3_C	1.927E-01	1.885E-01	1.324E-01	2.303E-01	0.007	9.602E+00
9bk5A	8dtk-assembly1_C	1.957E-01	1.763E-01	1.271E-01	2.570E-01	0.007	9.602E+00
9bk5A	7cxc-assembly2_B	2.101E-01	1.535E-01	9.772E-02	1.791E-01	0.007	6.134E+00
9bk5A	6h64-assembly4_D	2.118E-01	1.521E-01	9.769E-02	1.880E-01	0.007	7.433E+00
9bk5A	6brb-assembly1_A	1.643E-01	1.466E-01	9.979E-02	2.139E-01	0.007	6.134E+00
9bk5A	1gu3-assembly1_A-2	1.637E-01	1.566E-01	9.670E-02	2.210E-01	0.007	6.539E+00
9bk5A	1yq5-assembly1_A	2.169E-01	1.673E-01	9.949E-02	2.005E-01	0.007	9.602E+00
9bk5A	5cir-assembly1_A	1.890E-01	1.509E-01	9.906E-02	2.034E-01	0.007	5.753E+00
9bk5A	1d0g-assembly1_D	1.721E-01	1.372E-01	8.828E-02	1.820E-01	0.007	4.748E+00
9bk5A	2o0o-assembly1_C	1.741E-01	1.218E-01	8.333E-02	2.252E-01	0.007	6.972E+00
9bk5A	2o0o-assembly1_B	1.904E-01	1.435E-01	8.556E-02	2.196E-01	0.007	8.448E+00
9bk5A	7s1b-assembly1_X	2.382E-01	1.707E-01	1.048E-01	1.993E-01	0.007	9.602E+00
9bk5A	5epv-assembly2_D	2.368E-01	1.849E-01	1.019E-01	1.893E-01	0.007	9.602E+00
9bk5A	8hyl-assembly1_C	2.248E-01	1.832E-01	1.086E-01	2.008E-01	0.007	9.602E+00
9bk5A	6lcs-assembly1_A	2.054E-01	1.652E-01	9.542E-02	2.300E-01	0.007	9.602E+00
9bk5A	8ebb-assembly1_A	1.744E-01	1.632E-01	1.120E-01	2.465E-01	0.007	8.448E+00
9bk5A	3rif-assembly1_F	2.183E-01	1.710E-01	9.254E-02	1.917E-01	0.007	9.007E+00
9bk5A	8dez-assembly1_A	2.311E-01	1.809E-01	1.024E-01	1.986E-01	0.007	8.448E+00
9bk5A	2n80-assembly1_B	2.761E-01	1.496E-01	9.133E-02	1.811E-01	0.007	9.602E+00
9bk5A	2e33-assembly1_A	1.987E-01	1.314E-01	7.120E-02	1.969E-01	0.007	6.134E+00
9bk5A	2een-assembly1_A	1.826E-01	1.771E-01	1.004E-01	2.370E-01	0.007	7.433E+00
9bk5A	8rlu-assembly2_I	1.934E-01	1.497E-01	8.487E-02	2.159E-01	0.007	7.924E+00
9bk5A	7ptg-assembly1_A	2.252E-01	1.856E-01	1.026E-01	1.966E-01	0.007	7.924E+00
9bk5A	1zz6-assembly1_B-2	2.233E-01	1.762E-01	9.476E-02	2.158E-01	0.007	9.602E+00
9bk5A	8rlv-assembly2_I	1.975E-01	1.512E-01	8.419E-02	2.122E-01	0.007	7.924E+00
9bk5A	3u9p-assembly2_H	2.212E-01	1.658E-01	8.662E-02	1.863E-01	0.007	7.433E+00
9bk5A	5n9j-assembly1_Y	2.079E-01	2.007E-01	1.228E-01	2.364E-01	0.007	9.602E+00
9bk5A	4adf-assembly1_D	1.901E-01	1.668E-01	9.615E-02	2.476E-01	0.007	8.448E+00
9bk5A	4c47-assembly1_C	1.790E-01	1.450E-01	8.013E-02	2.031E-01	0.007	6.539E+00
9bk5A	4p5t-assembly3_E	1.993E-01	1.602E-01	8.901E-02	2.071E-01	0.007	6.972E+00
9bk5A	8rlu-assembly1_D	1.948E-01	1.501E-01	8.125E-02	2.178E-01	0.007	9.007E+00
9bk5A	1mh5-assembly2_H	2.230E-01	1.830E-01	9.682E-02	2.122E-01	0.007	8.448E+00
9bk5A	6xqq-assembly2_C	2.099E-01	1.625E-01	8.307E-02	2.220E-01	0.007	9.602E+00
9bk5A	3sdc-assembly1_C	2.239E-01	1.742E-01	8.428E-02	2.132E-01	0.007	9.602E+00
9bk5A	8se7-assembly3_L	2.200E-01	1.546E-01	8.320E-02	2.084E-01	0.007	9.602E+00
9bk5A	4mji-assembly1_D	2.085E-01	1.836E-01	1.048E-01	2.432E-01	0.007	9.602E+00
9bk5A	8tjn-assembly1_C	1.958E-01	1.470E-01	7.763E-02	2.130E-01	0.007	9.007E+00
9bk5A	6xqp-assembly1_E	1.988E-01	1.528E-01	8.355E-02	2.127E-01	0.007	6.972E+00
9bk5A	8i5d-assembly1_A	2.054E-01	1.776E-01	9.909E-02	2.288E-01	0.007	9.602E+00
9bk5A	5dup-assembly1_A	1.664E-01	1.526E-01	8.215E-02	2.330E-01	0.007	7.924E+00
9bk5A	4p2r-assembly3_N	2.182E-01	1.740E-01	9.324E-02	2.012E-01	0.007	7.924E+00
9bk5A	5gks-assembly2_C	2.287E-01	1.742E-01	8.625E-02	1.939E-01	0.007	8.448E+00
9bk5A	1iqd-assembly1_B	2.191E-01	1.736E-01	9.486E-02	2.232E-01	0.007	9.602E+00
9bk5A	7oyj-assembly1_A	2.159E-01	1.582E-01	7.685E-02	2.247E-01	0.007	9.007E+00
9bk5A	5vcj-assembly1_C	1.944E-01	1.501E-01	8.048E-02	1.993E-01	0.007	6.972E+00
9bk5A	6u8c-assembly1_L	2.047E-01	1.586E-01	7.982E-02	2.159E-01	0.007	9.007E+00
9bk5A	8doz-assembly2_C	2.073E-01	1.859E-01	9.108E-02	2.326E-01	0.007	9.602E+00
9bk5A	7x8q-assembly2_E	1.768E-01	1.440E-01	7.500E-02	2.110E-01	0.007	7.433E+00
9bk5A	6eyn-assembly2_B	1.785E-01	1.379E-01	6.640E-02	2.174E-01	0.007	6.134E+00
9bk5A	8a0v-assembly1_A	2.058E-01	1.476E-01	7.650E-02	2.218E-01	0.007	7.924E+00
9bk5A	8duz-assembly2_C	1.840E-01	1.678E-01	8.701E-02	2.223E-01	0.007	7.924E+00
9bk5A	5emw-assembly3_C	2.044E-01	1.472E-01	7.792E-02	2.232E-01	0.007	9.602E+00
9bk5A	7li5-assembly2_B	2.048E-01	1.471E-01	7.657E-02	2.260E-01	0.007	9.007E+00
9bk5A	7f35-assembly2_D	1.999E-01	1.597E-01	7.682E-02	2.156E-01	0.007	9.007E+00
9bk5A	6hig-assembly1_H	2.002E-01	1.529E-01	8.117E-02	2.132E-01	0.007	9.007E+00
9bk5A	8vvm-assembly2_B	1.751E-01	1.601E-01	8.456E-02	2.117E-01	0.007	5.753E+00
9bk5A	6ol5-assembly1_A	2.269E-01	1.833E-01	8.989E-02	2.047E-01	0.007	9.602E+00
9bk5A	6pxg-assembly4_H	2.197E-01	1.798E-01	9.769E-02	2.096E-01	0.007	8.448E+00
9bk5A	5i18-assembly1_H	2.237E-01	1.900E-01	9.231E-02	1.937E-01	0.007	9.007E+00
9bk5A	3s35-assembly1_H	2.072E-01	1.580E-01	7.819E-02	2.326E-01	0.007	9.007E+00
9bk5A	8tft-assembly1_M	1.912E-01	1.598E-01	9.474E-02	2.355E-01	0.007	9.602E+00
9bk5A	3wif-assembly1_A	2.140E-01	1.670E-01	7.693E-02	2.086E-01	0.007	9.602E+00
9bk5A	7lop-assembly2_L	2.022E-01	1.646E-01	8.093E-02	2.055E-01	0.007	7.433E+00
9bk5A	7oh1-assembly1_D	1.833E-01	1.513E-01	8.133E-02	2.132E-01	0.007	6.134E+00
9bk5A	6r0x-assembly1_A	1.913E-01	1.522E-01	7.426E-02	2.100E-01	0.007	8.448E+00
9bk5A	7re7-assembly2_H	1.947E-01	1.566E-01	7.565E-02	2.124E-01	0.007	7.433E+00
9bk5A	6tcr-assembly1_H	2.143E-01	1.780E-01	8.508E-02	2.010E-01	0.007	9.007E+00
9bk5A	3uyx-assembly2_B	1.733E-01	1.583E-01	7.945E-02	2.272E-01	0.007	7.924E+00
9bk5A	6gc2-assembly1_H	1.958E-01	1.499E-01	7.489E-02	2.114E-01	0.007	6.972E+00
9bk5A	2nr6-assembly2_F	1.946E-01	1.542E-01	7.526E-02	2.117E-01	0.007	6.972E+00
9bk5A	8pn0-assembly1_A	1.799E-01	1.662E-01	8.691E-02	2.293E-01	0.007	7.433E+00
9bk5A	5w0k-assembly1_H	2.247E-01	1.854E-01	9.392E-02	2.179E-01	0.007	9.602E+00
9bk5A	7z4t-assembly1_H	2.056E-01	1.651E-01	7.679E-02	2.167E-01	0.007	8.448E+00
9bk5A	7lyw-assembly3_H	2.255E-01	1.842E-01	8.915E-02	2.031E-01	0.007	8.448E+00
9bk5A	7seg-assembly1_H	1.955E-01	1.599E-01	7.752E-02	2.166E-01	0.007	8.448E+00
9bk5A	7um3-assembly2_H	1.876E-01	1.508E-01	7.414E-02	2.075E-01	0.007	6.972E+00
9bk5A	9b76-assembly1_H	2.243E-01	1.821E-01	9.186E-02	2.016E-01	0.007	9.007E+00
9bk5A	8keo-assembly1_E	2.055E-01	1.870E-01	9.205E-02	2.300E-01	0.007	9.007E+00
9bk5A	7lop-assembly1_W	1.746E-01	1.302E-01	6.383E-02	1.947E-01	0.007	6.134E+00
9bk5A	6p60-assembly4_J	1.854E-01	1.493E-01	7.376E-02	2.059E-01	0.007	7.433E+00
9bk5A	8vc7-assembly1_J	2.006E-01	1.563E-01	7.382E-02	2.039E-01	0.007	6.972E+00
9bk5A	6vrq-assembly1_H	1.957E-01	1.551E-01	7.028E-02	2.018E-01	0.007	6.134E+00
9bk5A	2w9e-assembly1_H	2.168E-01	1.757E-01	8.746E-02	2.046E-01	0.007	8.448E+00
9bk5A	7xsa-assembly1_B	2.348E-01	1.882E-01	8.813E-02	1.985E-01	0.007	9.007E+00
9bk5A	2xwt-assembly1_A	2.117E-01	1.763E-01	8.384E-02	2.022E-01	0.007	9.007E+00
9bk5A	7zfc-assembly1_A	2.269E-01	1.817E-01	8.714E-02	2.007E-01	0.007	8.448E+00
9bk5A	8dfg-assembly2_I	2.194E-01	1.757E-01	8.147E-02	2.234E-01	0.007	9.007E+00
9bk5A	5jhl-assembly1_H	2.121E-01	1.680E-01	7.773E-02	2.187E-01	0.007	9.007E+00
9bk5A	7k8p-assembly1_H	1.972E-01	1.516E-01	7.175E-02	2.074E-01	0.007	8.448E+00
9bk5A	1mj8-assembly1_H	2.274E-01	1.885E-01	9.333E-02	2.093E-01	0.007	9.602E+00
9bk5A	1xf3-assembly1_H	2.046E-01	1.850E-01	8.576E-02	2.302E-01	0.007	9.602E+00
9bk5A	3gi9-assembly1_H	1.903E-01	1.474E-01	7.107E-02	2.095E-01	0.007	6.972E+00
9bk5A	6n16-assembly1_A	2.147E-01	1.641E-01	7.473E-02	1.899E-01	0.007	6.972E+00
9bk5A	7t9m-assembly1_H	2.236E-01	1.815E-01	8.662E-02	1.990E-01	0.007	7.924E+00
9bk5A	8udr-assembly1_D	2.079E-01	1.732E-01	8.077E-02	2.184E-01	0.007	9.007E+00
9bk5A	4xnm-assembly1_H	2.018E-01	1.617E-01	8.023E-02	2.266E-01	0.007	9.602E+00
9bk5A	7ew5-assembly1_E	2.103E-01	1.606E-01	7.441E-02	1.976E-01	0.007	9.007E+00
9bk5A	5it2-assembly1_H	1.892E-01	1.514E-01	7.130E-02	2.064E-01	0.007	7.924E+00
9bk5A	8pn0-assembly1_H	2.163E-01	1.618E-01	7.311E-02	2.053E-01	0.007	8.448E+00
9bk5A	3rkd-assembly2_D	2.304E-01	1.848E-01	8.648E-02	1.951E-01	0.007	7.924E+00
9bk5A	3tt3-assembly1_H	1.941E-01	1.527E-01	7.159E-02	2.108E-01	0.007	8.448E+00
9bk5A	6xc7-assembly1_H	1.684E-01	1.256E-01	6.132E-02	1.925E-01	0.007	5.062E+00
9bk5A	5ggs-assembly1_A	2.201E-01	1.814E-01	9.517E-02	2.063E-01	0.007	8.448E+00
9bk5A	6hbj-assembly1_C	2.501E-01	1.955E-01	9.550E-02	1.853E-01	0.007	8.448E+00
9bk5A	1il1-assembly1_A	1.997E-01	1.529E-01	7.080E-02	2.092E-01	0.007	9.007E+00
9bk5A	7sbz-assembly1_A	2.272E-01	1.722E-01	7.752E-02	1.879E-01	0.007	9.007E+00
9bk5A	5w23-assembly1_J	1.937E-01	1.518E-01	7.200E-02	2.079E-01	0.007	8.448E+00
9bk5A	4f9p-assembly4_C	1.777E-01	1.397E-01	7.090E-02	2.025E-01	0.007	6.539E+00
9bk5A	8fym-assembly3_E	1.961E-01	1.524E-01	6.771E-02	2.098E-01	0.007	6.539E+00
9bk5A	5w05-assembly1_H	2.022E-01	1.863E-01	9.308E-02	2.469E-01	0.007	9.602E+00
9bk5A	7e3l-assembly1_H	1.871E-01	1.406E-01	7.287E-02	2.145E-01	0.007	8.448E+00
9bk5A	7jn5-assembly1_H	1.673E-01	1.248E-01	5.792E-02	1.932E-01	0.007	5.397E+00
9bk5A	5jo4-assembly1_C	1.814E-01	1.367E-01	6.816E-02	2.033E-01	0.007	5.753E+00
9bk5A	3l7f-assembly3_E	2.038E-01	1.678E-01	8.519E-02	2.150E-01	0.007	7.433E+00
9bk5A	7n4i-assembly1_H	1.968E-01	1.807E-01	8.982E-02	2.476E-01	0.007	9.007E+00
9bk5A	3ntc-assembly1_H	2.142E-01	1.684E-01	8.020E-02	2.304E-01	0.007	9.602E+00
9bk5A	6oc3-assembly2_C	1.994E-01	1.658E-01	7.642E-02	2.000E-01	0.007	7.433E+00
9bk5A	6qcu-assembly1_H	1.886E-01	1.475E-01	6.938E-02	1.966E-01	0.007	6.972E+00
9bk5A	7u8m-assembly1_Q	1.985E-01	1.667E-01	7.771E-02	1.970E-01	0.007	6.539E+00
9bk5A	7u8m-assembly1_T	1.985E-01	1.667E-01	7.771E-02	1.970E-01	0.007	6.539E+00
9bk5A	7anq-assembly1_A	2.012E-01	1.472E-01	7.151E-02	2.022E-01	0.007	6.972E+00
9bk5A	8d54-assembly1_A	1.838E-01	1.337E-01	6.831E-02	2.019E-01	0.007	6.539E+00
9bk5A	6mqc-assembly1_A	2.301E-01	1.809E-01	7.876E-02	2.148E-01	0.007	9.602E+00
9bk5A	6mwr-assembly1_C	2.338E-01	1.964E-01	9.306E-02	2.046E-01	0.007	9.007E+00
9bk5A	2ntf-assembly1_H	1.889E-01	1.362E-01	6.235E-02	1.977E-01	0.007	5.753E+00
9bk5A	3pj7-assembly1_B	2.014E-01	1.415E-01	7.166E-02	2.151E-01	0.007	7.924E+00
9bk5A	8sj4-assembly1_F	2.201E-01	1.840E-01	8.908E-02	2.116E-01	0.007	9.602E+00
9bk5A	7u8m-assembly1_N	1.985E-01	1.667E-01	7.743E-02	1.970E-01	0.007	6.539E+00
9bk5A	7jtr-assembly2_D	1.905E-01	1.544E-01	7.150E-02	2.255E-01	0.007	8.448E+00
9bk5A	5o14-assembly2_C	2.131E-01	1.647E-01	7.433E-02	1.917E-01	0.007	7.433E+00
9bk5A	7orb-assembly2_E	2.279E-01	1.706E-01	7.847E-02	1.865E-01	0.007	8.448E+00
9bk5A	6wit-assembly2_H	2.268E-01	1.698E-01	7.689E-02	1.872E-01	0.007	7.433E+00
9bk5A	4f9p-assembly2_D	1.807E-01	1.349E-01	6.618E-02	2.058E-01	0.007	6.539E+00
9bk5A	6lbh-assembly1_E	2.168E-01	1.822E-01	8.496E-02	1.963E-01	0.007	7.924E+00
9bk5A	1u92-assembly1_B	2.253E-01	1.693E-01	7.523E-02	1.881E-01	0.007	9.007E+00
9bk5A	8v5l-assembly1_H	2.288E-01	1.859E-01	8.617E-02	2.004E-01	0.007	9.007E+00
9bk5A	7rdj-assembly1_B	1.968E-01	1.600E-01	7.838E-02	2.146E-01	0.007	8.448E+00
9bk5A	8ytb-assembly1_C	2.313E-01	1.815E-01	8.560E-02	1.662E-01	0.007	5.753E+00
9bk5A	4jhw-assembly1_H	2.303E-01	1.866E-01	8.715E-02	2.016E-01	0.007	8.448E+00
9bk5A	6qn8-assembly4_E	2.184E-01	1.799E-01	8.576E-02	1.972E-01	0.007	9.007E+00
9bk5A	8tnu-assembly1_H	1.866E-01	1.522E-01	7.405E-02	1.895E-01	0.007	6.539E+00
9bk5A	5uko-assembly1_H	1.801E-01	1.509E-01	7.661E-02	2.082E-01	0.007	6.539E+00
9bk5A	8d3a-assembly1_H	2.189E-01	1.777E-01	8.330E-02	1.990E-01	0.007	7.924E+00
9bk5A	4f15-assembly3_G	1.704E-01	1.585E-01	7.442E-02	2.272E-01	0.007	7.433E+00
9bk5A	3idg-assembly1_B	2.253E-01	1.693E-01	7.440E-02	1.881E-01	0.007	9.007E+00
9bk5A	7o52-assembly1_H	2.030E-01	1.688E-01	8.465E-02	2.195E-01	0.007	7.924E+00
9bk5A	1u8h-assembly1_B	2.253E-01	1.693E-01	7.440E-02	1.881E-01	0.007	9.007E+00
9bk5A	6wiz-assembly1_H	2.014E-01	1.631E-01	7.758E-02	2.146E-01	0.007	7.433E+00
9bk5A	8cb8-assembly1_A	1.985E-01	1.802E-01	8.971E-02	2.330E-01	0.007	9.602E+00
9bk5A	7ttm-assembly1_H	1.763E-01	1.448E-01	7.114E-02	1.881E-01	0.007	4.748E+00
9bk5A	5yhq-assembly1_C	2.240E-01	1.749E-01	7.931E-02	1.715E-01	0.007	7.433E+00
9bk5A	6aku-assembly1_C	2.370E-01	1.870E-01	8.392E-02	1.714E-01	0.007	8.448E+00
9bk5A	8dcc-assembly1_H	1.993E-01	1.548E-01	7.127E-02	2.040E-01	0.007	8.448E+00
9bk5A	8hrd-assembly4_Y	1.885E-01	1.471E-01	7.294E-02	2.047E-01	0.007	6.539E+00
9bk5A	3idj-assembly1_B	2.244E-01	1.685E-01	7.393E-02	1.881E-01	0.007	9.007E+00
9bk5A	6jkv-assembly1_A	1.889E-01	1.693E-01	8.219E-02	2.366E-01	0.007	8.448E+00
9bk5A	6e4x-assembly1_Z	1.821E-01	1.534E-01	7.471E-02	2.164E-01	0.007	6.972E+00
9bk5A	5jk9-assembly2_B	2.095E-01	1.522E-01	7.022E-02	2.311E-01	0.007	9.602E+00
9bk5A	5u1f-assembly1_H	2.165E-01	1.615E-01	6.744E-02	1.970E-01	0.007	9.007E+00
9bk5A	3g2p-assembly1_B	2.287E-01	1.579E-01	6.586E-02	1.718E-01	0.007	6.972E+00
9bk5A	7kqh-assembly2_B	2.340E-01	1.667E-01	8.050E-02	2.058E-01	0.007	9.007E+00
9bk5A	6m82-assembly1_A-2	1.835E-01	1.307E-01	5.787E-02	1.927E-01	0.007	5.062E+00
9bk5A	6m83-assembly1_A-2	1.776E-01	1.305E-01	5.435E-02	1.875E-01	0.007	4.748E+00
9bk5A	4org-assembly3_C	2.001E-01	1.832E-01	8.591E-02	2.146E-01	0.007	9.007E+00
9bk5A	4ayd-assembly2_C	2.300E-01	1.157E-01	4.891E-02	2.049E-01	0.007	9.602E+00
9bk5A	3qiw-assembly1_D-2	1.745E-01	1.322E-01	6.765E-02	1.967E-01	0.007	5.753E+00
9bk5A	2e32-assembly2_C	1.943E-01	1.365E-01	6.736E-02	2.049E-01	0.007	6.539E+00
9bk5A	7qw9-assembly1_C	2.428E-01	1.912E-01	8.281E-02	1.849E-01	0.007	9.602E+00
9bk5A	5nxs-assembly1_B	1.531E-01	1.477E-01	6.626E-02	2.361E-01	0.007	6.539E+00
9bk5A	3w21-assembly1_A	1.788E-01	1.556E-01	7.540E-02	2.338E-01	0.007	7.924E+00
9bk5A	6e8v-assembly8_c	2.129E-01	1.793E-01	7.613E-02	2.048E-01	0.007	9.007E+00
9bk5A	5ncj-assembly2_B	2.029E-01	1.643E-01	7.343E-02	2.393E-01	0.007	9.602E+00
9bk5A	6mbf-assembly1_A	1.901E-01	1.831E-01	7.333E-02	2.271E-01	0.007	8.448E+00
9bk5A	8e8y-assembly1_1	1.591E-01	1.544E-01	6.360E-02	1.862E-01	0.007	4.453E+00
9bk5A	6hl9-assembly2_B	2.138E-01	2.085E-01	7.683E-02	2.248E-01	0.007	9.602E+00
9bk5A	3mlk-assembly1_A	2.240E-01	1.656E-01	6.059E-02	2.200E-01	0.007	9.602E+00
9bk5A	1png-assembly1_A	1.856E-01	1.818E-01	8.024E-02	2.421E-01	0.007	9.007E+00
9bk5A	1pgs-assembly1_A	1.913E-01	1.871E-01	7.475E-02	2.199E-01	0.007	7.433E+00
9bk5A	8tj6-assembly1_A	1.681E-01	1.498E-01	5.501E-02	2.309E-01	0.007	6.972E+00
9bk5A	5xl1-assembly1_B	1.977E-01	1.450E-01	4.723E-02	1.887E-01	0.007	5.753E+00
9bk5A	7jpd-assembly2_F	1.839E-01	1.585E-01	5.442E-02	2.283E-01	0.007	8.448E+00
9bk5A	4juj-assembly1_C	1.776E-01	1.622E-01	5.879E-02	2.333E-01	0.007	7.924E+00
9bk5A	6iik-assembly1_A	1.899E-01	1.508E-01	5.983E-02	2.167E-01	0.007	7.924E+00
9bk5A	9c6e-assembly1_A	1.949E-01	1.866E-01	6.140E-02	2.362E-01	0.007	8.448E+00
9bk5A	1mkf-assembly1_A	1.938E-01	1.484E-01	4.935E-02	1.911E-01	0.007	6.134E+00
9bk5A	4met-assembly1_A	2.160E-01	1.640E-01	4.673E-02	1.999E-01	0.007	9.602E+00
9bk5A	1uij-assembly2_D	2.377E-01	1.572E-01	3.734E-02	1.776E-01	0.007	6.972E+00
9bk5A	8j3x-assembly1_A	2.144E-01	1.765E-01	5.423E-02	2.081E-01	0.007	8.448E+00
9bk5A	3rv7-assembly2_B	1.712E-01	1.634E-01	5.187E-02	1.962E-01	0.007	4.748E+00
9bk5A	3rv7-assembly4_D	2.104E-01	2.053E-01	6.179E-02	2.238E-01	0.007	9.007E+00
9bk5A	4kvn-assembly1_A	2.030E-01	1.731E-01	4.208E-02	2.394E-01	0.007	9.007E+00
9bk5A	6ueh-assembly1_A	1.902E-01	1.820E-01	5.297E-02	2.394E-01	0.007	9.602E+00
9bk5A	5xl2-assembly1_C	1.676E-01	1.507E-01	4.149E-02	2.475E-01	0.007	8.448E+00
9bk5A	4j18-assembly1_A	2.526E-01	1.988E-01	4.490E-02	2.026E-01	0.007	9.602E+00
9bk5A	7vdf-assembly1_A	1.786E-01	1.601E-01	4.350E-02	2.417E-01	0.007	9.007E+00
9bk5A	3sqo-assembly1_A	2.133E-01	1.525E-01	4.010E-02	2.108E-01	0.007	8.448E+00
9bk5A	9bd5-assembly1_B	2.094E-01	1.542E-01	3.990E-02	2.264E-01	0.007	9.007E+00
9bk5A	4qaw-assembly1_A	1.769E-01	1.454E-01	3.835E-02	1.964E-01	0.007	4.748E+00
9bk5A	6lej-assembly1_A	1.720E-01	1.540E-01	4.272E-02	2.452E-01	0.007	6.972E+00
9bk5A	8v38-assembly1_B	1.530E-01	1.490E-01	3.496E-02	2.667E-01	0.007	6.539E+00
9bk5A	7qyd-assembly1_B	1.995E-01	1.656E-01	3.825E-02	2.155E-01	0.007	7.924E+00
9bk5A	8pxv-assembly2_B	1.919E-01	1.609E-01	3.840E-02	2.349E-01	0.007	7.924E+00
9bk5A	8pxt-assembly1_B	1.951E-01	1.655E-01	3.847E-02	2.375E-01	0.007	9.007E+00
9bk5A	3wnk-assembly1_A	1.757E-01	1.635E-01	3.574E-02	2.268E-01	0.007	7.433E+00
9bk5A	4yu6-assembly1_A	2.320E-01	1.733E-01	2.622E-02	2.039E-01	0.007	9.007E+00
9bk5A	3htx-assembly1_A	1.864E-01	1.804E-01	4.446E-02	2.524E-01	0.007	8.448E+00
9bk5A	5n6u-assembly2_D	1.830E-01	1.655E-01	3.844E-02	2.625E-01	0.007	9.007E+00
9bk5A	5tr0-assembly2_B	1.724E-01	1.591E-01	3.611E-02	2.475E-01	0.007	9.007E+00
9bk5A	5tqn-assembly2_B	1.752E-01	1.589E-01	3.397E-02	2.358E-01	0.007	8.448E+00
9bk5A	4c90-assembly1_A	2.048E-01	1.507E-01	2.817E-02	2.269E-01	0.007	9.602E+00
9bk5A	5tqp-assembly1_A	1.715E-01	1.592E-01	3.579E-02	2.445E-01	0.007	9.007E+00
9bk5A	8qdq-assembly1_B	2.051E-01	1.841E-01	3.451E-02	2.312E-01	0.007	9.602E+00
9bk5A	7pug-assembly1_A	1.881E-01	1.460E-01	2.804E-02	2.052E-01	0.007	7.433E+00
9bk5A	2ya1-assembly1_A	2.333E-01	1.440E-01	1.833E-02	1.848E-01	0.007	7.924E+00
9bk5A	2q1f-assembly2_B	1.840E-01	1.776E-01	2.821E-02	2.220E-01	0.007	6.539E+00
9bk5A	3ecq-assembly2_B	1.990E-01	1.590E-01	1.865E-02	2.200E-01	0.007	9.007E+00
9bk5A	7kc1-assembly1_K	1.839E-01	1.565E-01	1.323E-01	2.014E-01	0.000	8.448E+00
9bk5A	9cx3-assembly1_L	1.833E-01	1.569E-01	1.309E-01	2.199E-01	0.000	9.007E+00
9bk5A	7fjn-assembly1_H	1.691E-01	1.570E-01	1.262E-01	2.130E-01	0.000	9.602E+00
9bk5A	7kfe-assembly1_I	1.991E-01	1.397E-01	1.075E-01	1.775E-01	0.000	9.007E+00
9bk5A	7lrt-assembly1_L	1.775E-01	1.265E-01	9.960E-02	1.673E-01	0.000	5.397E+00
9bk5A	5uoe-assembly1_L	1.665E-01	1.394E-01	1.089E-01	1.990E-01	0.000	8.448E+00
9bk5A	7l2f-assembly1_L	1.749E-01	1.272E-01	9.861E-02	1.707E-01	0.000	6.134E+00
9bk5A	5o04-assembly1_E	2.014E-01	1.600E-01	1.283E-01	1.886E-01	0.000	7.924E+00
9bk5A	8gni-assembly1_C	2.157E-01	1.603E-01	1.242E-01	1.840E-01	0.000	9.602E+00
9bk5A	4kg8-assembly1_C	1.723E-01	1.549E-01	1.126E-01	2.132E-01	0.000	9.602E+00
9bk5A	5w3m-assembly1_E	1.952E-01	1.549E-01	1.145E-01	2.078E-01	0.000	9.602E+00
9bk5A	8gjr-assembly1_A-2	2.141E-01	1.583E-01	1.193E-01	1.830E-01	0.000	9.007E+00
9bk5A	4rzc-assembly4_E	1.656E-01	1.335E-01	1.001E-01	2.075E-01	0.000	7.924E+00
9bk5A	7wp8-assembly1_D	1.893E-01	1.477E-01	1.103E-01	1.954E-01	0.000	9.007E+00
9bk5A	8vdg-assembly1_H	1.638E-01	1.506E-01	1.105E-01	2.016E-01	0.000	7.433E+00
9bk5A	4kg8-assembly1_B	1.798E-01	1.268E-01	9.562E-02	2.068E-01	0.000	9.602E+00
9bk5A	7tl0-assembly1_H	2.023E-01	1.607E-01	1.156E-01	1.957E-01	0.000	9.007E+00
9bk5A	7aej-assembly1_D	2.160E-01	1.765E-01	1.320E-01	1.896E-01	0.000	9.602E+00
9bk5A	8e6k-assembly1_H	1.889E-01	1.438E-01	1.003E-01	1.914E-01	0.000	9.602E+00
9bk5A	4yqx-assembly2_N	1.818E-01	1.339E-01	9.793E-02	1.850E-01	0.000	8.448E+00
9bk5A	5j7m-assembly1_B	1.461E-01	1.223E-01	9.375E-02	2.432E-01	0.000	7.433E+00
9bk5A	8jn6-assembly1_H	1.617E-01	1.599E-01	1.282E-01	2.203E-01	0.000	7.924E+00
9bk5A	8im0-assembly1_B-2	2.143E-01	1.646E-01	1.191E-01	1.769E-01	0.000	8.448E+00
9bk5A	7kn7-assembly1_B	1.957E-01	1.572E-01	1.144E-01	2.016E-01	0.000	8.448E+00
9bk5A	8t4b-assembly1_H	2.023E-01	1.657E-01	1.209E-01	2.021E-01	0.000	9.007E+00
9bk5A	4gft-assembly1_B	2.073E-01	1.622E-01	1.142E-01	1.866E-01	0.000	9.602E+00
9bk5A	3eak-assembly2_B	2.187E-01	1.671E-01	1.172E-01	1.891E-01	0.000	9.602E+00
9bk5A	7mep-assembly1_H	1.815E-01	1.441E-01	9.983E-02	2.096E-01	0.000	9.602E+00
9bk5A	2az5-assembly1_C	1.352E-01	1.300E-01	9.203E-02	2.187E-01	0.000	6.539E+00
9bk5A	5hdw-assembly1_A	2.388E-01	1.297E-01	8.681E-02	1.734E-01	0.000	9.602E+00
9bk5A	4kgq-assembly1_A	1.245E-01	1.195E-01	9.409E-02	2.217E-01	0.000	4.748E+00
9bk5A	2qe3-assembly1_A	1.890E-01	1.344E-01	8.844E-02	1.864E-01	0.000	8.448E+00
9bk5A	5mu8-assembly16_f	1.328E-01	1.290E-01	1.105E-01	2.108E-01	0.000	5.397E+00
9bk5A	8qfm-assembly1_B	1.994E-01	1.908E-01	1.223E-01	1.804E-01	0.000	7.433E+00
9bk5A	6fof-assembly2_F	2.127E-01	1.525E-01	8.988E-02	1.871E-01	0.000	9.007E+00
9bk5A	4n90-assembly3_A	1.768E-01	1.362E-01	9.140E-02	1.979E-01	0.000	7.924E+00
9bk5A	5bnq-assembly1_A	1.502E-01	1.198E-01	8.068E-02	2.095E-01	0.000	7.433E+00
9bk5A	4xun-assembly2_B	1.758E-01	1.383E-01	8.693E-02	1.964E-01	0.000	7.433E+00
9bk5A	5jw4-assembly1_Q	1.798E-01	1.428E-01	8.862E-02	2.118E-01	0.000	7.924E+00
9bk5A	5u57-assembly1_D	1.325E-01	1.277E-01	8.799E-02	2.489E-01	0.000	7.433E+00
9bk5A	5u55-assembly1_B	1.901E-01	1.491E-01	7.627E-02	1.815E-01	0.000	8.448E+00
9bk5A	7xsb-assembly2_G	2.207E-01	1.816E-01	9.351E-02	1.920E-01	0.000	9.602E+00
9bk5A	7qpj-assembly1_A	1.944E-01	1.504E-01	8.013E-02	2.100E-01	0.000	9.007E+00
9bk5A	3rif-assembly1_J	2.183E-01	1.710E-01	8.136E-02	1.919E-01	0.000	9.602E+00
9bk5A	8y6h-assembly1_C	2.068E-01	1.607E-01	7.758E-02	1.919E-01	0.000	9.602E+00
9bk5A	6mjq-assembly2_G	1.945E-01	1.498E-01	8.052E-02	1.963E-01	0.000	7.924E+00
9bk5A	6eyo-assembly1_H	2.120E-01	1.620E-01	7.725E-02	2.009E-01	0.000	9.602E+00
9bk5A	5la9-assembly1_A	1.687E-01	1.280E-01	6.703E-02	1.984E-01	0.000	7.433E+00
9bk5A	8d01-assembly1_A	1.807E-01	1.339E-01	6.790E-02	2.025E-01	0.000	9.007E+00
9bk5A	8vgg-assembly1_H	1.881E-01	1.603E-01	8.804E-02	1.948E-01	0.000	9.007E+00
9bk5A	5ds8-assembly1_A	1.999E-01	1.645E-01	8.229E-02	1.957E-01	0.000	9.602E+00
9bk5A	5xs5-assembly1_C	2.378E-01	1.844E-01	8.928E-02	1.707E-01	0.000	9.007E+00
9bk5A	7bm5-assembly3_D	1.980E-01	1.536E-01	8.119E-02	1.989E-01	0.000	8.448E+00
9bk5A	6q0e-assembly1_A	1.590E-01	1.473E-01	7.951E-02	2.307E-01	0.000	9.007E+00
9bk5A	6yw2-assembly1_A	1.682E-01	1.299E-01	6.513E-02	1.966E-01	0.000	8.448E+00
9bk5A	3dvg-assembly1_A	1.680E-01	1.317E-01	6.834E-02	2.122E-01	0.000	9.602E+00
9bk5A	6iea-assembly1_H	1.630E-01	1.283E-01	7.199E-02	1.948E-01	0.000	6.134E+00
9bk5A	6rcv-assembly1_B-2	1.906E-01	1.534E-01	7.627E-02	2.034E-01	0.000	9.602E+00
9bk5A	6lyn-assembly2_H	1.822E-01	1.368E-01	6.681E-02	1.850E-01	0.000	8.448E+00
9bk5A	7nx3-assembly1_E	2.072E-01	1.630E-01	7.692E-02	2.059E-01	0.000	9.602E+00
9bk5A	8be1-assembly2_D	1.961E-01	1.492E-01	7.243E-02	1.836E-01	0.000	7.433E+00
9bk5A	6cw3-assembly2_D	1.984E-01	1.659E-01	8.038E-02	2.081E-01	0.000	9.602E+00
9bk5A	7dfb-assembly1_H	1.754E-01	1.387E-01	6.718E-02	2.042E-01	0.000	9.602E+00
9bk5A	7f2s-assembly1_A	1.931E-01	1.502E-01	7.157E-02	1.999E-01	0.000	9.602E+00
9bk5A	4fuv-assembly1_A-2	1.829E-01	1.453E-01	6.818E-02	2.129E-01	0.000	9.602E+00
9bk5A	4gmt-assembly2_I	1.884E-01	1.462E-01	7.525E-02	1.924E-01	0.000	8.448E+00
9bk5A	6utk-assembly1_L	1.762E-01	1.239E-01	7.229E-02	1.819E-01	0.000	7.433E+00
9bk5A	8tqa-assembly1_H	1.846E-01	1.332E-01	6.310E-02	2.050E-01	0.000	9.602E+00
9bk5A	6z3k-assembly2_A	1.909E-01	1.519E-01	7.233E-02	1.824E-01	0.000	8.448E+00
9bk5A	1z7z-assembly1_1	1.759E-01	1.734E-01	8.693E-02	2.001E-01	0.000	6.972E+00
9bk5A	4a6y-assembly2_H	1.946E-01	1.535E-01	7.106E-02	1.929E-01	0.000	8.448E+00
9bk5A	7kf0-assembly1_H	1.941E-01	1.553E-01	7.099E-02	2.015E-01	0.000	8.448E+00
9bk5A	6nyq-assembly1_H	2.019E-01	1.442E-01	7.213E-02	1.885E-01	0.000	7.924E+00
9bk5A	6p7h-assembly1_A	1.708E-01	1.395E-01	6.651E-02	1.999E-01	0.000	8.448E+00
9bk5A	6u6o-assembly1_H	1.988E-01	1.553E-01	7.382E-02	2.106E-01	0.000	9.602E+00
9bk5A	8be1-assembly1_A	1.926E-01	1.457E-01	7.290E-02	1.920E-01	0.000	7.924E+00
9bk5A	8dtr-assembly2_F	1.761E-01	1.248E-01	5.933E-02	1.756E-01	0.000	6.972E+00
9bk5A	4hwb-assembly1_H	1.959E-01	1.535E-01	7.847E-02	2.105E-01	0.000	9.602E+00
9bk5A	6sf6-assembly2_A	2.033E-01	1.608E-01	7.267E-02	1.924E-01	0.000	8.448E+00
9bk5A	6z3k-assembly9_G	1.829E-01	1.501E-01	7.362E-02	1.875E-01	0.000	7.924E+00
9bk5A	1baf-assembly1_H	1.930E-01	1.446E-01	7.326E-02	2.100E-01	0.000	9.602E+00
9bk5A	4hpo-assembly1_H	1.966E-01	1.558E-01	7.248E-02	2.096E-01	0.000	9.007E+00
9bk5A	4irz-assembly1_H	1.951E-01	1.539E-01	7.380E-02	2.116E-01	0.000	9.007E+00
9bk5A	7k76-assembly2_H	1.762E-01	1.476E-01	7.747E-02	2.027E-01	0.000	7.924E+00
9bk5A	1um4-assembly1_H	1.994E-01	1.432E-01	6.366E-02	2.065E-01	0.000	9.007E+00
9bk5A	6ym0-assembly1_H	1.729E-01	1.334E-01	6.025E-02	1.930E-01	0.000	6.134E+00
9bk5A	1ae6-assembly1_H	2.044E-01	1.589E-01	7.067E-02	1.940E-01	0.000	8.448E+00
9bk5A	8cwj-assembly2_A	1.682E-01	1.274E-01	6.016E-02	1.811E-01	0.000	6.539E+00
9bk5A	8eoo-assembly1_A	2.047E-01	1.670E-01	7.906E-02	1.982E-01	0.000	9.007E+00
9bk5A	7sfx-assembly3_G	1.999E-01	1.652E-01	7.849E-02	2.078E-01	0.000	9.602E+00
9bk5A	5xku-assembly1_C-2	1.741E-01	1.388E-01	7.141E-02	2.025E-01	0.000	8.448E+00
9bk5A	7z2m-assembly1_B	1.952E-01	1.542E-01	7.765E-02	2.108E-01	0.000	9.602E+00
9bk5A	8tfq-assembly2_H	1.720E-01	1.403E-01	6.679E-02	1.932E-01	0.000	6.539E+00
9bk5A	5ukq-assembly1_H	1.883E-01	1.522E-01	7.955E-02	2.169E-01	0.000	9.602E+00
9bk5A	1axs-assembly2_B	1.913E-01	1.474E-01	7.315E-02	1.907E-01	0.000	9.602E+00
9bk5A	1d6v-assembly1_H	1.929E-01	1.438E-01	7.212E-02	1.925E-01	0.000	7.924E+00
9bk5A	6ddr-assembly1_B	1.912E-01	1.515E-01	7.401E-02	1.998E-01	0.000	8.448E+00
9bk5A	3fmg-assembly1_H	1.896E-01	1.440E-01	7.334E-02	2.001E-01	0.000	9.007E+00
9bk5A	4ohs-assembly2_C	2.017E-01	1.511E-01	7.786E-02	2.051E-01	0.000	9.007E+00
9bk5A	7phq-assembly1_H	1.865E-01	1.494E-01	6.784E-02	1.876E-01	0.000	8.448E+00
9bk5A	5wk3-assembly4_W	1.805E-01	1.348E-01	6.411E-02	1.981E-01	0.000	9.602E+00
9bk5A	4yfl-assembly2_F	1.845E-01	1.492E-01	7.042E-02	1.949E-01	0.000	8.448E+00
9bk5A	5jw3-assembly1_H	1.796E-01	1.424E-01	7.520E-02	2.099E-01	0.000	7.924E+00
9bk5A	7k75-assembly4_M	1.842E-01	1.510E-01	7.161E-02	1.876E-01	0.000	6.539E+00
9bk5A	1ncw-assembly1_H	1.911E-01	1.613E-01	7.708E-02	2.109E-01	0.000	9.602E+00
9bk5A	6u3i-assembly1_H	1.845E-01	1.391E-01	6.874E-02	1.803E-01	0.000	6.972E+00
9bk5A	1u6a-assembly1_H	2.110E-01	1.721E-01	8.582E-02	1.833E-01	0.000	9.007E+00
9bk5A	6xkq-assembly1_H	1.942E-01	1.507E-01	6.825E-02	2.113E-01	0.000	9.602E+00
9bk5A	5jw4-assembly2_W	1.796E-01	1.428E-01	7.495E-02	2.108E-01	0.000	7.924E+00
9bk5A	8hrd-assembly3_L	1.931E-01	1.545E-01	7.051E-02	2.071E-01	0.000	8.448E+00
9bk5A	7ora-assembly2_H	1.965E-01	1.556E-01	7.308E-02	2.091E-01	0.000	9.602E+00
9bk5A	4qth-assembly1_H	2.103E-01	1.630E-01	7.062E-02	1.991E-01	0.000	9.602E+00
9bk5A	4hkx-assembly1_A	1.904E-01	1.521E-01	6.936E-02	2.112E-01	0.000	9.602E+00
9bk5A	5v1b-assembly1_A	1.697E-01	1.199E-01	6.062E-02	2.109E-01	0.000	7.924E+00
9bk5A	6tyb-assembly1_H	2.005E-01	1.605E-01	7.032E-02	1.990E-01	0.000	9.007E+00
9bk5A	6ncp-assembly1_A	2.041E-01	1.600E-01	7.030E-02	2.044E-01	0.000	9.602E+00
9bk5A	3mbx-assembly1_H	1.912E-01	1.527E-01	7.692E-02	2.119E-01	0.000	9.007E+00
9bk5A	7n4j-assembly1_H	1.742E-01	1.442E-01	6.660E-02	2.009E-01	0.000	7.433E+00
9bk5A	8gc0-assembly1_H	1.977E-01	1.585E-01	7.076E-02	1.924E-01	0.000	9.007E+00
9bk5A	2bgc-assembly2_E	1.740E-01	1.454E-01	6.831E-02	2.195E-01	0.000	8.448E+00
9bk5A	4oqd-assembly2_C	1.769E-01	1.296E-01	5.205E-02	2.013E-01	0.000	6.972E+00
9bk5A	3qib-assembly1_D	1.684E-01	1.333E-01	6.256E-02	1.945E-01	0.000	6.539E+00
9bk5A	3wso-assembly1_A	1.981E-01	1.600E-01	6.861E-02	2.173E-01	0.000	9.602E+00
9bk5A	8k1b-assembly1_B	1.720E-01	1.370E-01	6.762E-02	1.961E-01	0.000	8.448E+00
9bk5A	5c3o-assembly1_A	1.682E-01	1.337E-01	6.949E-02	1.978E-01	0.000	7.924E+00
9bk5A	8dan-assembly1_C	1.736E-01	1.429E-01	6.703E-02	2.269E-01	0.000	9.602E+00
9bk5A	6nk6-assembly1_O	1.803E-01	1.462E-01	6.807E-02	2.091E-01	0.000	7.924E+00
9bk5A	6n0a-assembly1_A	2.063E-01	1.541E-01	5.822E-02	1.959E-01	0.000	9.007E+00
9bk5A	7qtf-assembly1_B	1.573E-01	1.532E-01	7.571E-02	2.578E-01	0.000	9.007E+00
9bk5A	8qk4-assembly1_A	2.031E-01	1.512E-01	6.366E-02	2.011E-01	0.000	9.602E+00
9bk5A	7y1r-assembly1_A	1.592E-01	1.540E-01	6.238E-02	1.997E-01	0.000	5.753E+00
9bk5A	6aoq-assembly1_A	1.695E-01	1.516E-01	5.618E-02	2.312E-01	0.000	9.007E+00
9bk5A	5xrs-assembly1_A	1.679E-01	1.498E-01	5.480E-02	2.334E-01	0.000	9.007E+00
9bk5A	4we5-assembly1_A	1.638E-01	1.121E-01	4.620E-02	2.080E-01	0.000	7.924E+00
9bk5A	4j2q-assembly1_B	1.592E-01	1.525E-01	5.403E-02	2.254E-01	0.000	9.007E+00
9bk5A	1pgw-assembly1_2	1.636E-01	1.252E-01	4.368E-02	1.781E-01	0.000	5.062E+00
9bk5A	2ayo-assembly1_A	1.422E-01	1.149E-01	5.287E-02	2.112E-01	0.000	6.539E+00
9bk5A	7toj-assembly1_A	1.929E-01	1.629E-01	5.646E-02	1.916E-01	0.000	8.448E+00
9bk5A	3i27-assembly1_A	1.371E-01	1.327E-01	4.678E-02	2.069E-01	0.000	4.453E+00
9bk5A	5msh-assembly1_B	1.840E-01	1.448E-01	4.976E-02	1.987E-01	0.000	9.602E+00
9bk5A	1uij-assembly2_E	2.404E-01	1.586E-01	3.819E-02	1.782E-01	0.000	9.602E+00
9bk5A	2uy9-assembly1_A	2.234E-01	1.739E-01	4.807E-02	1.705E-01	0.000	7.924E+00
9bk5A	8ooz-assembly1_K	1.743E-01	1.508E-01	4.607E-02	2.117E-01	0.000	9.602E+00
9bk5A	7jrm-assembly1_A	1.611E-01	1.555E-01	4.662E-02	2.222E-01	0.000	8.448E+00
9bk5A	4nhx-assembly1_A	2.235E-01	1.760E-01	4.465E-02	1.772E-01	0.000	8.448E+00
9bk5A	8diu-assembly1_A	1.672E-01	1.524E-01	4.388E-02	2.200E-01	0.000	9.602E+00
9bk5A	4z12-assembly2_B	2.008E-01	1.489E-01	4.405E-02	1.760E-01	0.000	8.448E+00
9bk5A	4qaw-assembly5_E	1.752E-01	1.442E-01	3.863E-02	1.975E-01	0.000	9.007E+00
9bk5A	8k13-assembly1_A	1.757E-01	1.466E-01	3.763E-02	1.983E-01	0.000	9.007E+00
9bk5A	9j6n-assembly2_B	1.367E-01	1.245E-01	4.655E-02	2.653E-01	0.000	9.007E+00
9bk5A	8kcw-assembly1_C	1.966E-01	1.370E-01	2.349E-02	1.770E-01	0.000	6.972E+00
9bk5A	8wot-assembly1_A	1.858E-01	1.558E-01	3.420E-02	2.059E-01	0.000	9.602E+00
9bk5A	8jun-assembly1_B	1.985E-01	1.363E-01	2.675E-02	1.863E-01	0.000	7.924E+00
9bk5A	5by3-assembly1_A	1.768E-01	1.317E-01	2.796E-02	2.171E-01	0.000	7.924E+00
9bk5A	5f0a-assembly1_A	1.754E-01	1.611E-01	3.723E-02	2.245E-01	0.000	8.448E+00
9bk5A	7wdt-assembly1_A	1.767E-01	1.400E-01	2.168E-02	1.861E-01	0.000	7.924E+00
9bk5A	2xvl-assembly1_A	2.152E-01	1.497E-01	1.994E-02	1.755E-01	0.000	9.602E+00
9bk5A	8rvn-assembly1_L	1.582E-01	1.472E-01	1.197E-01	1.833E-01	0.000	7.924E+00
9bk5A	8vra-assembly1_D	1.814E-01	1.410E-01	1.110E-01	1.962E-01	0.000	9.602E+00
9bk5A	3a67-assembly1_L	1.833E-01	1.382E-01	1.063E-01	1.793E-01	0.000	9.007E+00
9bk5A	3a6c-assembly1_L	1.817E-01	1.374E-01	1.059E-01	1.811E-01	0.000	9.007E+00
9bk5A	2dqd-assembly1_L	1.830E-01	1.381E-01	1.063E-01	1.800E-01	0.000	9.007E+00
9bk5A	1j1p-assembly1_L	1.818E-01	1.374E-01	1.059E-01	1.797E-01	0.000	9.007E+00
9bk5A	8u1d-assembly1_J	1.831E-01	1.409E-01	1.146E-01	1.689E-01	0.000	9.602E+00
9bk5A	7t0z-assembly1_L	1.851E-01	1.362E-01	1.035E-01	1.747E-01	0.000	9.007E+00
9bk5A	6ujb-assembly1_F	1.803E-01	1.379E-01	1.038E-01	1.803E-01	0.000	9.602E+00
9bk5A	6aj7-assembly1_H	1.666E-01	1.223E-01	9.304E-02	1.748E-01	0.000	6.972E+00
9bk5A	5xwd-assembly1_H	1.783E-01	1.457E-01	1.094E-01	1.835E-01	0.000	9.007E+00
9bk5A	7nft-assembly2_D	1.955E-01	1.448E-01	1.056E-01	1.690E-01	0.000	9.602E+00
9bk5A	8pjp-assembly1_C	1.819E-01	1.458E-01	1.142E-01	1.769E-01	0.000	9.007E+00
9bk5A	6x83-assembly2_D	1.166E-01	1.118E-01	8.282E-02	2.166E-01	0.000	6.134E+00
9bk5A	8t49-assembly1_H	1.778E-01	1.445E-01	9.997E-02	1.758E-01	0.000	9.602E+00
9bk5A	4bif-assembly1_C	1.650E-01	1.300E-01	9.671E-02	1.787E-01	0.000	9.602E+00
9bk5A	7ta6-assembly1_A	1.381E-01	1.337E-01	9.417E-02	2.345E-01	0.000	9.602E+00
9bk5A	3c6l-assembly1_E	1.701E-01	1.453E-01	9.573E-02	1.814E-01	0.000	9.602E+00
9bk5A	7zxf-assembly1_B	1.861E-01	1.443E-01	6.989E-02	1.827E-01	0.000	9.602E+00
9bk5A	6bb4-assembly3_N	1.748E-01	1.291E-01	6.995E-02	1.748E-01	0.000	8.448E+00
9bk5A	8fbw-assembly2_B	1.574E-01	1.242E-01	6.795E-02	1.883E-01	0.000	7.433E+00
9bk5A	4jzj-assembly1_A	1.715E-01	1.301E-01	6.644E-02	1.973E-01	0.000	9.007E+00
9bk5A	6pec-assembly1_H	1.714E-01	1.423E-01	6.646E-02	1.914E-01	0.000	9.602E+00
9bk5A	8q3j-assembly2_F	1.727E-01	1.291E-01	6.255E-02	1.740E-01	0.000	9.007E+00
9bk5A	8uwa-assembly1_G	1.969E-01	1.407E-01	6.217E-02	1.715E-01	0.000	9.007E+00
9bk5A	3wkm-assembly1_H	1.815E-01	1.329E-01	6.345E-02	1.958E-01	0.000	9.602E+00
9bk5A	8gf2-assembly2_X	1.683E-01	1.257E-01	5.987E-02	1.930E-01	0.000	9.602E+00
9bk5A	5udc-assembly1_B	1.700E-01	1.325E-01	5.876E-02	1.847E-01	0.000	8.448E+00
9bk5A	6pef-assembly2_D	1.700E-01	1.378E-01	7.037E-02	1.776E-01	0.000	7.924E+00
9bk5A	6wk4-assembly1_A	1.583E-01	1.291E-01	6.794E-02	1.962E-01	0.000	9.602E+00
9bk5A	8as3-assembly1_H	1.605E-01	1.212E-01	6.125E-02	1.847E-01	0.000	9.602E+00
9bk5A	6oel-assembly1_H	1.731E-01	1.389E-01	7.811E-02	2.045E-01	0.000	9.602E+00
9bk5A	3nac-assembly1_H	1.776E-01	1.318E-01	6.187E-02	1.900E-01	0.000	9.602E+00
9bk5A	9dx6-assembly1_B	1.643E-01	1.404E-01	6.876E-02	1.923E-01	0.000	8.448E+00
9bk5A	8dy3-assembly1_A	1.647E-01	1.253E-01	5.943E-02	1.797E-01	0.000	9.007E+00
9bk5A	8etn-assembly1_A	1.523E-01	1.483E-01	6.761E-02	2.077E-01	0.000	7.924E+00
9bk5A	6n0a-assembly2_B	1.448E-01	1.223E-01	5.829E-02	2.289E-01	0.000	9.602E+00
9bk5A	5vtw-assembly1_A	1.743E-01	1.221E-01	4.224E-02	1.977E-01	0.000	9.602E+00
9bk5A	6iil-assembly1_A	1.527E-01	1.156E-01	5.063E-02	2.102E-01	0.000	8.448E+00
9bk5A	4zrg-assembly1_A	1.910E-01	1.085E-01	3.528E-02	1.453E-01	0.000	7.924E+00
9bk5A	5jif-assembly1_B	1.580E-01	1.270E-01	4.591E-02	1.883E-01	0.000	7.924E+00
9bk5A	3rv8-assembly4_D	1.659E-01	1.604E-01	5.351E-02	1.978E-01	0.000	9.007E+00
9bk5A	3rv9-assembly2_B	1.347E-01	1.310E-01	4.825E-02	2.152E-01	0.000	7.433E+00
9bk5A	7uab-assembly1_D	1.645E-01	1.599E-01	5.109E-02	1.958E-01	0.000	9.602E+00
9bk5A	7uab-assembly1_H	1.577E-01	1.553E-01	4.597E-02	1.963E-01	0.000	9.602E+00
9bk5A	7ufu-assembly1_B	1.733E-01	1.357E-01	2.450E-02	1.708E-01	0.000	6.972E+00
9bk5A	6wdt-assembly1_L	1.421E-01	1.197E-01	1.068E-01	1.636E-01	0.000	7.433E+00
9bk5A	2dqi-assembly1_L	1.626E-01	1.298E-01	1.047E-01	1.726E-01	0.000	9.602E+00
9bk5A	5vn8-assembly1_L	1.579E-01	1.248E-01	9.818E-02	1.650E-01	0.000	9.602E+00
9bk5A	4r8w-assembly1_L	1.566E-01	1.225E-01	1.048E-01	1.707E-01	0.000	9.007E+00
9bk5A	1wgp-assembly1_A	1.254E-01	1.073E-01	7.743E-02	2.167E-01	0.000	9.602E+00
9bk5A	8qfp-assembly1_A	1.618E-01	1.197E-01	6.883E-02	1.677E-01	0.000	9.602E+00
9bk5A	8qx6-assembly2_B	1.283E-01	1.187E-01	8.238E-02	1.760E-01	0.000	6.539E+00
9bk5A	1szb-assembly1_B	1.403E-01	1.056E-01	5.968E-02	2.019E-01	0.000	9.602E+00
9bk5A	7yrf-assembly1_E	1.630E-01	1.274E-01	6.257E-02	1.685E-01	0.000	9.602E+00
9bk5A	4glw-assembly1_B	1.487E-01	1.193E-01	4.739E-02	1.785E-01	0.000	9.602E+00
9bk5A	1i5p-assembly1_A	1.420E-01	1.374E-01	3.595E-02	1.787E-01	0.000	9.602E+00
9bk5A	8okh-assembly1_B	1.136E-01	1.184E-01	6.384E-02	1.584E-01	0.000	7.924E+00
9bk5A	3kh8-assembly1_B	1.114E-01	8.686E-02	4.450E-02	1.787E-01	0.000	7.924E+00
