xm2h	7dkk-assembly4_D	9.847E-01	9.739E-01	9.739E-01	9.248E-01	1.000	6.531E-16
xm2h	7dko-assembly3_C	8.089E-01	7.855E-01	7.780E-01	6.731E-01	1.000	3.449E-07
xm2h	6jum-assembly2_F	5.416E-01	5.370E-01	1.797E-01	4.916E-01	1.000	2.909E-04
xm2h	6jun-assembly2_A	5.225E-01	5.185E-01	1.873E-01	5.082E-01	1.000	4.010E-04
xm2h	6juo-assembly2_F	5.311E-01	5.266E-01	1.777E-01	4.829E-01	1.000	3.527E-04
xm2h	6jus-assembly2_F	5.628E-01	5.578E-01	1.832E-01	5.042E-01	0.999	1.754E-03
xm2h	4hyk-assembly1_A	7.178E-01	7.053E-01	2.264E-01	6.530E-01	0.999	3.358E-02
xm2h	4u7c-assembly1_A	5.887E-01	5.797E-01	1.633E-01	5.219E-01	0.999	4.040E-03
xm2h	9bk5-assembly1_A	5.302E-01	4.691E-01	5.121E-01	4.597E-01	0.998	1.357E-03
xm2h	1unn-assembly1_C	5.792E-01	5.700E-01	4.852E-01	5.159E-01	0.997	5.568E-03
xm2h	4nlg-assembly1_A	7.063E-01	6.942E-01	2.197E-01	6.119E-01	0.997	3.580E-02
xm2h	1k1s-assembly1_A	6.786E-01	6.669E-01	2.142E-01	5.952E-01	0.997	2.770E-02
xm2h	3in5-assembly2_B	5.396E-01	5.359E-01	1.621E-01	5.213E-01	0.997	4.308E-03
xm2h	6cst-assembly1_A	5.494E-01	5.457E-01	1.604E-01	5.224E-01	0.996	5.568E-03
xm2h	6m7t-assembly1_A	5.687E-01	5.403E-01	1.532E-01	4.801E-01	0.996	4.593E-03
xm2h	4irc-assembly1_F	6.112E-01	6.063E-01	2.049E-01	5.238E-01	0.995	1.203E-02
xm2h	4yr2-assembly1_A	5.797E-01	5.746E-01	1.622E-01	4.800E-01	0.995	6.331E-03
xm2h	6d0z-assembly1_A	5.804E-01	5.754E-01	1.568E-01	4.619E-01	0.995	5.222E-03
xm2h	2xgq-assembly1_B	5.762E-01	5.714E-01	1.378E-01	5.027E-01	0.995	7.198E-03
xm2h	3v6k-assembly2_J	5.681E-01	5.498E-01	1.938E-01	5.316E-01	0.993	1.128E-02
xm2h	6m7v-assembly1_A	5.707E-01	5.427E-01	1.529E-01	4.818E-01	0.993	7.198E-03
xm2h	3mfi-assembly1_A	5.850E-01	5.609E-01	1.334E-01	5.122E-01	0.993	1.128E-02
xm2h	1t94-assembly2_B	5.905E-01	5.760E-01	1.758E-01	5.114E-01	0.992	1.282E-02
xm2h	6m7u-assembly1_A	5.637E-01	5.355E-01	1.534E-01	4.754E-01	0.992	6.750E-03
xm2h	8gkr-assembly1_A	5.469E-01	5.422E-01	1.535E-01	4.573E-01	0.992	5.222E-03
xm2h	5kfm-assembly1_A	5.819E-01	5.769E-01	1.581E-01	4.623E-01	0.992	7.675E-03
xm2h	3mr5-assembly1_A	5.829E-01	5.779E-01	1.566E-01	4.615E-01	0.992	7.198E-03
xm2h	3mfh-assembly1_A	5.837E-01	5.594E-01	1.332E-01	5.088E-01	0.992	1.282E-02
xm2h	3si8-assembly1_A	6.235E-01	5.909E-01	1.596E-01	4.918E-01	0.991	1.658E-02
xm2h	5l1l-assembly1_A	5.502E-01	5.457E-01	1.551E-01	4.683E-01	0.991	6.331E-03
xm2h	7m84-assembly1_A	5.465E-01	5.418E-01	1.519E-01	4.578E-01	0.991	5.937E-03
xm2h	3ohb-assembly1_A	5.825E-01	5.569E-01	1.322E-01	5.115E-01	0.991	1.458E-02
xm2h	6l97-assembly1_B	5.937E-01	5.694E-01	1.935E-01	5.085E-01	0.990	1.658E-02
xm2h	8evf-assembly1_A	6.201E-01	6.148E-01	1.694E-01	4.968E-01	0.990	1.767E-02
xm2h	9cih-assembly1_A	5.964E-01	5.913E-01	1.626E-01	4.709E-01	0.990	1.128E-02
xm2h	4j9s-assembly1_A	5.930E-01	5.879E-01	1.606E-01	4.674E-01	0.990	1.128E-02
xm2h	4rno-assembly1_A	5.987E-01	5.935E-01	1.622E-01	4.705E-01	0.990	1.128E-02
xm2h	6mq8-assembly1_A	5.806E-01	5.756E-01	1.576E-01	4.609E-01	0.990	8.726E-03
xm2h	4yqw-assembly1_A	5.983E-01	5.828E-01	1.578E-01	4.676E-01	0.990	1.128E-02
xm2h	3mr3-assembly1_A	5.915E-01	5.863E-01	1.592E-01	4.649E-01	0.990	9.921E-03
xm2h	7m87-assembly1_A	5.468E-01	5.422E-01	1.519E-01	4.598E-01	0.990	6.750E-03
xm2h	2uvr-assembly1_A	5.157E-01	4.959E-01	1.845E-01	5.068E-01	0.988	8.726E-03
xm2h	3bq1-assembly1_A	5.845E-01	5.700E-01	1.938E-01	5.155E-01	0.988	1.767E-02
xm2h	3mr6-assembly1_A	5.266E-01	5.230E-01	1.446E-01	4.486E-01	0.988	5.568E-03
xm2h	4j9o-assembly1_A	5.075E-01	4.967E-01	1.466E-01	4.362E-01	0.986	4.308E-03
xm2h	6m7o-assembly1_A	5.663E-01	5.377E-01	1.493E-01	4.736E-01	0.986	1.128E-02
xm2h	4yr3-assembly1_A	5.854E-01	5.702E-01	1.561E-01	4.561E-01	0.986	1.128E-02
xm2h	8ujt-assembly1_A	5.421E-01	5.375E-01	1.529E-01	4.553E-01	0.986	7.198E-03
xm2h	6mxo-assembly1_A	5.540E-01	5.491E-01	1.498E-01	4.459E-01	0.986	8.183E-03
xm2h	7m7p-assembly1_A	5.262E-01	5.237E-01	1.449E-01	4.491E-01	0.984	6.750E-03
xm2h	6pz3-assembly1_A	5.890E-01	5.839E-01	1.584E-01	4.627E-01	0.984	1.367E-02
xm2h	6q02-assembly1_A	5.811E-01	5.761E-01	1.560E-01	4.578E-01	0.984	1.203E-02
xm2h	5kg6-assembly1_A	5.922E-01	5.871E-01	1.586E-01	4.664E-01	0.984	1.458E-02
xm2h	7yll-assembly1_A	5.020E-01	4.949E-01	1.941E-01	5.029E-01	0.981	1.128E-02
xm2h	4r8u-assembly2_B	5.731E-01	5.688E-01	2.028E-01	5.071E-01	0.981	2.143E-02
xm2h	3gqc-assembly3_C	4.592E-01	4.552E-01	1.365E-01	4.063E-01	0.978	2.578E-03
xm2h	4yp3-assembly1_A	6.024E-01	5.867E-01	1.592E-01	4.746E-01	0.978	2.436E-02
xm2h	5ewf-assembly1_A	5.255E-01	5.211E-01	1.461E-01	4.443E-01	0.978	8.726E-03
xm2h	5kft-assembly1_A	5.488E-01	5.442E-01	1.535E-01	4.619E-01	0.978	1.367E-02
xm2h	4f4y-assembly2_B	6.309E-01	6.256E-01	2.065E-01	5.706E-01	0.975	7.252E-02
xm2h	4qwb-assembly1_A	5.590E-01	5.454E-01	1.877E-01	4.952E-01	0.975	2.143E-02
xm2h	4q8f-assembly1_A	5.747E-01	5.697E-01	1.581E-01	4.496E-01	0.975	1.658E-02
xm2h	7m7s-assembly1_A	5.268E-01	5.223E-01	1.443E-01	4.475E-01	0.975	1.058E-02
xm2h	3gqc-assembly2_B	4.639E-01	4.565E-01	1.332E-01	3.936E-01	0.975	2.578E-03
xm2h	1k1q-assembly1_A	6.868E-01	6.747E-01	2.182E-01	5.734E-01	0.971	1.136E-01
xm2h	3ngd-assembly1_A	4.992E-01	4.828E-01	1.626E-01	4.725E-01	0.971	1.128E-02
xm2h	3epi-assembly1_A-2	5.177E-01	5.009E-01	1.655E-01	4.909E-01	0.971	1.658E-02
xm2h	5ulx-assembly1_A	5.781E-01	5.542E-01	1.774E-01	4.795E-01	0.971	2.598E-02
xm2h	4dl4-assembly1_A	5.447E-01	5.401E-01	1.489E-01	4.629E-01	0.971	1.658E-02
xm2h	6uqi-assembly1_A	5.851E-01	5.724E-01	1.559E-01	4.689E-01	0.971	2.436E-02
xm2h	8eve-assembly1_A	4.951E-01	4.871E-01	1.437E-01	4.489E-01	0.967	9.304E-03
xm2h	5ewg-assembly1_A	5.245E-01	5.201E-01	1.456E-01	4.449E-01	0.967	1.282E-02
xm2h	4j9p-assembly1_A	4.365E-01	4.331E-01	1.379E-01	4.167E-01	0.967	3.553E-03
xm2h	3gqc-assembly1_A	4.733E-01	4.659E-01	1.394E-01	3.974E-01	0.967	3.789E-03
xm2h	7m7q-assembly1_A	5.233E-01	5.189E-01	1.451E-01	4.462E-01	0.961	1.367E-02
xm2h	2w7o-assembly1_B	4.886E-01	4.771E-01	1.433E-01	4.752E-01	0.961	1.458E-02
xm2h	3gqc-assembly4_D	4.218E-01	4.188E-01	1.353E-01	4.074E-01	0.961	2.749E-03
xm2h	6x76-assembly1_A	5.601E-01	5.554E-01	1.529E-01	4.779E-01	0.961	2.770E-02
xm2h	5kt4-assembly1_A	5.098E-01	4.888E-01	1.595E-01	4.871E-01	0.956	2.143E-02
xm2h	5kt5-assembly1_A	4.401E-01	4.213E-01	1.538E-01	4.348E-01	0.956	5.568E-03
xm2h	3gv5-assembly2_D	5.157E-01	4.991E-01	1.610E-01	4.962E-01	0.956	2.436E-02
xm2h	4yr0-assembly1_A	5.124E-01	4.994E-01	1.452E-01	4.100E-01	0.956	9.304E-03
xm2h	3pr5-assembly1_B	5.391E-01	5.257E-01	1.826E-01	4.763E-01	0.949	2.770E-02
xm2h	7nv1-assembly1_A	5.445E-01	5.316E-01	1.544E-01	4.644E-01	0.949	2.598E-02
xm2h	6msp-assembly1_A	7.439E-01	5.894E-01	5.493E-01	5.543E-01	0.941	2.302E-01
xm2h	2j6u-assembly1_A	5.103E-01	4.906E-01	1.779E-01	4.863E-01	0.941	2.770E-02
xm2h	2fln-assembly1_A-2	4.885E-01	4.696E-01	1.621E-01	4.289E-01	0.941	1.203E-02
xm2h	4eyi-assembly1_B	5.057E-01	4.860E-01	1.597E-01	4.946E-01	0.941	2.953E-02
xm2h	3jaa-assembly1_A	4.252E-01	4.219E-01	1.355E-01	4.225E-01	0.941	5.568E-03
xm2h	4f4z-assembly1_B	5.694E-01	5.355E-01	1.804E-01	4.991E-01	0.933	5.610E-02
xm2h	2uvw-assembly1_A	5.301E-01	5.168E-01	1.819E-01	4.741E-01	0.933	3.358E-02
xm2h	4f4x-assembly1_A	5.380E-01	5.247E-01	1.826E-01	4.802E-01	0.933	3.817E-02
xm2h	4ebe-assembly1_A	4.530E-01	4.491E-01	1.585E-01	4.446E-01	0.933	1.282E-02
xm2h	5kt6-assembly1_A	4.772E-01	4.566E-01	1.525E-01	4.462E-01	0.933	1.555E-02
xm2h	4fs2-assembly1_A	5.683E-01	5.635E-01	1.744E-01	4.879E-01	0.933	5.610E-02
xm2h	3bq2-assembly1_A	6.466E-01	6.129E-01	1.996E-01	5.296E-01	0.923	1.378E-01
xm2h	3gv8-assembly1_B	4.591E-01	4.552E-01	1.614E-01	4.531E-01	0.923	1.658E-02
xm2h	3epg-assembly1_A-2	5.279E-01	5.108E-01	1.676E-01	4.893E-01	0.923	4.628E-02
xm2h	5wm1-assembly1_A	4.842E-01	4.658E-01	1.423E-01	4.659E-01	0.923	2.436E-02
xm2h	3q8q-assembly1_B	4.569E-01	4.531E-01	1.582E-01	4.534E-01	0.912	1.767E-02
xm2h	4fs1-assembly1_A	5.218E-01	5.175E-01	1.668E-01	4.777E-01	0.912	4.070E-02
xm2h	1t94-assembly1_A	6.014E-01	5.729E-01	1.639E-01	4.950E-01	0.912	9.374E-02
xm2h	8e85-assembly1_A	4.288E-01	4.254E-01	1.373E-01	4.238E-01	0.912	9.921E-03
xm2h	3bjy-assembly1_A	5.106E-01	4.914E-01	1.506E-01	4.351E-01	0.912	2.598E-02
xm2h	6m7p-assembly1_A	4.289E-01	4.255E-01	1.341E-01	4.055E-01	0.912	7.675E-03
xm2h	4o3p-assembly1_A	4.310E-01	4.276E-01	1.355E-01	4.186E-01	0.912	9.304E-03
xm2h	6l97-assembly1_A	5.596E-01	5.462E-01	1.952E-01	4.951E-01	0.900	7.252E-02
xm2h	5kt7-assembly1_A	4.364E-01	4.191E-01	1.547E-01	4.390E-01	0.900	1.458E-02
xm2h	3tq1-assembly1_A	4.288E-01	4.254E-01	1.383E-01	4.185E-01	0.900	9.921E-03
xm2h	4eey-assembly1_A	4.250E-01	4.217E-01	1.346E-01	4.036E-01	0.900	8.183E-03
xm2h	6jil-assembly1_A	6.204E-01	5.105E-01	1.840E-01	4.913E-01	0.887	1.212E-01
xm2h	4f50-assembly1_A	5.780E-01	5.689E-01	1.987E-01	5.401E-01	0.887	1.378E-01
xm2h	5c5j-assembly1_F	4.964E-01	4.776E-01	1.709E-01	4.484E-01	0.887	3.149E-02
xm2h	3osn-assembly1_A	5.233E-01	5.190E-01	1.661E-01	4.837E-01	0.887	5.610E-02
xm2h	4j9r-assembly1_A	4.691E-01	4.654E-01	1.410E-01	4.080E-01	0.887	1.767E-02
xm2h	4dl6-assembly1_A	4.345E-01	4.312E-01	1.388E-01	4.168E-01	0.887	1.203E-02
xm2h	7m7l-assembly1_A	4.222E-01	4.189E-01	1.335E-01	4.043E-01	0.887	9.921E-03
xm2h	3q8r-assembly1_B	4.579E-01	4.384E-01	1.515E-01	4.386E-01	0.855	2.770E-02
xm2h	2w9c-assembly1_A	5.862E-01	5.632E-01	1.940E-01	4.978E-01	0.837	1.566E-01
xm2h	3gv7-assembly1_B	4.623E-01	4.425E-01	1.520E-01	4.401E-01	0.837	3.358E-02
xm2h	6juq-assembly1_F	5.131E-01	5.109E-01	1.850E-01	4.792E-01	0.772	1.212E-01
xm2h	4eyh-assembly1_B	4.479E-01	4.444E-01	1.598E-01	4.395E-01	0.772	4.340E-02
xm2h	6x77-assembly1_A	4.493E-01	4.313E-01	1.294E-01	4.156E-01	0.772	3.580E-02
xm2h	2flp-assembly1_A-2	5.423E-01	5.378E-01	1.748E-01	4.611E-01	0.747	1.378E-01
xm2h	8k0j-assembly1_A	3.986E-01	3.483E-01	1.465E-01	3.725E-01	0.601	3.149E-02
xm2h	8k0k-assembly1_H	3.662E-01	3.195E-01	1.276E-01	3.095E-01	0.537	1.282E-02
xm2h	2mbm-assembly1_A	5.348E-01	3.970E-01	3.181E-01	4.254E-01	0.505	2.790E-01
xm2h	2alz-assembly1_A	4.808E-01	4.625E-01	1.557E-01	4.174E-01	0.473	2.025E-01
xm2h	6dgi-assembly1_B	5.208E-01	4.151E-01	1.486E-01	4.293E-01	0.442	3.607E-01
xm2h	6dgi-assembly1_A-2	5.314E-01	4.215E-01	1.475E-01	4.338E-01	0.411	4.663E-01
xm2h	1t3n-assembly1_A	5.224E-01	5.039E-01	1.657E-01	3.939E-01	0.411	2.790E-01
xm2h	9gs9-assembly1_F	3.886E-01	3.542E-01	1.416E-01	3.841E-01	0.382	1.136E-01
xm2h	5l9w-assembly2_b	4.436E-01	4.267E-01	9.214E-02	3.962E-01	0.382	1.899E-01
xm2h	8zdy-assembly1_C	3.737E-01	3.244E-01	1.154E-01	3.158E-01	0.301	7.252E-02
xm2h	6ksu-assembly1_A	4.561E-01	2.849E-01	7.699E-02	3.419E-01	0.301	2.025E-01
xm2h	3ihs-assembly2_B	5.029E-01	4.125E-01	4.321E-01	4.407E-01	0.277	7.306E-01
xm2h	1q8r-assembly1_A	3.468E-01	3.441E-01	2.820E-01	3.643E-01	0.254	1.292E-01
xm2h	4e16-assembly1_A-2	4.293E-01	3.668E-01	1.914E-01	3.709E-01	0.233	3.383E-01
xm2h	6k8x-assembly1_A	4.908E-01	2.972E-01	9.554E-02	3.433E-01	0.233	4.373E-01
xm2h	8fqo-assembly2_A	4.898E-01	2.988E-01	9.534E-02	3.316E-01	0.233	3.607E-01
xm2h	3k1t-assembly1_A-2	5.096E-01	4.960E-01	1.391E-01	4.071E-01	0.233	8.307E-01
xm2h	6ksu-assembly2_B	4.626E-01	2.930E-01	7.954E-02	3.450E-01	0.233	3.383E-01
xm2h	6vqv-assembly1_E	3.508E-01	3.146E-01	1.482E-01	3.315E-01	0.214	1.292E-01
xm2h	8jdi-assembly1_B	3.876E-01	3.520E-01	1.521E-01	3.693E-01	0.214	3.173E-01
xm2h	6vqv-assembly1_G	4.174E-01	3.729E-01	1.474E-01	3.751E-01	0.214	3.846E-01
xm2h	7u5d-assembly1_B	3.145E-01	2.828E-01	1.235E-01	3.579E-01	0.214	1.292E-01
xm2h	6pij-assembly1_A	4.179E-01	3.769E-01	1.408E-01	3.993E-01	0.214	5.301E-01
xm2h	5m45-assembly2_K	3.148E-01	3.087E-01	6.258E-02	3.457E-01	0.214	1.136E-01
xm2h	4d94-assembly1_A	6.344E-01	3.365E-01	2.749E-02	3.472E-01	0.214	1.145E+00
xm2h	7qyr-assembly2_H	5.861E-01	4.437E-01	1.748E-01	4.173E-01	0.196	1.794E+00
xm2h	7qyr-assembly1_C	5.666E-01	4.297E-01	1.691E-01	4.024E-01	0.196	1.388E+00
xm2h	8zdy-assembly1_F	3.608E-01	3.135E-01	1.247E-01	3.165E-01	0.196	1.469E-01
xm2h	7qyr-assembly2_E	5.616E-01	4.257E-01	1.651E-01	3.980E-01	0.196	1.388E+00
xm2h	7u5e-assembly1_G	3.088E-01	2.741E-01	1.327E-01	3.496E-01	0.196	1.378E-01
xm2h	8jdi-assembly2_D	4.293E-01	3.842E-01	1.588E-01	3.879E-01	0.196	5.301E-01
xm2h	9gs9-assembly1_G	3.833E-01	3.440E-01	1.275E-01	4.074E-01	0.196	4.373E-01
xm2h	8zdy-assembly1_E	3.842E-01	3.317E-01	1.192E-01	3.192E-01	0.196	2.159E-01
xm2h	5wac-assembly3_C	4.823E-01	2.969E-01	9.616E-02	3.304E-01	0.196	4.663E-01
xm2h	1fr6-assembly2_B	5.182E-01	3.128E-01	9.794E-02	3.448E-01	0.196	7.306E-01
xm2h	6yra-assembly1_A	3.425E-01	3.282E-01	7.757E-02	3.593E-01	0.196	2.159E-01
xm2h	5svc-assembly1_E	2.895E-01	2.841E-01	6.951E-02	3.273E-01	0.196	8.245E-02
xm2h	7acz-assembly2_C	5.671E-01	4.708E-01	3.273E-01	4.123E-01	0.179	1.683E+00
xm2h	1ukf-assembly1_A	3.419E-01	3.319E-01	2.144E-01	3.514E-01	0.179	2.159E-01
xm2h	3h20-assembly1_A	5.059E-01	3.766E-01	1.505E-01	3.916E-01	0.179	1.074E+00
xm2h	8yeo-assembly1_D	3.705E-01	3.206E-01	1.198E-01	3.111E-01	0.179	2.025E-01
xm2h	8jdi-assembly2_C	4.233E-01	3.719E-01	1.536E-01	3.793E-01	0.179	6.426E-01
xm2h	6lc8-assembly2_B	5.217E-01	3.128E-01	1.095E-01	3.451E-01	0.179	8.857E-01
xm2h	6ka5-assembly1_A	4.894E-01	2.966E-01	9.601E-02	3.436E-01	0.179	6.426E-01
xm2h	6m5p-assembly1_A	4.841E-01	2.959E-01	9.440E-02	3.422E-01	0.179	6.852E-01
xm2h	1q8r-assembly1_B	3.653E-01	3.625E-01	3.155E-01	3.939E-01	0.164	4.663E-01
xm2h	4i7d-assembly1_A	4.856E-01	3.342E-01	1.860E-01	3.411E-01	0.164	8.307E-01
xm2h	4i7c-assembly1_A	4.429E-01	3.487E-01	1.935E-01	3.335E-01	0.164	5.652E-01
xm2h	4i7b-assembly1_A	4.742E-01	3.505E-01	1.965E-01	3.491E-01	0.164	7.791E-01
xm2h	1k2f-assembly2_B-2	4.975E-01	3.710E-01	2.058E-01	3.598E-01	0.164	9.444E-01
xm2h	1s4d-assembly4_H	5.328E-01	4.062E-01	1.741E-01	3.722E-01	0.164	1.302E+00
xm2h	6vqx-assembly1_D	3.650E-01	3.207E-01	1.259E-01	3.407E-01	0.164	3.173E-01
xm2h	8z0l-assembly1_C	3.547E-01	3.230E-01	1.159E-01	2.951E-01	0.164	1.566E-01
xm2h	7yhs-assembly1_H	3.585E-01	3.262E-01	1.294E-01	3.432E-01	0.164	2.975E-01
xm2h	6w1x-assembly1_G	3.686E-01	3.296E-01	1.376E-01	3.460E-01	0.164	3.383E-01
xm2h	7we6-assembly1_G	3.718E-01	3.342E-01	1.361E-01	3.531E-01	0.164	3.607E-01
xm2h	6lc7-assembly2_B	5.288E-01	3.200E-01	1.039E-01	3.450E-01	0.164	1.074E+00
xm2h	2zc7-assembly3_C	5.090E-01	3.105E-01	9.777E-02	3.380E-01	0.164	8.857E-01
xm2h	8kem-assembly1_B	5.413E-01	3.284E-01	8.769E-02	3.414E-01	0.164	1.007E+00
xm2h	6ksv-assembly2_B	4.580E-01	2.818E-01	7.822E-02	3.397E-01	0.164	6.027E-01
xm2h	7skn-assembly1_B	4.169E-01	2.035E-01	2.399E-01	2.717E-01	0.150	2.790E-01
xm2h	7x7h-assembly1_D	4.604E-01	3.744E-01	3.871E-01	4.011E-01	0.150	1.221E+00
xm2h	2wsh-assembly1_D	5.169E-01	3.715E-01	2.727E-01	4.083E-01	0.150	1.794E+00
xm2h	4ca1-assembly1_A	5.054E-01	3.744E-01	2.063E-01	3.587E-01	0.150	1.145E+00
xm2h	6whi-assembly1_C	3.390E-01	3.043E-01	1.426E-01	3.186E-01	0.150	2.159E-01
xm2h	8z0l-assembly1_H	3.470E-01	2.969E-01	1.189E-01	2.903E-01	0.150	1.781E-01
xm2h	8z0k-assembly1_B	3.506E-01	2.997E-01	1.087E-01	3.021E-01	0.150	2.025E-01
xm2h	5wad-assembly4_D	4.769E-01	2.892E-01	9.611E-02	3.228E-01	0.150	7.791E-01
xm2h	4u0t-assembly7_G	5.832E-01	2.367E-01	7.147E-02	2.870E-01	0.150	9.444E-01
xm2h	5wad-assembly3_C	4.834E-01	2.961E-01	9.561E-02	3.301E-01	0.150	7.791E-01
xm2h	8fqp-assembly2_A	4.867E-01	2.975E-01	9.563E-02	3.310E-01	0.150	7.791E-01
xm2h	6m5q-assembly1_A	4.842E-01	2.959E-01	9.487E-02	3.426E-01	0.150	8.857E-01
xm2h	4bkw-assembly1_A	2.293E-01	2.279E-01	7.769E-02	3.701E-01	0.150	8.791E-02
xm2h	1opd-assembly1_A	4.534E-01	3.795E-01	3.902E-01	3.700E-01	0.138	1.074E+00
xm2h	2h8e-assembly1_A	3.489E-01	3.462E-01	2.809E-01	3.786E-01	0.138	5.652E-01
xm2h	7elm-assembly1_C	3.593E-01	3.161E-01	1.284E-01	3.329E-01	0.138	4.101E-01
xm2h	7wwv-assembly1_F	2.509E-01	2.397E-01	1.123E-01	3.273E-01	0.138	9.995E-02
xm2h	6lc9-assembly2_B	5.249E-01	3.136E-01	1.112E-01	3.447E-01	0.138	1.302E+00
xm2h	6w1x-assembly1_D	3.693E-01	3.320E-01	1.359E-01	3.525E-01	0.138	5.301E-01
xm2h	5w14-assembly4_D	4.771E-01	2.910E-01	9.414E-02	3.239E-01	0.138	8.307E-01
xm2h	8cuq-assembly2_A	4.887E-01	2.981E-01	9.523E-02	3.310E-01	0.138	9.444E-01
xm2h	8fqw-assembly1_B	4.910E-01	3.001E-01	9.551E-02	3.326E-01	0.138	1.007E+00
xm2h	4net-assembly1_A	4.854E-01	2.980E-01	9.523E-02	3.297E-01	0.138	9.444E-01
xm2h	4kg6-assembly4_D	5.470E-01	3.236E-01	9.911E-02	3.427E-01	0.138	1.480E+00
xm2h	5hai-assembly1_A	5.217E-01	3.177E-01	9.887E-02	3.378E-01	0.138	1.221E+00
xm2h	2ys7-assembly1_A	4.938E-01	3.791E-01	1.125E-01	4.021E-01	0.138	1.794E+00
xm2h	8kem-assembly1_A	5.402E-01	3.422E-01	9.129E-02	3.499E-01	0.138	1.480E+00
xm2h	5ya0-assembly1_C	4.013E-01	3.351E-01	3.431E-01	3.308E-01	0.126	6.027E-01
xm2h	8bl6-assembly1_A	4.880E-01	2.959E-01	2.001E-01	3.200E-01	0.126	1.007E+00
xm2h	7acz-assembly1_A	4.932E-01	3.774E-01	2.550E-01	3.687E-01	0.126	1.578E+00
xm2h	4i7d-assembly2_C	4.822E-01	3.318E-01	1.839E-01	3.397E-01	0.126	1.145E+00
xm2h	1xfg-assembly1_A	5.096E-01	4.285E-01	2.022E-01	4.073E-01	0.126	2.175E+00
xm2h	7qyr-assembly1_F	5.699E-01	4.436E-01	1.779E-01	4.211E-01	0.126	2.998E+00
xm2h	8w1p-assembly1_F	3.504E-01	3.105E-01	1.188E-01	2.957E-01	0.126	3.173E-01
xm2h	8jdi-assembly1_A	3.583E-01	3.231E-01	1.455E-01	3.344E-01	0.126	4.663E-01
xm2h	8evy-assembly1_B	5.424E-01	4.010E-01	1.401E-01	4.166E-01	0.126	2.637E+00
xm2h	3ixg-assembly3_A	5.396E-01	3.283E-01	1.138E-01	3.414E-01	0.126	1.683E+00
xm2h	6vqv-assembly1_F	3.781E-01	3.369E-01	1.363E-01	3.583E-01	0.126	6.426E-01
xm2h	6b44-assembly1_D	3.854E-01	3.387E-01	1.282E-01	3.662E-01	0.126	7.306E-01
xm2h	8uzd-assembly1_A	3.939E-01	3.250E-01	1.085E-01	3.026E-01	0.126	4.663E-01
xm2h	4u0t-assembly8_H	5.825E-01	2.372E-01	7.128E-02	2.848E-01	0.126	1.221E+00
xm2h	1l0f-assembly1_A	5.393E-01	3.267E-01	1.030E-01	3.457E-01	0.126	1.794E+00
xm2h	8fqu-assembly2_A	4.862E-01	2.992E-01	9.508E-02	3.313E-01	0.126	1.074E+00
xm2h	3ixg-assembly3_B	5.516E-01	3.305E-01	1.024E-01	3.462E-01	0.126	1.683E+00
xm2h	7mdc-assembly1_A	4.898E-01	2.577E-01	6.672E-02	3.230E-01	0.126	1.074E+00
xm2h	5l9w-assembly2_B	3.242E-01	3.182E-01	7.175E-02	3.460E-01	0.126	3.846E-01
xm2h	2lmc-assembly1_A	3.838E-01	2.627E-01	3.376E-01	3.433E-01	0.116	7.791E-01
xm2h	7sko-assembly2_B	4.048E-01	2.029E-01	2.529E-01	2.740E-01	0.116	4.373E-01
xm2h	6rfg-assembly2_C	5.011E-01	2.731E-01	1.983E-01	3.552E-01	0.116	1.683E+00
xm2h	6rfg-assembly1_A	5.367E-01	2.804E-01	1.996E-01	3.619E-01	0.116	2.319E+00
xm2h	8bl3-assembly1_A	5.195E-01	3.067E-01	2.032E-01	3.336E-01	0.116	1.578E+00
xm2h	2a25-assembly1_A-2	4.972E-01	3.349E-01	2.264E-01	3.304E-01	0.116	1.480E+00
xm2h	1lb6-assembly1_A	4.945E-01	3.884E-01	2.505E-01	3.551E-01	0.116	1.578E+00
xm2h	3h25-assembly1_A	4.995E-01	3.735E-01	2.124E-01	3.884E-01	0.116	2.175E+00
xm2h	4x3g-assembly1_A	4.229E-01	3.294E-01	1.976E-01	3.410E-01	0.116	1.074E+00
xm2h	1s4d-assembly3_F	4.921E-01	3.915E-01	1.768E-01	3.627E-01	0.116	1.683E+00
xm2h	7qyr-assembly2_G	5.512E-01	4.174E-01	1.642E-01	4.035E-01	0.116	2.998E+00
xm2h	7yhs-assembly1_C	3.049E-01	2.804E-01	1.323E-01	3.122E-01	0.116	2.975E-01
xm2h	2glt-assembly1_A	4.034E-01	2.765E-01	1.091E-01	3.441E-01	0.116	9.444E-01
xm2h	7eqg-assembly1_D	3.441E-01	3.101E-01	1.349E-01	3.191E-01	0.116	4.373E-01
xm2h	7yhs-assembly1_D	3.088E-01	2.798E-01	1.268E-01	3.311E-01	0.116	3.607E-01
xm2h	6vqw-assembly1_H	3.291E-01	2.942E-01	1.246E-01	3.245E-01	0.116	4.101E-01
xm2h	6vqw-assembly1_G	3.627E-01	3.187E-01	1.244E-01	3.147E-01	0.116	4.972E-01
xm2h	7ecv-assembly1_E	3.554E-01	3.259E-01	1.312E-01	3.425E-01	0.116	6.027E-01
xm2h	2qz6-assembly1_A	4.956E-01	2.941E-01	9.308E-02	3.373E-01	0.116	1.388E+00
xm2h	5wac-assembly4_D	5.741E-01	2.422E-01	7.342E-02	2.969E-01	0.116	1.578E+00
xm2h	3fkw-assembly3_A	5.389E-01	3.264E-01	1.030E-01	3.452E-01	0.116	2.040E+00
xm2h	8fqt-assembly2_A	4.817E-01	2.976E-01	9.593E-02	3.305E-01	0.116	1.221E+00
xm2h	8fqw-assembly2_A	4.828E-01	2.965E-01	9.562E-02	3.304E-01	0.116	1.388E+00
xm2h	1kvm-assembly1_A	5.388E-01	3.267E-01	1.027E-01	3.462E-01	0.116	1.913E+00
xm2h	6pwl-assembly4_D	4.842E-01	2.950E-01	9.542E-02	3.303E-01	0.116	1.302E+00
xm2h	3fkv-assembly3_A	5.397E-01	3.268E-01	1.023E-01	3.456E-01	0.116	2.040E+00
xm2h	6wif-assembly4_D	4.859E-01	2.974E-01	9.517E-02	3.315E-01	0.116	1.302E+00
xm2h	8fqq-assembly2_B	4.837E-01	2.981E-01	9.470E-02	3.307E-01	0.116	1.221E+00
xm2h	7twk-assembly2_C	4.383E-01	3.417E-01	1.162E-01	3.353E-01	0.116	1.074E+00
xm2h	7twm-assembly1_B	4.601E-01	3.512E-01	1.107E-01	3.426E-01	0.116	1.302E+00
xm2h	2j6h-assembly1_B	5.597E-01	4.690E-01	9.506E-02	4.275E-01	0.116	3.634E+00
xm2h	4lnv-assembly3_C	5.979E-01	3.120E-01	2.520E-02	3.381E-01	0.116	2.473E+00
xm2h	4xwj-assembly1_B	4.235E-01	3.494E-01	3.645E-01	3.529E-01	0.106	1.302E+00
xm2h	8cwo-assembly1_K	7.908E-01	2.414E-01	1.862E-01	3.091E-01	0.106	4.406E+00
xm2h	2wsh-assembly1_C	5.036E-01	3.463E-01	2.602E-01	3.967E-01	0.106	2.811E+00
xm2h	2wsh-assembly1_B	4.777E-01	3.469E-01	2.562E-01	3.753E-01	0.106	2.175E+00
xm2h	5h9m-assembly1_B	4.688E-01	3.095E-01	1.591E-01	3.082E-01	0.106	1.221E+00
xm2h	4i7c-assembly2_C	4.150E-01	2.955E-01	1.744E-01	3.079E-01	0.106	7.791E-01
xm2h	3kwp-assembly1_A-2	3.247E-01	2.910E-01	1.499E-01	3.093E-01	0.106	3.846E-01
xm2h	1cbf-assembly1_A	5.014E-01	3.796E-01	1.750E-01	3.682E-01	0.106	2.319E+00
xm2h	4egq-assembly5_A-2	5.568E-01	4.387E-01	1.714E-01	4.036E-01	0.106	3.634E+00
xm2h	8znr-assembly1_H	3.549E-01	3.101E-01	1.249E-01	3.060E-01	0.106	4.663E-01
xm2h	7taw-assembly1_d	3.414E-01	3.151E-01	1.400E-01	3.243E-01	0.106	5.301E-01
xm2h	8z0l-assembly1_G	3.642E-01	3.238E-01	1.207E-01	2.971E-01	0.106	5.301E-01
xm2h	6pif-assembly1_F	3.880E-01	3.412E-01	1.442E-01	3.608E-01	0.106	1.145E+00
xm2h	8znr-assembly1_D	3.507E-01	3.065E-01	1.258E-01	3.354E-01	0.106	6.027E-01
xm2h	8ydb-assembly1_H	3.444E-01	2.950E-01	1.098E-01	2.910E-01	0.106	3.607E-01
xm2h	7yhs-assembly1_I	3.284E-01	3.027E-01	1.237E-01	3.192E-01	0.106	4.373E-01
xm2h	4net-assembly2_B	4.690E-01	3.097E-01	1.047E-01	3.383E-01	0.106	1.480E+00
xm2h	1fcn-assembly1_A	5.282E-01	3.165E-01	1.006E-01	3.341E-01	0.106	1.913E+00
xm2h	8fqt-assembly1_B	4.850E-01	2.985E-01	9.644E-02	3.307E-01	0.106	1.578E+00
xm2h	5evl-assembly1_A	4.669E-01	2.845E-01	9.309E-02	3.139E-01	0.106	1.302E+00
xm2h	8fqs-assembly1_B	4.648E-01	2.937E-01	9.591E-02	3.034E-01	0.106	1.074E+00
xm2h	6wgq-assembly2_B	5.417E-01	3.230E-01	1.002E-01	3.393E-01	0.106	2.319E+00
xm2h	8sdv-assembly1_A	4.468E-01	2.863E-01	9.401E-02	3.196E-01	0.106	1.145E+00
xm2h	7twl-assembly1_B	4.348E-01	3.408E-01	1.101E-01	3.338E-01	0.106	1.302E+00
xm2h	9atl-assembly1_K	4.245E-01	3.062E-01	9.539E-02	3.332E-01	0.106	1.074E+00
xm2h	2yrx-assembly1_A	5.073E-01	3.903E-01	1.123E-01	3.958E-01	0.106	2.811E+00
xm2h	8k1a-assembly1_C	4.742E-01	3.316E-01	5.604E-02	3.093E-01	0.106	1.145E+00
xm2h	8k1a-assembly1_D	4.790E-01	3.255E-01	5.575E-02	3.324E-01	0.106	1.480E+00
xm2h	1cm3-assembly1_A	4.134E-01	3.493E-01	3.607E-01	3.474E-01	0.098	1.388E+00
xm2h	3ccd-assembly1_A	3.762E-01	3.162E-01	3.233E-01	3.489E-01	0.098	1.074E+00
xm2h	5oom-assembly1_P	4.280E-01	2.600E-01	1.763E-01	3.221E-01	0.098	1.221E+00
xm2h	1j5y-assembly1_A	4.431E-01	4.148E-01	2.620E-01	4.270E-01	0.098	2.637E+00
xm2h	4i7b-assembly2_C	4.164E-01	3.212E-01	1.934E-01	3.368E-01	0.098	1.302E+00
xm2h	5wzz-assembly2_B	4.914E-01	3.647E-01	2.025E-01	3.477E-01	0.098	2.040E+00
xm2h	5hw4-assembly2_C-2	4.325E-01	3.725E-01	1.995E-01	3.653E-01	0.098	1.913E+00
xm2h	8yh9-assembly1_D	3.529E-01	3.016E-01	1.172E-01	2.899E-01	0.098	5.652E-01
xm2h	8yh9-assembly1_H	3.727E-01	3.316E-01	1.261E-01	3.116E-01	0.098	7.791E-01
xm2h	4e6x-assembly2_B	4.786E-01	2.455E-01	9.011E-02	3.159E-01	0.098	1.578E+00
xm2h	6uvn-assembly1_C	3.299E-01	3.158E-01	1.412E-01	3.470E-01	0.098	7.791E-01
xm2h	6whi-assembly1_G	3.102E-01	2.814E-01	1.253E-01	3.235E-01	0.098	5.301E-01
xm2h	6vqw-assembly1_I	3.738E-01	3.315E-01	1.289E-01	2.937E-01	0.098	6.027E-01
xm2h	6lnb-assembly1_F	3.886E-01	3.468E-01	1.474E-01	3.751E-01	0.098	1.388E+00
xm2h	6pij-assembly1_C	3.876E-01	3.429E-01	1.346E-01	3.661E-01	0.098	1.302E+00
xm2h	6pig-assembly1_A	4.022E-01	3.716E-01	1.435E-01	3.953E-01	0.098	1.683E+00
xm2h	5e2g-assembly2_B	4.812E-01	2.977E-01	9.926E-02	3.405E-01	0.098	1.913E+00
xm2h	4kz9-assembly1_A	5.400E-01	3.275E-01	1.036E-01	3.466E-01	0.098	2.811E+00
xm2h	1l0d-assembly1_A	5.366E-01	3.259E-01	1.035E-01	3.463E-01	0.098	2.811E+00
xm2h	4lv3-assembly1_A	5.425E-01	3.286E-01	1.035E-01	3.451E-01	0.098	2.637E+00
xm2h	5e2h-assembly3_C	4.592E-01	2.695E-01	8.761E-02	2.734E-01	0.098	8.857E-01
xm2h	8fqq-assembly1_A	4.836E-01	2.964E-01	9.542E-02	3.305E-01	0.098	1.683E+00
xm2h	8fqv-assembly2_A	4.841E-01	2.962E-01	9.538E-02	3.311E-01	0.098	1.794E+00
xm2h	4u0t-assembly6_F	4.936E-01	3.054E-01	9.802E-02	3.354E-01	0.098	1.913E+00
xm2h	5evi-assembly3_C	4.642E-01	2.524E-01	8.338E-02	2.783E-01	0.098	9.444E-01
xm2h	4hef-assembly1_A	4.462E-01	2.865E-01	9.401E-02	3.185E-01	0.098	1.302E+00
xm2h	1rgy-assembly1_A	5.048E-01	3.156E-01	9.952E-02	3.462E-01	0.098	2.319E+00
xm2h	6m5h-assembly1_A	4.816E-01	2.954E-01	9.397E-02	3.416E-01	0.098	2.040E+00
xm2h	7twl-assembly2_C	4.462E-01	3.471E-01	1.111E-01	3.417E-01	0.098	1.578E+00
xm2h	7twk-assembly1_B	4.502E-01	3.462E-01	1.100E-01	3.388E-01	0.098	1.683E+00
xm2h	6ksv-assembly1_A	4.562E-01	2.811E-01	7.793E-02	3.386E-01	0.098	1.794E+00
xm2h	3ooj-assembly1_C	5.843E-01	5.003E-01	9.809E-02	4.414E-01	0.098	5.009E+00
xm2h	3ooj-assembly1_E	5.131E-01	4.288E-01	9.295E-02	4.065E-01	0.098	3.408E+00
xm2h	8pe4-assembly1_A	6.718E-01	1.923E-01	2.844E-02	2.714E-01	0.098	2.473E+00
xm2h	5svb-assembly1_B	2.638E-01	2.597E-01	7.300E-02	3.350E-01	0.098	3.383E-01
xm2h	6r21-assembly1_a	4.608E-01	2.663E-01	3.352E-02	2.649E-01	0.098	8.857E-01
xm2h	1cm2-assembly1_A	4.121E-01	3.514E-01	3.603E-01	3.516E-01	0.090	1.794E+00
xm2h	2ea9-assembly1_A	3.637E-01	2.695E-01	2.432E-01	3.330E-01	0.090	9.444E-01
xm2h	2fhz-assembly1_A	3.358E-01	2.879E-01	2.550E-01	3.320E-01	0.090	8.307E-01
xm2h	2h8c-assembly2_C	3.330E-01	3.252E-01	2.812E-01	3.607E-01	0.090	1.074E+00
xm2h	2xon-assembly1_A	5.032E-01	2.977E-01	1.918E-01	2.885E-01	0.090	1.794E+00
xm2h	8fg6-assembly1_B	3.201E-01	2.468E-01	1.754E-01	3.858E-01	0.090	1.074E+00
xm2h	1zq7-assembly1_A	3.127E-01	2.396E-01	1.331E-01	3.348E-01	0.090	7.306E-01
xm2h	6no4-assembly1_B	6.409E-01	4.821E-01	2.434E-01	4.687E-01	0.090	7.849E+00
xm2h	3zeu-assembly2_A	7.459E-01	3.913E-01	1.639E-01	4.055E-01	0.090	8.369E+00
xm2h	1s4d-assembly4_I	4.746E-01	3.777E-01	1.665E-01	3.660E-01	0.090	2.811E+00
xm2h	4eg0-assembly1_A	5.897E-01	4.248E-01	1.575E-01	4.416E-01	0.090	6.072E+00
xm2h	8yh9-assembly1_I	3.250E-01	2.807E-01	1.108E-01	2.890E-01	0.090	4.663E-01
xm2h	6v9q-assembly1_G	2.963E-01	2.831E-01	1.421E-01	3.672E-01	0.090	8.307E-01
xm2h	6vbw-assembly1_G	2.901E-01	2.646E-01	1.316E-01	3.566E-01	0.090	6.426E-01
xm2h	6ii0-assembly1_A	3.911E-01	3.882E-01	1.553E-01	3.826E-01	0.090	1.683E+00
xm2h	8uzd-assembly1_B-2	3.929E-01	3.239E-01	1.093E-01	2.974E-01	0.090	1.007E+00
xm2h	4u0t-assembly4_D	5.728E-01	2.373E-01	7.213E-02	2.887E-01	0.090	2.319E+00
xm2h	8sdn-assembly1_A	4.086E-01	2.822E-01	9.616E-02	3.134E-01	0.090	1.221E+00
xm2h	1fcm-assembly1_A	5.311E-01	3.237E-01	1.029E-01	3.404E-01	0.090	2.998E+00
xm2h	5w12-assembly1_A	5.790E-01	2.366E-01	7.074E-02	2.877E-01	0.090	2.319E+00
xm2h	5wae-assembly4_D	4.796E-01	2.929E-01	9.425E-02	3.272E-01	0.090	2.175E+00
xm2h	2p9v-assembly1_A	5.367E-01	3.260E-01	1.024E-01	3.460E-01	0.090	2.998E+00
xm2h	6lc9-assembly1_A	5.090E-01	3.081E-01	9.804E-02	3.419E-01	0.090	2.811E+00
xm2h	1q2q-assembly1_A	5.260E-01	3.151E-01	9.876E-02	3.419E-01	0.090	2.998E+00
xm2h	6y3p-assembly1_A	4.397E-01	3.813E-01	1.379E-01	4.191E-01	0.090	2.811E+00
xm2h	5hi0-assembly1_A	5.026E-01	2.569E-01	6.838E-02	3.037E-01	0.090	1.794E+00
xm2h	7mde-assembly1_A-2	4.906E-01	2.587E-01	6.579E-02	3.255E-01	0.090	2.175E+00
xm2h	7mdf-assembly1_A-2	4.834E-01	2.580E-01	6.472E-02	3.233E-01	0.090	1.913E+00
xm2h	4bik-assembly1_A	4.166E-01	3.756E-01	9.654E-02	3.037E-01	0.090	1.145E+00
xm2h	7ey9-assembly1_s	3.978E-01	2.774E-01	4.039E-02	2.835E-01	0.090	8.307E-01
xm2h	7y22-assembly1_Y	3.941E-01	2.923E-01	5.218E-02	2.821E-01	0.090	8.307E-01
xm2h	7ff5-assembly3_C	4.106E-01	3.465E-01	3.570E-01	3.714E-01	0.082	2.175E+00
xm2h	4w29-assembly1_BS	5.816E-01	2.108E-01	1.915E-01	2.836E-01	0.082	2.637E+00
xm2h	6qnq-assembly2_65	7.007E-01	2.185E-01	1.785E-01	2.931E-01	0.082	4.406E+00
xm2h	4v8c-assembly1_AQ	6.476E-01	2.171E-01	1.769E-01	2.917E-01	0.082	3.634E+00
xm2h	2jdp-assembly1_D	5.435E-01	3.364E-01	2.717E-01	3.405E-01	0.082	3.408E+00
xm2h	4o9g-assembly1_B	4.069E-01	1.956E-01	1.401E-01	2.472E-01	0.082	6.852E-01
xm2h	6zm5-assembly1_P	4.218E-01	2.585E-01	1.721E-01	3.143E-01	0.082	1.683E+00
xm2h	2gem-assembly1_A	7.232E-01	3.659E-01	1.634E-01	3.835E-01	0.082	7.849E+00
xm2h	1va0-assembly1_B	4.618E-01	3.424E-01	1.695E-01	3.339E-01	0.082	2.473E+00
xm2h	1s4d-assembly5_J	4.919E-01	3.873E-01	1.757E-01	3.590E-01	0.082	2.998E+00
xm2h	5i47-assembly1_A	4.113E-01	3.172E-01	1.466E-01	3.782E-01	0.082	2.175E+00
xm2h	4nx9-assembly1_A	3.597E-01	2.680E-01	1.159E-01	2.803E-01	0.082	7.306E-01
xm2h	7qie-assembly1_A	4.706E-01	3.429E-01	1.348E-01	3.369E-01	0.082	2.473E+00
xm2h	5nri-assembly1_A	5.844E-01	4.506E-01	1.585E-01	4.358E-01	0.082	6.904E+00
xm2h	8fuk-assembly1_A	3.402E-01	3.285E-01	1.443E-01	3.709E-01	0.082	1.302E+00
xm2h	6ii0-assembly2_B	3.835E-01	3.779E-01	1.512E-01	3.475E-01	0.082	1.683E+00
xm2h	6uvn-assembly1_D	3.391E-01	3.243E-01	1.385E-01	3.544E-01	0.082	1.302E+00
xm2h	5e2g-assembly1_A	4.871E-01	3.023E-01	9.878E-02	3.360E-01	0.082	2.637E+00
xm2h	5zyb-assembly1_A	5.017E-01	2.945E-01	9.435E-02	3.275E-01	0.082	2.811E+00
xm2h	7mqn-assembly2_B	4.421E-01	2.616E-01	8.696E-02	2.918E-01	0.082	1.480E+00
xm2h	3iwq-assembly2_A	5.402E-01	3.257E-01	1.029E-01	3.443E-01	0.082	3.634E+00
xm2h	3iwi-assembly1_A	5.411E-01	3.274E-01	1.029E-01	3.461E-01	0.082	3.408E+00
xm2h	8jb8-assembly1_A	5.188E-01	3.136E-01	9.965E-02	3.370E-01	0.082	3.196E+00
xm2h	1l0g-assembly2_B	5.340E-01	3.247E-01	1.016E-01	3.447E-01	0.082	3.408E+00
xm2h	8sdl-assembly1_A	4.542E-01	2.769E-01	8.988E-02	3.119E-01	0.082	1.794E+00
xm2h	7twm-assembly1_A	4.437E-01	3.447E-01	1.143E-01	3.371E-01	0.082	2.319E+00
xm2h	3mjf-assembly1_A	4.261E-01	3.679E-01	1.184E-01	3.897E-01	0.082	2.637E+00
xm2h	6sic-assembly1_J	4.391E-01	3.448E-01	8.461E-02	3.026E-01	0.082	1.578E+00
xm2h	2ols-assembly1_A	3.557E-01	3.187E-01	7.211E-02	3.639E-01	0.082	1.578E+00
xm2h	4lk0-assembly2_N	4.481E-01	2.691E-01	3.867E-01	3.388E-01	0.076	2.811E+00
xm2h	7t2f-assembly1_B	5.715E-01	2.697E-01	4.214E-01	3.526E-01	0.076	5.009E+00
xm2h	8xow-assembly1_w	4.349E-01	2.799E-01	3.518E-01	3.811E-01	0.076	3.196E+00
xm2h	1e8s-assembly1_A	4.038E-01	2.786E-01	3.322E-01	3.560E-01	0.076	2.319E+00
xm2h	1qr5-assembly1_A	4.081E-01	3.517E-01	3.540E-01	3.634E-01	0.076	2.319E+00
xm2h	4ce4-assembly1_S	4.492E-01	2.641E-01	2.518E-01	3.229E-01	0.076	2.319E+00
xm2h	3fq6-assembly1_A	3.839E-01	3.228E-01	2.703E-01	3.373E-01	0.076	1.683E+00
xm2h	6xwv-assembly1_A	4.826E-01	2.452E-01	1.737E-01	3.118E-01	0.076	2.637E+00
xm2h	6myd-assembly2_C	4.561E-01	3.620E-01	2.392E-01	3.491E-01	0.076	2.998E+00
xm2h	6sf2-assembly1_F	3.617E-01	2.560E-01	1.603E-01	2.811E-01	0.076	8.857E-01
xm2h	5yc1-assembly1_C	4.907E-01	3.739E-01	2.231E-01	3.221E-01	0.076	2.811E+00
xm2h	1zz7-assembly1_A-2	5.223E-01	2.600E-01	1.396E-01	3.054E-01	0.076	2.998E+00
xm2h	3o3v-assembly3_C	5.208E-01	2.208E-01	7.225E-02	2.881E-01	0.076	2.473E+00
xm2h	1xgi-assembly1_A	5.238E-01	3.155E-01	1.031E-01	3.352E-01	0.076	3.634E+00
xm2h	3ixb-assembly2_A	5.386E-01	3.259E-01	1.032E-01	3.445E-01	0.076	4.132E+00
xm2h	9c84-assembly1_A	5.355E-01	3.256E-01	1.027E-01	3.443E-01	0.076	3.875E+00
xm2h	2dns-assembly4_D	4.877E-01	2.838E-01	8.843E-02	3.065E-01	0.076	2.637E+00
xm2h	1iel-assembly1_A	4.939E-01	2.958E-01	9.347E-02	3.177E-01	0.076	2.637E+00
xm2h	1l0g-assembly1_A	4.928E-01	2.949E-01	9.335E-02	3.159E-01	0.076	2.998E+00
xm2h	4qd4-assembly2_B	4.796E-01	2.961E-01	9.490E-02	3.299E-01	0.076	2.811E+00
xm2h	1l0f-assembly2_B	5.346E-01	3.248E-01	1.016E-01	3.444E-01	0.076	3.875E+00
xm2h	1rgz-assembly1_A	4.449E-01	2.759E-01	9.134E-02	2.946E-01	0.076	1.913E+00
xm2h	3s4x-assembly1_A	5.218E-01	3.142E-01	9.648E-02	3.446E-01	0.076	3.875E+00
xm2h	4xfr-assembly1_A	7.417E-01	2.457E-01	5.862E-02	3.052E-01	0.076	6.475E+00
xm2h	6veb-assembly1_A	5.166E-01	3.825E-01	1.019E-01	3.606E-01	0.076	4.132E+00
xm2h	8fop-assembly1_j	4.669E-01	3.193E-01	7.468E-02	3.322E-01	0.076	2.811E+00
xm2h	3ooj-assembly1_D	5.737E-01	4.797E-01	9.748E-02	4.210E-01	0.076	7.361E+00
xm2h	8pe4-assembly1_B	6.023E-01	1.888E-01	2.819E-02	2.712E-01	0.076	2.998E+00
xm2h	7y1c-assembly1_Y	4.260E-01	3.022E-01	5.333E-02	3.239E-01	0.076	1.913E+00
xm2h	2pn5-assembly1_A	5.963E-01	3.157E-01	2.595E-02	3.509E-01	0.076	5.009E+00
xm2h	7ban-assembly1_A	5.833E-01	2.247E-01	1.145E-02	3.024E-01	0.076	3.408E+00
xm2h	6e5c-assembly1_A	3.071E-01	2.758E-01	3.041E-01	3.097E-01	0.069	8.857E-01
xm2h	5t1o-assembly1_A	4.587E-01	3.666E-01	3.803E-01	3.914E-01	0.069	4.132E+00
xm2h	1jem-assembly1_A	4.639E-01	3.740E-01	3.799E-01	3.735E-01	0.069	3.875E+00
xm2h	1sph-assembly1_B	4.385E-01	3.652E-01	3.705E-01	3.501E-01	0.069	2.998E+00
xm2h	3lfg-assembly2_B	4.278E-01	3.614E-01	3.614E-01	3.615E-01	0.069	3.196E+00
xm2h	1qys-assembly1_A	3.744E-01	2.541E-01	2.474E-01	2.958E-01	0.069	1.480E+00
xm2h	7m0q-assembly1_B	3.687E-01	2.555E-01	2.398E-01	2.593E-01	0.069	9.444E-01
xm2h	4v5l-assembly1_BS	6.300E-01	2.247E-01	2.057E-01	2.684E-01	0.069	3.634E+00
xm2h	5ib8-assembly2_65	6.611E-01	2.190E-01	1.798E-01	2.823E-01	0.069	5.009E+00
xm2h	3ffy-assembly1_A-2	3.998E-01	3.347E-01	2.825E-01	3.418E-01	0.069	2.473E+00
xm2h	3oon-assembly1_A-2	3.859E-01	3.729E-01	3.103E-01	3.474E-01	0.069	2.319E+00
xm2h	7r4b-assembly2_F	3.704E-01	3.673E-01	3.002E-01	3.425E-01	0.069	1.913E+00
xm2h	1xbf-assembly1_C	3.195E-01	3.105E-01	2.391E-01	3.018E-01	0.069	8.857E-01
xm2h	7oic-assembly1_P	4.475E-01	2.526E-01	1.792E-01	3.207E-01	0.069	2.811E+00
xm2h	8w97-assembly1_A	3.926E-01	3.405E-01	2.336E-01	3.322E-01	0.069	2.319E+00
xm2h	2dmh-assembly1_A	7.496E-01	2.434E-01	1.577E-01	2.772E-01	0.069	5.695E+00
xm2h	3zjb-assembly1_A	4.733E-01	3.673E-01	2.169E-01	3.445E-01	0.069	3.875E+00
xm2h	2bno-assembly1_A-2	5.274E-01	2.654E-01	1.338E-01	3.066E-01	0.069	3.408E+00
xm2h	5bod-assembly1_A	4.743E-01	3.030E-01	1.588E-01	3.457E-01	0.069	3.408E+00
xm2h	4emv-assembly1_A	4.745E-01	3.043E-01	1.560E-01	3.481E-01	0.069	3.634E+00
xm2h	2a2j-assembly1_B	4.453E-01	2.205E-01	1.116E-01	3.046E-01	0.069	2.175E+00
xm2h	1wyz-assembly2_D	4.064E-01	3.436E-01	1.790E-01	3.322E-01	0.069	2.319E+00
xm2h	5hw4-assembly1_A	4.315E-01	3.700E-01	1.907E-01	3.595E-01	0.069	3.408E+00
xm2h	1s4d-assembly6_L	4.372E-01	3.266E-01	1.414E-01	3.215E-01	0.069	2.473E+00
xm2h	7tjt-assembly1_G	4.434E-01	3.868E-01	1.862E-01	3.895E-01	0.069	4.132E+00
xm2h	1s4d-assembly3_G	4.622E-01	3.737E-01	1.714E-01	3.736E-01	0.069	4.406E+00
xm2h	7qie-assembly1_B	3.581E-01	2.887E-01	1.298E-01	3.400E-01	0.069	1.683E+00
xm2h	1gsa-assembly1_A	4.451E-01	3.398E-01	1.298E-01	3.475E-01	0.069	3.196E+00
xm2h	8fuk-assembly1_C	3.836E-01	3.373E-01	1.404E-01	3.760E-01	0.069	2.811E+00
xm2h	4e6w-assembly2_C-2	5.259E-01	2.218E-01	7.338E-02	2.911E-01	0.069	3.196E+00
xm2h	7u1j-assembly2_B	4.119E-01	2.199E-01	6.942E-02	2.721E-01	0.069	1.578E+00
xm2h	3ixd-assembly2_B	5.239E-01	3.165E-01	1.022E-01	3.366E-01	0.069	4.406E+00
xm2h	2i72-assembly1_B	5.346E-01	3.250E-01	1.044E-01	3.403E-01	0.069	4.698E+00
xm2h	5joc-assembly2_B	5.368E-01	3.196E-01	1.005E-01	3.437E-01	0.069	5.009E+00
xm2h	3iwo-assembly3_A	5.355E-01	3.264E-01	1.032E-01	3.437E-01	0.069	5.009E+00
xm2h	2zj9-assembly2_B	5.326E-01	3.191E-01	1.002E-01	3.363E-01	0.069	4.698E+00
xm2h	7cin-assembly1_A	4.966E-01	2.936E-01	9.152E-02	2.996E-01	0.069	2.811E+00
xm2h	1l0d-assembly2_B	5.336E-01	3.246E-01	1.016E-01	3.458E-01	0.069	4.406E+00
xm2h	6g9t-assembly2_B	5.163E-01	3.214E-01	1.010E-01	3.467E-01	0.069	4.406E+00
xm2h	1s6r-assembly1_A	5.298E-01	3.169E-01	9.922E-02	3.383E-01	0.069	4.132E+00
xm2h	2dns-assembly3_C	4.919E-01	2.772E-01	8.569E-02	3.060E-01	0.069	2.998E+00
xm2h	7oje-assembly2_C	3.947E-01	3.911E-01	1.290E-01	3.348E-01	0.069	2.040E+00
xm2h	7twk-assembly1_A	4.435E-01	3.457E-01	1.142E-01	3.408E-01	0.069	3.196E+00
xm2h	2v09-assembly1_A	4.761E-01	2.419E-01	6.507E-02	2.823E-01	0.069	2.175E+00
xm2h	5zwq-assembly1_A	4.438E-01	2.459E-01	7.441E-02	3.113E-01	0.069	2.319E+00
xm2h	5cae-assembly1_B	3.796E-01	3.547E-01	1.159E-01	3.766E-01	0.069	2.473E+00
xm2h	2yw2-assembly1_A	5.004E-01	4.129E-01	1.193E-01	4.163E-01	0.069	5.695E+00
xm2h	6pr4-assembly1_A	5.199E-01	3.849E-01	1.022E-01	3.651E-01	0.069	4.698E+00
xm2h	5imw-assembly1_A	5.738E-01	3.581E-01	8.709E-02	3.871E-01	0.069	6.904E+00
xm2h	5xda-assembly1_C-2	4.152E-01	3.986E-01	8.910E-02	3.527E-01	0.069	2.998E+00
xm2h	3ooj-assembly1_F	4.898E-01	4.111E-01	9.245E-02	3.875E-01	0.069	5.341E+00
xm2h	3ooj-assembly1_G	5.489E-01	4.724E-01	9.539E-02	4.201E-01	0.069	6.904E+00
xm2h	4lnv-assembly2_B	6.034E-01	3.153E-01	3.057E-02	3.381E-01	0.069	5.695E+00
xm2h	8fia-assembly1_A-2	5.318E-01	2.146E-01	1.174E-02	2.959E-01	0.069	3.408E+00
xm2h	5hy3-assembly1_B	6.190E-01	3.040E-01	4.358E-01	3.584E-01	0.063	7.849E+00
xm2h	7bpm-assembly1_A	5.387E-01	2.779E-01	3.139E-01	3.135E-01	0.063	4.406E+00
xm2h	5bw0-assembly2_D	5.387E-01	2.781E-01	2.918E-01	3.148E-01	0.063	4.698E+00
xm2h	1ka5-assembly1_A	4.573E-01	3.835E-01	3.861E-01	3.893E-01	0.063	5.009E+00
xm2h	3zxw-assembly1_B	4.634E-01	3.245E-01	3.150E-01	3.659E-01	0.063	4.698E+00
xm2h	5kf4-assembly3_C	5.959E-01	2.211E-01	2.062E-01	2.804E-01	0.063	4.406E+00
xm2h	2ybv-assembly1_L	4.723E-01	3.830E-01	3.411E-01	3.640E-01	0.063	4.698E+00
xm2h	2h8c-assembly2_D	2.593E-01	2.572E-01	2.248E-01	3.174E-01	0.063	7.791E-01
xm2h	1xho-assembly1_B	3.519E-01	3.453E-01	2.899E-01	3.387E-01	0.063	2.175E+00
xm2h	2jdy-assembly1_D	5.356E-01	3.345E-01	2.704E-01	3.380E-01	0.063	5.341E+00
xm2h	2mem-assembly1_A	3.516E-01	2.438E-01	1.999E-01	3.055E-01	0.063	1.683E+00
xm2h	2cdp-assembly4_D	3.715E-01	2.761E-01	2.022E-01	2.726E-01	0.063	1.480E+00
xm2h	6elt-assembly1_A	3.214E-01	3.131E-01	2.347E-01	2.899E-01	0.063	1.007E+00
xm2h	2cdo-assembly3_C	3.846E-01	2.954E-01	2.067E-01	2.888E-01	0.063	1.578E+00
xm2h	6o2k-assembly1_B	4.710E-01	2.416E-01	1.615E-01	3.086E-01	0.063	3.408E+00
xm2h	1wwr-assembly1_A	3.655E-01	2.763E-01	1.765E-01	3.496E-01	0.063	2.473E+00
xm2h	6okk-assembly1_D	4.955E-01	3.065E-01	1.931E-01	3.120E-01	0.063	3.875E+00
xm2h	2d16-assembly1_A	2.791E-01	2.532E-01	1.760E-01	3.783E-01	0.063	1.480E+00
xm2h	5yc1-assembly2_F	4.813E-01	3.713E-01	2.275E-01	3.474E-01	0.063	4.406E+00
xm2h	4yet-assembly1_A	3.642E-01	2.574E-01	1.450E-01	3.050E-01	0.063	1.578E+00
xm2h	6ku5-assembly2_B	5.157E-01	3.636E-01	1.749E-01	3.214E-01	0.063	4.406E+00
xm2h	5xv4-assembly3_F	3.667E-01	3.634E-01	1.841E-01	3.011E-01	0.063	1.578E+00
xm2h	2npn-assembly1_A	4.583E-01	3.358E-01	1.598E-01	3.338E-01	0.063	3.634E+00
xm2h	3oeh-assembly2_P	5.165E-01	3.984E-01	1.829E-01	3.838E-01	0.063	6.072E+00
xm2h	8wi9-assembly1_w	4.934E-01	2.648E-01	1.203E-01	3.477E-01	0.063	5.009E+00
xm2h	1s4d-assembly5_K	4.635E-01	3.737E-01	1.708E-01	3.700E-01	0.063	4.406E+00
xm2h	1s4d-assembly1_B	3.909E-01	3.067E-01	1.321E-01	3.102E-01	0.063	2.319E+00
xm2h	3lup-assembly1_A	3.405E-01	2.998E-01	1.272E-01	3.455E-01	0.063	2.040E+00
xm2h	8bq4-assembly1_A	4.875E-01	3.262E-01	1.299E-01	3.622E-01	0.063	5.009E+00
xm2h	7qyr-assembly2_B	5.477E-01	4.175E-01	1.651E-01	3.901E-01	0.063	6.904E+00
xm2h	8ydb-assembly1_D	3.494E-01	3.007E-01	1.144E-01	3.019E-01	0.063	1.480E+00
xm2h	6lnb-assembly1_B	2.834E-01	2.720E-01	1.353E-01	3.320E-01	0.063	1.221E+00
xm2h	4egq-assembly5_C	4.641E-01	3.571E-01	1.435E-01	3.655E-01	0.063	4.698E+00
xm2h	4a51-assembly7_G	3.857E-01	3.420E-01	1.425E-01	3.192E-01	0.063	2.175E+00
xm2h	4e6w-assembly1_B	5.244E-01	2.220E-01	7.298E-02	2.903E-01	0.063	3.408E+00
xm2h	6vbw-assembly1_E	2.708E-01	2.472E-01	1.159E-01	3.389E-01	0.063	1.007E+00
xm2h	6vbw-assembly1_F	3.047E-01	2.776E-01	1.221E-01	3.133E-01	0.063	1.221E+00
xm2h	3bt6-assembly1_A	4.171E-01	2.260E-01	7.294E-02	2.512E-01	0.063	1.480E+00
xm2h	4wbg-assembly1_A	4.994E-01	2.943E-01	9.481E-02	3.274E-01	0.063	4.406E+00
xm2h	5gzw-assembly1_A	5.340E-01	3.132E-01	9.894E-02	3.352E-01	0.063	5.009E+00
xm2h	5gzw-assembly2_B	5.031E-01	2.773E-01	8.537E-02	3.175E-01	0.063	3.875E+00
xm2h	5joc-assembly1_A	4.840E-01	2.952E-01	9.486E-02	3.162E-01	0.063	3.875E+00
xm2h	1fco-assembly1_A	5.384E-01	3.262E-01	1.030E-01	3.436E-01	0.063	5.695E+00
xm2h	9c83-assembly1_A	5.001E-01	2.862E-01	8.968E-02	3.032E-01	0.063	3.408E+00
xm2h	4olg-assembly1_A	5.332E-01	3.183E-01	9.976E-02	3.378E-01	0.063	5.341E+00
xm2h	5k1f-assembly1_A	4.652E-01	2.665E-01	8.535E-02	2.809E-01	0.063	2.637E+00
xm2h	1o07-assembly2_B	5.310E-01	3.244E-01	1.014E-01	3.424E-01	0.063	5.009E+00
xm2h	1pi4-assembly2_B	5.356E-01	3.195E-01	9.858E-02	3.434E-01	0.063	5.341E+00
xm2h	6l4c-assembly1_A	3.962E-01	2.185E-01	6.639E-02	2.761E-01	0.063	1.683E+00
xm2h	1y54-assembly1_A	4.756E-01	2.922E-01	9.402E-02	3.183E-01	0.063	3.875E+00
xm2h	5cgx-assembly1_A	5.548E-01	3.237E-01	9.909E-02	3.447E-01	0.063	5.695E+00
xm2h	7u1h-assembly1_C	4.704E-01	2.339E-01	6.457E-02	2.890E-01	0.063	2.998E+00
xm2h	1uij-assembly2_D	4.744E-01	2.419E-01	6.625E-02	3.108E-01	0.063	3.634E+00
xm2h	2uy8-assembly1_A	4.745E-01	2.418E-01	6.505E-02	2.824E-01	0.063	2.811E+00
xm2h	7twl-assembly2_D	3.904E-01	3.074E-01	1.025E-01	3.100E-01	0.063	2.175E+00
xm2h	4ivi-assembly1_A	4.462E-01	2.832E-01	8.287E-02	3.205E-01	0.063	3.196E+00
xm2h	3oqc-assembly1_A	4.151E-01	3.943E-01	1.119E-01	3.366E-01	0.063	2.811E+00
xm2h	3tv9-assembly1_A-2	3.560E-01	2.638E-01	6.501E-02	2.934E-01	0.063	1.480E+00
xm2h	3n6x-assembly1_A	3.996E-01	3.078E-01	9.540E-02	3.877E-01	0.063	3.875E+00
xm2h	7ljj-assembly1_A	5.885E-01	1.971E-01	3.548E-02	2.643E-01	0.063	3.634E+00
xm2h	8a5t-assembly1_A	6.607E-01	1.922E-01	2.735E-02	2.717E-01	0.063	5.009E+00
xm2h	5fbs-assembly1_A	4.581E-01	4.089E-01	7.569E-02	4.014E-01	0.063	5.341E+00
xm2h	9au6-assembly1_D	4.584E-01	3.153E-01	4.722E-02	3.249E-01	0.063	3.634E+00
xm2h	8e4g-assembly1_P	3.944E-01	2.788E-01	4.238E-02	2.857E-01	0.063	1.683E+00
xm2h	6vhh-assembly1_A	5.469E-01	2.214E-01	1.262E-02	2.979E-01	0.063	4.406E+00
xm2h	8vsr-assembly1_C	3.633E-01	2.333E-01	3.000E-01	3.113E-01	0.057	2.175E+00
xm2h	8xqb-assembly1_W4	4.328E-01	2.707E-01	3.300E-01	3.167E-01	0.057	3.634E+00
xm2h	4v6u-assembly1_Bl	4.011E-01	2.190E-01	2.389E-01	2.911E-01	0.057	2.175E+00
xm2h	5j7k-assembly2_G	5.177E-01	2.060E-01	2.143E-01	2.580E-01	0.057	3.196E+00
xm2h	7fao-assembly2_C	3.375E-01	2.404E-01	2.274E-01	2.773E-01	0.057	1.388E+00
xm2h	4w29-assembly2_DS	4.419E-01	2.426E-01	2.232E-01	2.794E-01	0.057	2.637E+00
xm2h	7bpp-assembly1_A	4.040E-01	2.918E-01	2.464E-01	3.218E-01	0.057	2.998E+00
xm2h	1ep8-assembly2_B	4.358E-01	2.691E-01	2.259E-01	3.308E-01	0.057	3.634E+00
xm2h	2nys-assembly1_B	5.136E-01	2.630E-01	2.112E-01	2.948E-01	0.057	4.406E+00
xm2h	8apo-assembly1_Bk	7.835E-01	2.435E-01	1.895E-01	3.059E-01	0.057	9.515E+00
xm2h	8cyk-assembly1_B	3.421E-01	2.802E-01	2.213E-01	3.391E-01	0.057	2.473E+00
xm2h	1rpu-assembly1_B	4.856E-01	3.168E-01	2.284E-01	3.287E-01	0.057	4.406E+00
xm2h	4mh4-assembly1_B	3.365E-01	2.761E-01	1.979E-01	3.235E-01	0.057	2.175E+00
xm2h	1tiy-assembly1_A	3.849E-01	2.959E-01	1.965E-01	3.479E-01	0.057	3.408E+00
xm2h	5v01-assembly1_B	4.014E-01	2.861E-01	1.757E-01	2.902E-01	0.057	2.473E+00
xm2h	4m4e-assembly1_C	4.481E-01	3.430E-01	1.981E-01	3.295E-01	0.057	4.132E+00
xm2h	1zz9-assembly2_C	5.219E-01	2.644E-01	1.342E-01	3.093E-01	0.057	4.698E+00
xm2h	6j55-assembly3_K	3.716E-01	2.649E-01	1.495E-01	3.119E-01	0.057	2.319E+00
xm2h	5iqr-assembly1_h	3.826E-01	3.239E-01	1.630E-01	3.476E-01	0.057	3.196E+00
xm2h	1v9a-assembly1_A	4.279E-01	3.202E-01	1.647E-01	3.227E-01	0.057	3.634E+00
xm2h	5hw4-assembly1_B	3.987E-01	3.608E-01	1.861E-01	3.395E-01	0.057	3.196E+00
xm2h	4z48-assembly2_B	4.170E-01	1.616E-01	6.640E-02	2.505E-01	0.057	1.913E+00
xm2h	2ybq-assembly1_A-2	4.828E-01	3.745E-01	1.770E-01	3.634E-01	0.057	6.072E+00
xm2h	1s4d-assembly1_A	5.300E-01	3.853E-01	1.654E-01	3.536E-01	0.057	6.072E+00
xm2h	5i47-assembly1_B	4.304E-01	3.200E-01	1.478E-01	3.628E-01	0.057	4.406E+00
xm2h	4zqi-assembly1_A	4.741E-01	3.891E-01	1.621E-01	4.077E-01	0.057	7.361E+00
xm2h	7w4r-assembly1_A	4.865E-01	1.813E-01	6.041E-02	2.528E-01	0.057	2.473E+00
xm2h	8fuk-assembly1_F	3.647E-01	3.186E-01	1.274E-01	3.225E-01	0.057	2.473E+00
xm2h	4iwx-assembly1_A	5.204E-01	4.101E-01	1.612E-01	4.141E-01	0.057	8.924E+00
xm2h	5c1o-assembly2_D	4.674E-01	3.878E-01	1.605E-01	4.063E-01	0.057	6.904E+00
xm2h	7w4u-assembly1_A	4.967E-01	1.828E-01	6.051E-02	2.505E-01	0.057	2.998E+00
xm2h	7w22-assembly1_A	4.806E-01	1.824E-01	5.985E-02	2.367E-01	0.057	2.175E+00
xm2h	1glv-assembly1_A	3.711E-01	2.872E-01	1.258E-01	3.302E-01	0.057	2.637E+00
xm2h	6s9f-assembly2_B	3.982E-01	2.685E-01	9.085E-02	2.994E-01	0.057	2.473E+00
xm2h	8yh9-assembly1_G	3.556E-01	3.080E-01	1.163E-01	2.827E-01	0.057	1.480E+00
xm2h	4e6x-assembly3_C	4.776E-01	2.437E-01	8.882E-02	3.156E-01	0.057	4.132E+00
xm2h	4e6w-assembly1_A	5.265E-01	2.224E-01	7.367E-02	2.920E-01	0.057	4.406E+00
xm2h	7ay2-assembly1_B	4.469E-01	1.979E-01	5.681E-02	2.689E-01	0.057	2.637E+00
xm2h	6v9q-assembly1_F	2.741E-01	2.505E-01	1.169E-01	3.493E-01	0.057	1.388E+00
xm2h	6ii6-assembly2_B	3.977E-01	3.918E-01	1.490E-01	3.565E-01	0.057	3.875E+00
xm2h	2efu-assembly5_E	4.925E-01	2.868E-01	9.237E-02	3.104E-01	0.057	4.698E+00
xm2h	4y7p-assembly2_A	4.083E-01	2.209E-01	8.448E-02	2.747E-01	0.057	2.040E+00
xm2h	2cav-assembly1_A	4.664E-01	2.291E-01	6.579E-02	2.798E-01	0.057	3.196E+00
xm2h	7u1j-assembly1_A	4.335E-01	2.488E-01	7.824E-02	2.942E-01	0.057	2.811E+00
xm2h	1l2s-assembly1_A	4.928E-01	2.948E-01	9.332E-02	3.145E-01	0.057	4.698E+00
xm2h	5ggw-assembly1_A	5.081E-01	2.929E-01	9.003E-02	2.983E-01	0.057	4.406E+00
xm2h	5e1r-assembly2_E	4.541E-01	2.407E-01	6.810E-02	3.015E-01	0.057	3.408E+00
xm2h	2efx-assembly3_C	4.991E-01	2.784E-01	8.626E-02	3.099E-01	0.057	4.698E+00
xm2h	7u1i-assembly1_C	3.939E-01	2.119E-01	6.430E-02	2.608E-01	0.057	1.578E+00
xm2h	5xhr-assembly1_A	5.290E-01	3.177E-01	9.906E-02	3.449E-01	0.057	6.475E+00
xm2h	1uik-assembly1_B	4.399E-01	2.298E-01	6.598E-02	2.902E-01	0.057	2.998E+00
xm2h	7oje-assembly1_A	3.943E-01	3.907E-01	1.279E-01	3.401E-01	0.057	3.196E+00
xm2h	7u1h-assembly1_B	4.004E-01	2.167E-01	6.524E-02	2.675E-01	0.057	2.040E+00
xm2h	5n0q-assembly1_B	4.176E-01	3.293E-01	1.134E-01	3.201E-01	0.057	3.196E+00
xm2h	5yjs-assembly2_B	4.247E-01	2.404E-01	7.129E-02	2.838E-01	0.057	2.473E+00
xm2h	5n0x-assembly1_A	4.177E-01	3.295E-01	1.121E-01	3.206E-01	0.057	2.998E+00
xm2h	2uya-assembly1_A	4.700E-01	2.408E-01	6.526E-02	2.806E-01	0.057	3.408E+00
xm2h	4met-assembly1_A	4.746E-01	2.421E-01	6.510E-02	2.780E-01	0.057	3.196E+00
xm2h	6tzp-assembly1_A	4.710E-01	2.410E-01	6.498E-02	2.796E-01	0.057	3.196E+00
xm2h	2uyb-assembly1_A	4.743E-01	2.415E-01	6.505E-02	2.815E-01	0.057	2.998E+00
xm2h	4p6b-assembly1_B	4.432E-01	2.447E-01	7.501E-02	3.118E-01	0.057	3.634E+00
xm2h	3wvr-assembly6_D	4.902E-01	4.747E-01	1.375E-01	4.422E-01	0.057	8.369E+00
xm2h	1pjs-assembly1_A	4.869E-01	3.490E-01	9.601E-02	3.364E-01	0.057	5.009E+00
xm2h	6pqz-assembly1_B	4.898E-01	3.437E-01	9.350E-02	3.386E-01	0.057	5.009E+00
xm2h	7kan-assembly1_A	4.469E-01	1.944E-01	4.188E-02	2.808E-01	0.057	2.811E+00
xm2h	6p5z-assembly1_B	4.906E-01	3.642E-01	1.005E-01	3.476E-01	0.057	5.695E+00
xm2h	6p7d-assembly1_A	4.983E-01	3.669E-01	1.002E-01	3.467E-01	0.057	5.341E+00
xm2h	1pjt-assembly1_A	4.072E-01	3.081E-01	9.238E-02	3.236E-01	0.057	3.408E+00
xm2h	6pr3-assembly1_A	4.967E-01	3.661E-01	9.968E-02	3.484E-01	0.057	5.341E+00
xm2h	6ulu-assembly1_A	5.201E-01	3.853E-01	1.024E-01	3.597E-01	0.057	6.072E+00
xm2h	6zd0-assembly1_E	3.584E-01	2.947E-01	7.846E-02	2.807E-01	0.057	1.683E+00
xm2h	8w7d-assembly1_B	4.967E-01	4.334E-01	1.192E-01	3.995E-01	0.057	7.361E+00
xm2h	8qqs-assembly1_D	3.841E-01	3.040E-01	4.733E-02	2.809E-01	0.057	2.040E+00
xm2h	8qdx-assembly1_D	3.989E-01	3.047E-01	4.654E-02	2.859E-01	0.057	2.319E+00
xm2h	4njc-assembly6_F	4.808E-01	2.265E-01	3.494E-01	3.018E-01	0.051	4.406E+00
xm2h	6utu-assembly1_G	4.643E-01	2.323E-01	3.217E-01	2.944E-01	0.051	4.406E+00
xm2h	3p1x-assembly3_A	4.638E-01	2.537E-01	3.014E-01	3.270E-01	0.051	5.341E+00
xm2h	1pqs-assembly1_A	3.415E-01	3.106E-01	3.386E-01	3.765E-01	0.051	3.408E+00
xm2h	5bw0-assembly4_H	5.555E-01	2.835E-01	3.063E-01	3.150E-01	0.051	6.904E+00
xm2h	1zvv-assembly2_J-3	4.013E-01	3.362E-01	3.479E-01	3.566E-01	0.051	4.698E+00
xm2h	1ptf-assembly1_A	3.545E-01	3.012E-01	3.054E-01	3.869E-01	0.051	4.132E+00
xm2h	3wih-assembly2_B	5.943E-01	2.219E-01	2.242E-01	2.657E-01	0.051	5.695E+00
xm2h	5j7k-assembly2_B	5.173E-01	2.155E-01	2.134E-01	2.745E-01	0.051	4.698E+00
xm2h	8cdv-assembly1_V	4.924E-01	2.765E-01	2.686E-01	3.294E-01	0.051	5.695E+00
xm2h	4v9j-assembly2_DS	5.315E-01	2.191E-01	1.993E-01	2.869E-01	0.051	5.009E+00
xm2h	1yze-assembly2_B	4.657E-01	2.721E-01	2.487E-01	3.021E-01	0.051	4.406E+00
xm2h	7azo-assembly1_L18A	6.851E-01	2.277E-01	1.839E-01	2.924E-01	0.051	8.924E+00
xm2h	4ut5-assembly1_A	5.416E-01	3.364E-01	2.719E-01	3.430E-01	0.051	6.904E+00
xm2h	8p8w-assembly1_n	7.147E-01	2.313E-01	1.809E-01	2.949E-01	0.051	9.515E+00
xm2h	4cvn-assembly3_H	4.599E-01	2.612E-01	2.023E-01	3.002E-01	0.051	4.132E+00
xm2h	7acv-assembly2_B	4.050E-01	2.966E-01	2.248E-01	3.397E-01	0.051	3.875E+00
xm2h	2cdp-assembly3_C	4.368E-01	2.799E-01	2.078E-01	2.953E-01	0.051	3.875E+00
xm2h	6th6-assembly1_An	4.148E-01	2.629E-01	1.923E-01	3.106E-01	0.051	3.634E+00
xm2h	4o9e-assembly1_B	3.183E-01	1.994E-01	1.411E-01	2.479E-01	0.051	1.145E+00
xm2h	4zu7-assembly2_C	3.963E-01	2.047E-01	1.445E-01	2.516E-01	0.051	1.794E+00
xm2h	6bjh-assembly1_A	5.186E-01	4.406E-01	3.068E-01	3.945E-01	0.051	8.369E+00
xm2h	5yc1-assembly2_E	4.496E-01	3.420E-01	2.139E-01	3.320E-01	0.051	4.698E+00
xm2h	5l09-assembly1_A	3.052E-01	2.873E-01	1.976E-01	3.151E-01	0.051	1.913E+00
xm2h	3loi-assembly1_A	4.313E-01	2.598E-01	1.562E-01	3.001E-01	0.051	3.634E+00
xm2h	1vgg-assembly1_F	2.921E-01	2.884E-01	2.012E-01	3.417E-01	0.051	2.175E+00
xm2h	7olc-assembly1_LS	4.846E-01	3.502E-01	2.099E-01	4.099E-01	0.051	8.369E+00
xm2h	3or3-assembly1_B	4.081E-01	3.107E-01	1.912E-01	3.592E-01	0.051	5.009E+00
xm2h	4bae-assembly2_C	2.978E-01	2.897E-01	1.806E-01	2.897E-01	0.051	1.480E+00
xm2h	3zjb-assembly1_B	4.417E-01	3.382E-01	1.835E-01	3.239E-01	0.051	4.406E+00
xm2h	4lp0-assembly1_A	3.940E-01	2.751E-01	1.486E-01	2.836E-01	0.051	2.637E+00
xm2h	1zz8-assembly2_C	5.016E-01	2.457E-01	1.243E-01	2.942E-01	0.051	4.406E+00
xm2h	5yig-assembly1_B	4.059E-01	2.836E-01	1.517E-01	2.998E-01	0.051	3.408E+00
xm2h	5x2j-assembly1_A-2	4.233E-01	2.550E-01	1.351E-01	2.667E-01	0.051	2.637E+00
xm2h	1zq7-assembly1_D	2.935E-01	2.362E-01	1.306E-01	3.135E-01	0.051	1.683E+00
xm2h	3qvn-assembly1_A	4.189E-01	2.425E-01	1.264E-01	3.071E-01	0.051	3.875E+00
xm2h	5a9z-assembly1_BG	3.255E-01	2.794E-01	1.522E-01	3.091E-01	0.051	2.040E+00
xm2h	8yl4-assembly1_B	2.594E-01	2.171E-01	1.188E-01	3.283E-01	0.051	1.221E+00
xm2h	1okj-assembly2_C	5.754E-01	3.446E-01	1.626E-01	3.453E-01	0.051	8.369E+00
xm2h	1v9a-assembly1_B	3.868E-01	3.190E-01	1.719E-01	3.333E-01	0.051	3.634E+00
xm2h	1hq6-assembly1_B	3.373E-01	3.323E-01	1.700E-01	3.292E-01	0.051	2.637E+00
xm2h	3nut-assembly1_D	3.289E-01	2.971E-01	1.450E-01	2.843E-01	0.051	1.794E+00
xm2h	3nd1-assembly1_A	3.208E-01	2.273E-01	1.189E-01	2.816E-01	0.051	1.388E+00
xm2h	4hsa-assembly2_F	5.570E-01	2.387E-01	8.835E-02	2.797E-01	0.051	5.695E+00
xm2h	7zh4-assembly1_D	3.868E-01	1.891E-01	6.431E-02	2.407E-01	0.051	1.683E+00
xm2h	4zqi-assembly2_D	4.615E-01	3.813E-01	1.590E-01	4.013E-01	0.051	6.904E+00
xm2h	8udz-assembly1_B	2.488E-01	2.442E-01	9.697E-02	2.891E-01	0.051	7.791E-01
xm2h	7w4t-assembly1_A-3	5.000E-01	1.824E-01	6.042E-02	2.538E-01	0.051	3.408E+00
xm2h	7w4s-assembly1_A	4.937E-01	1.821E-01	6.039E-02	2.525E-01	0.051	3.408E+00
xm2h	7w21-assembly1_A	4.846E-01	1.805E-01	5.991E-02	2.519E-01	0.051	2.998E+00
xm2h	5wdh-assembly1_A	3.412E-01	3.070E-01	1.203E-01	3.077E-01	0.051	2.040E+00
xm2h	7y1r-assembly1_B	4.357E-01	3.150E-01	1.112E-01	2.914E-01	0.051	3.634E+00
xm2h	4e6x-assembly1_A	5.211E-01	2.298E-01	8.056E-02	2.981E-01	0.051	5.341E+00
xm2h	6kqr-assembly1_B	3.558E-01	3.024E-01	1.202E-01	3.450E-01	0.051	3.196E+00
xm2h	6ei1-assembly1_A	3.265E-01	3.221E-01	1.201E-01	3.125E-01	0.051	2.175E+00
xm2h	3tqt-assembly1_B	4.764E-01	3.879E-01	1.415E-01	4.175E-01	0.051	7.849E+00
xm2h	6pif-assembly1_C	3.846E-01	3.385E-01	1.345E-01	3.591E-01	0.051	4.406E+00
xm2h	1gqh-assembly2_A	4.787E-01	2.576E-01	7.928E-02	3.259E-01	0.051	5.695E+00
xm2h	6v9q-assembly1_B	2.368E-01	2.160E-01	1.092E-01	3.183E-01	0.051	1.007E+00
xm2h	2efx-assembly5_E	4.888E-01	2.854E-01	9.132E-02	3.048E-01	0.051	5.009E+00
xm2h	7u1j-assembly3_C	4.213E-01	2.447E-01	7.824E-02	2.914E-01	0.051	2.998E+00
xm2h	2efx-assembly4_D	4.947E-01	2.855E-01	8.974E-02	3.073E-01	0.051	5.009E+00
xm2h	1ga9-assembly2_B	5.297E-01	3.166E-01	1.005E-01	3.363E-01	0.051	7.361E+00
xm2h	8jb8-assembly2_B	5.230E-01	3.158E-01	1.002E-01	3.393E-01	0.051	6.475E+00
xm2h	1i5q-assembly1_A	4.898E-01	2.937E-01	9.291E-02	3.126E-01	0.051	5.009E+00
xm2h	1fsw-assembly1_B	4.975E-01	2.861E-01	8.870E-02	3.040E-01	0.051	5.341E+00
xm2h	1i5q-assembly2_B	5.360E-01	3.269E-01	1.020E-01	3.443E-01	0.051	6.904E+00
xm2h	1l0e-assembly2_B	5.345E-01	3.251E-01	1.015E-01	3.418E-01	0.051	7.361E+00
xm2h	8jb7-assembly2_B	5.131E-01	3.133E-01	9.799E-02	3.381E-01	0.051	6.072E+00
xm2h	2phl-assembly1_B	4.121E-01	2.248E-01	6.684E-02	2.881E-01	0.051	2.998E+00
xm2h	6njk-assembly1_A	4.404E-01	2.663E-01	8.853E-02	2.952E-01	0.051	3.875E+00
xm2h	5n0o-assembly1_B	4.156E-01	3.293E-01	1.125E-01	3.200E-01	0.051	4.132E+00
xm2h	3s0m-assembly1_A	4.917E-01	2.462E-01	6.545E-02	3.005E-01	0.051	4.698E+00
xm2h	3ufx-assembly1_B	4.349E-01	3.649E-01	1.150E-01	3.388E-01	0.051	4.698E+00
xm2h	5vg3-assembly1_A	4.731E-01	2.418E-01	6.430E-02	2.796E-01	0.051	4.132E+00
xm2h	4p6b-assembly1_A	4.510E-01	2.351E-01	7.199E-02	3.004E-01	0.051	3.875E+00
xm2h	5zwr-assembly1_A	4.543E-01	2.351E-01	7.150E-02	3.008E-01	0.051	4.406E+00
xm2h	7q3d-assembly1_C	4.131E-01	2.915E-01	9.063E-02	3.704E-01	0.051	5.341E+00
xm2h	5n0t-assembly1_B	4.187E-01	3.311E-01	1.073E-01	3.213E-01	0.051	3.634E+00
xm2h	8kem-assembly1_C	5.268E-01	3.125E-01	8.707E-02	3.360E-01	0.051	6.904E+00
xm2h	5n0s-assembly1_A	4.204E-01	3.270E-01	1.041E-01	3.211E-01	0.051	3.875E+00
xm2h	3oqc-assembly2_B	4.157E-01	3.953E-01	1.113E-01	3.408E-01	0.051	4.698E+00
xm2h	6pr0-assembly1_B	4.913E-01	3.645E-01	1.007E-01	3.496E-01	0.051	6.072E+00
xm2h	2gps-assembly1_A	4.130E-01	3.164E-01	9.909E-02	3.677E-01	0.051	5.009E+00
xm2h	6pr2-assembly1_A	4.968E-01	3.661E-01	1.000E-01	3.474E-01	0.051	6.904E+00
xm2h	6pr0-assembly1_A	4.970E-01	3.663E-01	9.949E-02	3.486E-01	0.051	6.072E+00
xm2h	1pjq-assembly1_B	4.899E-01	3.630E-01	9.852E-02	3.480E-01	0.051	6.072E+00
xm2h	8fbz-assembly1_A	3.119E-01	2.481E-01	9.211E-02	3.404E-01	0.051	2.175E+00
xm2h	6sih-assembly1_A	3.361E-01	3.057E-01	7.863E-02	3.152E-01	0.051	2.319E+00
xm2h	8kee-assembly1_I	4.017E-01	2.789E-01	6.785E-02	3.081E-01	0.051	3.408E+00
xm2h	7lnp-assembly3_D	5.958E-01	1.878E-01	3.254E-02	2.720E-01	0.051	5.695E+00
xm2h	6wom-assembly2_C	3.057E-01	2.690E-01	7.480E-02	3.385E-01	0.051	2.175E+00
xm2h	8uy2-assembly1_A	3.356E-01	3.163E-01	6.536E-02	3.429E-01	0.051	2.811E+00
xm2h	5b48-assembly1_C	4.738E-01	3.210E-01	6.891E-02	3.299E-01	0.051	5.695E+00
xm2h	7lk7-assembly1_A	5.882E-01	1.972E-01	3.517E-02	2.667E-01	0.051	5.341E+00
xm2h	4s3q-assembly3_C	3.612E-01	1.893E-01	3.029E-02	2.697E-01	0.051	1.913E+00
xm2h	8qqu-assembly1_D	3.959E-01	3.040E-01	4.646E-02	2.859E-01	0.051	2.637E+00
xm2h	8i4m-assembly1_D	4.086E-01	3.050E-01	4.893E-02	2.962E-01	0.051	2.998E+00
xm2h	5hv2-assembly1_A	4.212E-01	3.712E-01	6.858E-02	3.653E-01	0.051	5.341E+00
xm2h	4w8j-assembly1_A-2	5.191E-01	2.969E-01	3.003E-02	3.171E-01	0.051	6.072E+00
xm2h	4i3h-assembly1_B	4.101E-01	2.743E-01	3.743E-02	2.929E-01	0.051	2.811E+00
xm2h	6ske-assembly2_C	4.987E-01	2.045E-01	1.130E-02	2.868E-01	0.051	4.132E+00
xm2h	1f02-assembly1_T	4.146E-01	3.122E-01	3.809E-01	3.503E-01	0.045	5.695E+00
xm2h	5j7k-assembly1_E	5.410E-01	2.194E-01	2.606E-01	2.671E-01	0.045	5.341E+00
xm2h	3s8w-assembly2_B	5.993E-01	1.933E-01	2.110E-01	2.564E-01	0.045	6.072E+00
xm2h	2d9r-assembly1_A	2.638E-01	1.959E-01	2.019E-01	2.601E-01	0.045	8.857E-01
xm2h	5vtm-assembly1_V	5.549E-01	2.904E-01	3.020E-01	3.167E-01	0.045	7.361E+00
xm2h	1ily-assembly1_A	5.824E-01	2.075E-01	2.054E-01	2.706E-01	0.045	6.072E+00
xm2h	2jvf-assembly1_A	4.494E-01	3.174E-01	3.042E-01	2.889E-01	0.045	4.698E+00
xm2h	4v5r-assembly2_DS	6.175E-01	2.154E-01	1.972E-01	2.682E-01	0.045	6.904E+00
xm2h	8fn9-assembly2_D	4.880E-01	2.156E-01	1.951E-01	2.741E-01	0.045	4.406E+00
xm2h	3qwq-assembly1_B	5.298E-01	2.225E-01	2.009E-01	2.696E-01	0.045	5.009E+00
xm2h	6uew-assembly1_F	3.990E-01	3.323E-01	2.996E-01	3.498E-01	0.045	4.698E+00
xm2h	4w2e-assembly1_S	6.390E-01	2.159E-01	1.774E-01	2.885E-01	0.045	8.924E+00
xm2h	1ep7-assembly1_A	4.337E-01	2.700E-01	2.267E-01	3.300E-01	0.045	5.695E+00
xm2h	1mt1-assembly1_D	2.797E-01	2.541E-01	2.163E-01	3.031E-01	0.045	1.794E+00
xm2h	5a3o-assembly1_A	5.236E-01	3.225E-01	2.598E-01	3.414E-01	0.045	8.369E+00
xm2h	2jdn-assembly1_C	5.177E-01	3.139E-01	2.523E-01	3.222E-01	0.045	6.904E+00
xm2h	6f1d-assembly1_A	5.613E-01	2.624E-01	2.039E-01	3.065E-01	0.045	7.849E+00
xm2h	7p7q-assembly1_R	6.623E-01	2.133E-01	1.634E-01	2.866E-01	0.045	8.924E+00
xm2h	8w20-assembly1_F	4.420E-01	2.529E-01	1.978E-01	3.407E-01	0.045	6.072E+00
xm2h	6xwv-assembly1_D	4.455E-01	2.265E-01	1.719E-01	2.874E-01	0.045	3.875E+00
xm2h	4mi7-assembly1_A	3.510E-01	3.032E-01	2.454E-01	3.595E-01	0.045	4.406E+00
xm2h	3suk-assembly2_B	3.907E-01	2.665E-01	2.016E-01	3.312E-01	0.045	4.406E+00
xm2h	6xwv-assembly1_B	4.391E-01	2.257E-01	1.690E-01	2.881E-01	0.045	4.132E+00
xm2h	3cp3-assembly1_A-2	4.461E-01	2.160E-01	1.617E-01	2.756E-01	0.045	4.132E+00
xm2h	6xwv-assembly1_C	4.844E-01	2.459E-01	1.764E-01	3.079E-01	0.045	5.341E+00
xm2h	3fkh-assembly2_D	4.464E-01	2.060E-01	1.491E-01	2.699E-01	0.045	3.875E+00
xm2h	6xwu-assembly1_A-2	4.343E-01	2.180E-01	1.507E-01	2.867E-01	0.045	4.132E+00
xm2h	7nsh-assembly1_BS	4.440E-01	2.607E-01	1.724E-01	3.188E-01	0.045	5.009E+00
xm2h	5yc1-assembly1_B	4.441E-01	3.371E-01	2.160E-01	3.138E-01	0.045	5.341E+00
xm2h	1lb4-assembly1_A	3.981E-01	3.018E-01	2.018E-01	2.715E-01	0.045	2.811E+00
xm2h	8guo-assembly1_A	3.311E-01	2.946E-01	1.954E-01	3.578E-01	0.045	3.408E+00
xm2h	4clc-assembly1_B-2	3.400E-01	2.610E-01	1.746E-01	2.839E-01	0.045	2.319E+00
xm2h	6pwg-assembly2_B	4.020E-01	2.944E-01	1.698E-01	3.578E-01	0.045	5.009E+00
xm2h	4yci-assembly1_B	3.129E-01	2.560E-01	1.620E-01	2.968E-01	0.045	2.040E+00
xm2h	4luk-assembly1_A-2	4.478E-01	2.569E-01	1.371E-01	3.006E-01	0.045	4.698E+00
xm2h	5h10-assembly1_B	5.347E-01	3.939E-01	2.165E-01	3.587E-01	0.045	8.924E+00
xm2h	4j1x-assembly2_C	5.305E-01	2.614E-01	1.287E-01	3.080E-01	0.045	7.361E+00
xm2h	6jov-assembly1_B	4.435E-01	2.763E-01	1.503E-01	3.032E-01	0.045	4.406E+00
xm2h	6vwn-assembly1_b	3.876E-01	3.273E-01	1.720E-01	3.721E-01	0.045	5.341E+00
xm2h	8adb-assembly1_A	3.850E-01	3.661E-01	1.897E-01	3.500E-01	0.045	5.009E+00
xm2h	9brd-assembly1_U	3.082E-01	2.225E-01	9.548E-02	2.698E-01	0.045	1.388E+00
xm2h	7kqi-assembly1_B	4.178E-01	2.296E-01	1.038E-01	2.575E-01	0.045	2.811E+00
xm2h	3ndc-assembly1_A	4.261E-01	3.297E-01	1.631E-01	3.210E-01	0.045	4.698E+00
xm2h	6k4e-assembly1_B	3.426E-01	2.422E-01	1.069E-01	2.203E-01	0.045	1.145E+00
xm2h	4f8c-assembly2_C	4.292E-01	2.568E-01	1.144E-01	3.076E-01	0.045	4.698E+00
xm2h	3nd1-assembly1_B	3.181E-01	2.274E-01	1.174E-01	2.821E-01	0.045	1.794E+00
xm2h	1s4d-assembly6_M	3.576E-01	2.836E-01	1.305E-01	3.049E-01	0.045	3.196E+00
xm2h	2oo3-assembly1_A	2.923E-01	2.765E-01	1.284E-01	3.262E-01	0.045	2.319E+00
xm2h	7uwm-assembly1_C	5.719E-01	2.292E-01	8.247E-02	2.762E-01	0.045	6.475E+00
xm2h	7p9i-assembly1_A	3.631E-01	3.522E-01	1.459E-01	3.698E-01	0.045	4.698E+00
xm2h	6qe5-assembly2_B	3.688E-01	3.564E-01	1.461E-01	3.782E-01	0.045	5.341E+00
xm2h	4mzu-assembly2_J	3.640E-01	1.985E-01	7.762E-02	2.522E-01	0.045	2.175E+00
xm2h	2yn5-assembly1_B	5.085E-01	1.876E-01	6.505E-02	2.360E-01	0.045	3.634E+00
xm2h	4mzu-assembly1_A	3.677E-01	2.002E-01	7.570E-02	2.546E-01	0.045	2.175E+00
xm2h	3vo9-assembly1_A	3.943E-01	3.755E-01	1.452E-01	3.736E-01	0.045	5.695E+00
xm2h	5mn7-assembly1_A	3.851E-01	3.692E-01	1.413E-01	3.767E-01	0.045	5.695E+00
xm2h	5bph-assembly2_B	4.446E-01	3.748E-01	1.520E-01	4.157E-01	0.045	8.924E+00
xm2h	7qpn-assembly2_B	3.653E-01	2.716E-01	1.101E-01	3.215E-01	0.045	3.634E+00
xm2h	8vsd-assembly1_F	3.217E-01	3.157E-01	1.028E-01	3.154E-01	0.045	2.473E+00
xm2h	5tgf-assembly4_D	4.895E-01	2.215E-01	7.602E-02	2.804E-01	0.045	4.698E+00
xm2h	1n6m-assembly1_B	3.964E-01	2.506E-01	9.239E-02	2.954E-01	0.045	3.408E+00
xm2h	5vqf-assembly2_C	3.288E-01	3.259E-01	1.091E-01	3.127E-01	0.045	2.473E+00
xm2h	7ay1-assembly1_D	4.411E-01	1.889E-01	5.353E-02	2.670E-01	0.045	3.408E+00
xm2h	2eg5-assembly2_G	4.833E-01	3.943E-01	1.275E-01	3.529E-01	0.045	7.849E+00
xm2h	6km8-assembly1_A	3.996E-01	2.395E-01	7.844E-02	2.765E-01	0.045	3.196E+00
xm2h	6v7l-assembly1_A	4.606E-01	2.327E-01	6.735E-02	2.872E-01	0.045	4.406E+00
xm2h	2dns-assembly5_E	5.089E-01	2.953E-01	9.340E-02	3.122E-01	0.045	6.072E+00
xm2h	6v7l-assembly1_B	4.561E-01	2.314E-01	6.663E-02	2.882E-01	0.045	4.132E+00
xm2h	4jxs-assembly1_A	5.371E-01	3.205E-01	1.002E-01	3.425E-01	0.045	8.369E+00
xm2h	5gsc-assembly2_B	4.673E-01	2.665E-01	8.650E-02	2.818E-01	0.045	4.406E+00
xm2h	1o07-assembly1_A	5.268E-01	3.161E-01	9.969E-02	3.366E-01	0.045	7.849E+00
xm2h	6fm7-assembly1_A	4.776E-01	2.822E-01	9.121E-02	2.992E-01	0.045	5.695E+00
xm2h	5e1r-assembly1_A	4.660E-01	2.445E-01	6.860E-02	3.052E-01	0.045	5.695E+00
xm2h	6n9k-assembly2_B	5.316E-01	3.118E-01	9.633E-02	3.352E-01	0.045	8.369E+00
xm2h	8ttp-assembly2_B	5.350E-01	3.153E-01	9.637E-02	3.360E-01	0.045	7.849E+00
xm2h	3iwi-assembly2_B	5.346E-01	3.245E-01	1.008E-01	3.424E-01	0.045	8.369E+00
xm2h	3s7e-assembly2_B	4.007E-01	2.159E-01	6.612E-02	2.773E-01	0.045	3.408E+00
xm2h	5gkv-assembly1_A	5.211E-01	2.961E-01	8.786E-02	3.009E-01	0.045	6.475E+00
xm2h	1ci9-assembly1_A	4.058E-01	2.735E-01	8.723E-02	3.069E-01	0.045	3.634E+00
xm2h	6fcb-assembly1_A	3.063E-01	2.559E-01	8.311E-02	3.450E-01	0.045	2.811E+00
xm2h	5n0r-assembly1_A-2	4.178E-01	3.258E-01	1.068E-01	3.184E-01	0.045	4.698E+00
xm2h	5n0n-assembly1_A-2	4.170E-01	3.289E-01	1.064E-01	3.201E-01	0.045	5.009E+00
xm2h	3gty-assembly2_X	2.515E-01	2.451E-01	7.602E-02	2.492E-01	0.045	6.852E-01
xm2h	6b9r-assembly1_D	3.824E-01	2.072E-01	5.260E-02	2.546E-01	0.045	2.175E+00
xm2h	3rv4-assembly1_A-2	4.258E-01	3.550E-01	1.061E-01	3.813E-01	0.045	6.904E+00
xm2h	6veb-assembly1_B	4.934E-01	3.654E-01	9.987E-02	3.468E-01	0.045	6.904E+00
xm2h	6p5z-assembly1_A	5.178E-01	3.839E-01	1.022E-01	3.604E-01	0.045	8.924E+00
xm2h	6pr1-assembly1_A	4.961E-01	3.660E-01	9.971E-02	3.490E-01	0.045	7.849E+00
xm2h	6pr4-assembly1_B	4.880E-01	3.637E-01	9.908E-02	3.460E-01	0.045	6.904E+00
xm2h	7lnp-assembly4_E	5.511E-01	1.955E-01	3.596E-02	2.669E-01	0.045	6.072E+00
xm2h	7lnp-assembly2_C	5.541E-01	1.961E-01	3.500E-02	2.677E-01	0.045	6.072E+00
xm2h	6wom-assembly1_A	3.087E-01	2.715E-01	7.129E-02	3.369E-01	0.045	2.473E+00
xm2h	6ii2-assembly1_A	4.079E-01	4.049E-01	9.509E-02	3.561E-01	0.045	5.341E+00
xm2h	3ln7-assembly1_A	4.176E-01	3.384E-01	6.585E-02	3.584E-01	0.045	5.695E+00
xm2h	6vls-assembly2_B	4.950E-01	2.792E-01	3.040E-02	3.204E-01	0.045	6.904E+00
xm2h	6vls-assembly4_D	4.902E-01	2.802E-01	3.087E-02	3.234E-01	0.045	6.072E+00
xm2h	7voo-assembly1_A	4.732E-01	2.707E-01	2.194E-02	3.036E-01	0.045	5.009E+00
xm2h	7von-assembly1_A	4.496E-01	2.709E-01	2.327E-02	2.937E-01	0.045	4.698E+00
xm2h	8p51-assembly1_A	4.112E-01	3.921E-01	3.921E-02	4.109E-01	0.045	6.904E+00
xm2h	8r51-assembly1_A	5.588E-01	2.233E-01	1.214E-02	2.871E-01	0.045	6.475E+00
xm2h	7bam-assembly1_B	5.104E-01	2.124E-01	1.092E-02	2.889E-01	0.045	5.341E+00
xm2h	2wnm-assembly1_A	4.268E-01	2.550E-01	3.408E-01	3.052E-01	0.040	5.341E+00
xm2h	8xow-assembly1_w2	4.395E-01	2.690E-01	3.333E-01	3.216E-01	0.040	5.695E+00
xm2h	9e6q-assembly1_AR	4.635E-01	2.330E-01	2.630E-01	3.188E-01	0.040	6.475E+00
xm2h	7skp-assembly1_B	4.120E-01	1.990E-01	2.267E-01	2.706E-01	0.040	3.634E+00
xm2h	5j7k-assembly1_A	4.770E-01	2.129E-01	2.242E-01	2.440E-01	0.040	4.406E+00
xm2h	2hpr-assembly1_A	3.857E-01	3.243E-01	3.287E-01	3.122E-01	0.040	4.406E+00
xm2h	1txe-assembly1_A	4.161E-01	3.506E-01	3.529E-01	3.377E-01	0.040	6.475E+00
xm2h	3s8w-assembly3_C	5.804E-01	1.974E-01	1.913E-01	2.698E-01	0.040	7.361E+00
xm2h	2ljh-assembly1_A	4.719E-01	2.552E-01	2.466E-01	2.900E-01	0.040	5.695E+00
xm2h	4lpu-assembly1_B	5.407E-01	2.026E-01	1.948E-01	2.588E-01	0.040	6.072E+00
xm2h	1oww-assembly1_A	5.892E-01	2.191E-01	2.107E-01	2.674E-01	0.040	7.849E+00
xm2h	3tes-assembly4_D	5.247E-01	2.044E-01	1.946E-01	2.568E-01	0.040	5.695E+00
xm2h	4lpv-assembly1_A	4.681E-01	1.975E-01	1.849E-01	2.550E-01	0.040	4.132E+00
xm2h	7m0q-assembly1_A	4.533E-01	2.996E-01	2.815E-01	3.159E-01	0.040	6.072E+00
xm2h	2e3v-assembly2_B	4.843E-01	2.173E-01	2.027E-01	2.556E-01	0.040	4.698E+00
xm2h	6uew-assembly1_H-2	4.332E-01	3.123E-01	2.849E-01	3.098E-01	0.040	5.341E+00
xm2h	4kdw-assembly1_A	3.994E-01	1.963E-01	1.757E-01	2.515E-01	0.040	2.998E+00
xm2h	2haz-assembly1_A	4.743E-01	2.236E-01	1.976E-01	2.656E-01	0.040	5.009E+00
xm2h	5ntb-assembly2_B	3.966E-01	2.501E-01	2.102E-01	3.042E-01	0.040	4.132E+00
xm2h	8wv1-assembly1_n	6.465E-01	2.159E-01	1.776E-01	2.793E-01	0.040	9.515E+00
xm2h	4v6y-assembly1_BO	4.983E-01	2.819E-01	2.251E-01	2.731E-01	0.040	5.341E+00
xm2h	3umn-assembly3_C	6.034E-01	2.006E-01	1.539E-01	2.579E-01	0.040	7.361E+00
xm2h	5e7t-assembly1_L	3.550E-01	2.355E-01	1.839E-01	2.307E-01	0.040	1.683E+00
xm2h	7oi6-assembly1_P	4.221E-01	2.459E-01	1.733E-01	3.097E-01	0.040	5.695E+00
xm2h	2p6h-assembly1_A	2.531E-01	2.509E-01	1.835E-01	2.667E-01	0.040	1.074E+00
xm2h	7y7n-assembly1_A	3.792E-01	3.010E-01	2.084E-01	2.854E-01	0.040	3.875E+00
xm2h	4zu4-assembly1_B	3.796E-01	1.977E-01	1.357E-01	2.500E-01	0.040	2.473E+00
xm2h	7poi-assembly1_C	3.873E-01	2.538E-01	1.721E-01	2.420E-01	0.040	2.473E+00
xm2h	3cbn-assembly1_A	3.500E-01	2.772E-01	1.929E-01	3.058E-01	0.040	3.196E+00
xm2h	1qqh-assembly1_A-2	5.010E-01	2.237E-01	1.401E-01	2.584E-01	0.040	5.341E+00
xm2h	6vpc-assembly1_E	3.938E-01	3.111E-01	2.116E-01	3.485E-01	0.040	5.341E+00
xm2h	1rlh-assembly1_A	2.973E-01	2.579E-01	1.810E-01	3.546E-01	0.040	3.196E+00
xm2h	5yc1-assembly1_A	4.604E-01	3.538E-01	2.180E-01	3.360E-01	0.040	7.849E+00
xm2h	1n2m-assembly1_A	2.482E-01	2.410E-01	1.663E-01	2.815E-01	0.040	1.145E+00
xm2h	5yc1-assembly2_D	4.661E-01	3.591E-01	2.229E-01	3.427E-01	0.040	7.849E+00
xm2h	5l07-assembly1_A	3.116E-01	2.926E-01	1.948E-01	3.052E-01	0.040	2.811E+00
xm2h	3zjb-assembly1_C	4.423E-01	3.358E-01	1.945E-01	3.237E-01	0.040	6.072E+00
xm2h	1s7h-assembly1_B	3.382E-01	2.776E-01	1.710E-01	2.996E-01	0.040	3.196E+00
xm2h	1zzb-assembly1_A-2	5.323E-01	2.618E-01	1.380E-01	3.084E-01	0.040	7.849E+00
xm2h	3efy-assembly1_B	4.676E-01	2.508E-01	1.410E-01	2.928E-01	0.040	6.072E+00
xm2h	5lq6-assembly1_A	3.890E-01	3.857E-01	2.236E-01	3.366E-01	0.040	5.341E+00
xm2h	3s9d-assembly2_D	5.612E-01	1.853E-01	9.189E-02	2.670E-01	0.040	6.904E+00
xm2h	2bnn-assembly1_B-2	5.340E-01	2.670E-01	1.357E-01	3.101E-01	0.040	8.369E+00
xm2h	3byq-assembly1_B	4.073E-01	3.968E-01	2.164E-01	3.882E-01	0.040	7.849E+00
xm2h	5xlj-assembly1_A	2.678E-01	2.552E-01	1.578E-01	2.856E-01	0.040	1.480E+00
xm2h	2kz1-assembly1_B	4.465E-01	1.977E-01	9.668E-02	2.594E-01	0.040	4.132E+00
xm2h	4mb9-assembly1_A	3.894E-01	2.757E-01	1.446E-01	2.890E-01	0.040	4.132E+00
xm2h	1vaj-assembly1_A	2.988E-01	2.343E-01	1.318E-01	3.278E-01	0.040	2.998E+00
xm2h	3kky-assembly1_B	4.134E-01	2.746E-01	1.443E-01	2.965E-01	0.040	4.406E+00
xm2h	1fll-assembly1_A	4.933E-01	3.780E-01	1.847E-01	3.189E-01	0.040	7.361E+00
xm2h	4r9p-assembly1_A	4.641E-01	2.620E-01	1.339E-01	3.055E-01	0.040	6.072E+00
xm2h	9guw-assembly1_D	3.507E-01	2.910E-01	1.462E-01	3.000E-01	0.040	3.196E+00
xm2h	1d6e-assembly1_C	6.473E-01	1.715E-01	6.962E-02	2.506E-01	0.040	8.369E+00
xm2h	2gk9-assembly2_C	5.096E-01	3.624E-01	1.646E-01	3.553E-01	0.040	8.924E+00
xm2h	1s4d-assembly2_D	4.348E-01	3.249E-01	1.399E-01	3.198E-01	0.040	5.695E+00
xm2h	7ejb-assembly1_A-2	4.147E-01	3.182E-01	1.319E-01	3.207E-01	0.040	5.695E+00
xm2h	3w4p-assembly1_A	4.548E-01	2.472E-01	1.017E-01	2.973E-01	0.040	5.341E+00
xm2h	6qe5-assembly1_A	3.793E-01	3.578E-01	1.505E-01	3.872E-01	0.040	6.904E+00
xm2h	5nan-assembly1_B	5.316E-01	2.363E-01	8.826E-02	2.806E-01	0.040	6.904E+00
xm2h	3s40-assembly5_C	2.782E-01	1.724E-01	7.341E-02	2.209E-01	0.040	8.307E-01
xm2h	3bqb-assembly1_X	4.360E-01	2.174E-01	7.726E-02	2.544E-01	0.040	3.408E+00
xm2h	7w25-assembly1_A	4.979E-01	1.820E-01	6.026E-02	2.528E-01	0.040	4.698E+00
xm2h	2xt3-assembly1_A	3.917E-01	3.686E-01	1.585E-01	3.149E-01	0.040	5.009E+00
xm2h	4a5y-assembly1_B	4.377E-01	3.827E-01	1.623E-01	3.752E-01	0.040	8.369E+00
xm2h	7qie-assembly2_D	3.734E-01	2.820E-01	1.116E-01	2.973E-01	0.040	3.408E+00
xm2h	4ap0-assembly2_B	3.836E-01	3.413E-01	1.481E-01	3.311E-01	0.040	5.341E+00
xm2h	5irb-assembly2_B	4.489E-01	2.001E-01	6.250E-02	2.704E-01	0.040	4.406E+00
xm2h	8yhh-assembly1_B	3.628E-01	3.157E-01	1.339E-01	3.524E-01	0.040	4.698E+00
xm2h	2drw-assembly6_F	4.761E-01	2.574E-01	8.632E-02	2.948E-01	0.040	5.695E+00
xm2h	2gm1-assembly1_A	4.076E-01	3.624E-01	1.433E-01	3.343E-01	0.040	5.695E+00
xm2h	1juh-assembly1_A	4.748E-01	2.578E-01	8.078E-02	3.267E-01	0.040	6.904E+00
xm2h	6lnb-assembly1_E	2.681E-01	2.557E-01	1.003E-01	3.012E-01	0.040	1.683E+00
xm2h	5vqf-assembly2_D	3.355E-01	3.247E-01	1.151E-01	2.861E-01	0.040	2.473E+00
xm2h	4fqk-assembly1_A	3.362E-01	2.843E-01	8.808E-02	2.779E-01	0.040	2.319E+00
xm2h	4nrk-assembly1_E	2.860E-01	2.375E-01	7.252E-02	2.291E-01	0.040	1.074E+00
xm2h	4fqm-assembly1_C	3.363E-01	2.844E-01	8.715E-02	2.776E-01	0.040	2.319E+00
xm2h	8uad-assembly1_A	4.325E-01	2.227E-01	6.792E-02	2.559E-01	0.040	3.875E+00
xm2h	5gsc-assembly1_A	4.661E-01	2.686E-01	8.913E-02	2.808E-01	0.040	5.341E+00
xm2h	6v7l-assembly1_C	4.602E-01	2.329E-01	6.705E-02	2.889E-01	0.040	5.341E+00
xm2h	6l4c-assembly1_C	4.075E-01	2.391E-01	7.501E-02	2.874E-01	0.040	3.875E+00
xm2h	3fkv-assembly2_B	5.055E-01	2.763E-01	8.289E-02	3.167E-01	0.040	7.849E+00
xm2h	4ktt-assembly1_C	3.066E-01	2.547E-01	8.527E-02	3.451E-01	0.040	3.408E+00
xm2h	1gce-assembly1_A	4.421E-01	2.741E-01	9.169E-02	2.944E-01	0.040	5.695E+00
xm2h	1ipk-assembly1_B	4.376E-01	2.307E-01	6.564E-02	2.938E-01	0.040	5.009E+00
xm2h	1ipj-assembly1_C	4.241E-01	2.250E-01	6.552E-02	2.708E-01	0.040	3.875E+00
xm2h	2eaa-assembly1_C	4.374E-01	2.339E-01	6.508E-02	2.950E-01	0.040	5.009E+00
xm2h	6ufi-assembly1_A	4.716E-01	2.412E-01	6.500E-02	2.787E-01	0.040	5.695E+00
xm2h	1kjq-assembly1_B	3.556E-01	2.611E-01	9.753E-02	3.343E-01	0.040	4.406E+00
xm2h	5zfr-assembly1_C-2	3.420E-01	2.150E-01	6.164E-02	2.983E-01	0.040	3.196E+00
xm2h	1vkz-assembly2_B	4.318E-01	3.588E-01	1.191E-01	3.897E-01	0.040	7.849E+00
xm2h	6g4q-assembly1_B	3.428E-01	3.240E-01	1.073E-01	3.301E-01	0.040	4.132E+00
xm2h	8z02-assembly1_B	3.693E-01	3.445E-01	1.062E-01	3.438E-01	0.040	5.009E+00
xm2h	5n0w-assembly1_A	4.466E-01	3.471E-01	1.090E-01	3.267E-01	0.040	6.072E+00
xm2h	4p99-assembly4_D	3.783E-01	1.935E-01	5.023E-02	2.543E-01	0.040	2.473E+00
xm2h	4bxf-assembly1_B	4.258E-01	3.210E-01	8.684E-02	3.332E-01	0.040	6.072E+00
xm2h	7uwq-assembly1_B	3.357E-01	3.023E-01	9.031E-02	3.053E-01	0.040	3.408E+00
xm2h	6pr2-assembly1_B	4.922E-01	3.647E-01	1.007E-01	3.480E-01	0.040	8.369E+00
xm2h	1pjq-assembly1_A	4.753E-01	3.353E-01	9.139E-02	3.253E-01	0.040	7.361E+00
xm2h	1pjt-assembly1_B	4.895E-01	3.628E-01	9.850E-02	3.469E-01	0.040	8.924E+00
xm2h	8vcc-assembly1_A	3.154E-01	2.463E-01	5.178E-02	2.913E-01	0.040	2.637E+00
xm2h	6tfk-assembly1_C	4.747E-01	2.741E-01	4.152E-02	3.168E-01	0.040	7.361E+00
xm2h	3ln7-assembly1_B	4.665E-01	3.682E-01	6.816E-02	3.701E-01	0.040	8.369E+00
xm2h	8qdx-assembly1_B	3.828E-01	3.007E-01	4.637E-02	2.768E-01	0.040	3.408E+00
xm2h	2r6f-assembly1_A	4.488E-01	3.316E-01	5.012E-02	3.015E-01	0.040	5.341E+00
xm2h	8r54-assembly1_A	4.823E-01	2.107E-01	1.048E-02	2.917E-01	0.040	5.695E+00
xm2h	4njc-assembly1_A	4.512E-01	2.522E-01	3.340E-01	3.108E-01	0.034	7.361E+00
xm2h	3p1x-assembly3_B	5.028E-01	2.583E-01	3.235E-01	2.846E-01	0.034	7.361E+00
xm2h	7skp-assembly1_A	4.125E-01	1.958E-01	2.374E-01	2.693E-01	0.034	4.406E+00
xm2h	3s8w-assembly1_A	6.290E-01	1.797E-01	2.047E-01	2.524E-01	0.034	8.924E+00
xm2h	5j7k-assembly2_F	5.614E-01	2.322E-01	2.574E-01	2.906E-01	0.034	8.924E+00
xm2h	2yx5-assembly1_A	4.144E-01	2.927E-01	3.086E-01	3.749E-01	0.034	8.369E+00
xm2h	1y51-assembly1_A	4.192E-01	3.475E-01	3.524E-01	3.776E-01	0.034	8.924E+00
xm2h	7szt-assembly2_E	4.617E-01	2.571E-01	2.597E-01	2.791E-01	0.034	6.475E+00
xm2h	5bw0-assembly1_B	5.042E-01	2.938E-01	2.938E-01	3.155E-01	0.034	8.924E+00
xm2h	3fb9-assembly1_A	4.471E-01	2.498E-01	2.498E-01	2.543E-01	0.034	4.406E+00
xm2h	4jeg-assembly1_B	5.082E-01	2.006E-01	1.928E-01	2.543E-01	0.034	6.475E+00
xm2h	7t87-assembly1_C	5.458E-01	2.101E-01	1.999E-01	2.602E-01	0.034	7.361E+00
xm2h	2h45-assembly1_A	3.975E-01	1.838E-01	1.739E-01	2.110E-01	0.034	2.473E+00
xm2h	3l9k-assembly5_A	3.360E-01	2.595E-01	2.497E-01	3.371E-01	0.034	5.009E+00
xm2h	8d7k-assembly4_K	4.824E-01	2.820E-01	2.640E-01	3.046E-01	0.034	7.361E+00
xm2h	5l2h-assembly3_C	5.403E-01	2.159E-01	2.002E-01	2.630E-01	0.034	7.849E+00
xm2h	2e3v-assembly3_C	5.078E-01	1.902E-01	1.698E-01	2.504E-01	0.034	5.695E+00
xm2h	5zlu-assembly1_l	4.416E-01	2.657E-01	2.243E-01	2.781E-01	0.034	5.341E+00
xm2h	4cw7-assembly2_B	4.024E-01	2.517E-01	1.944E-01	3.068E-01	0.034	5.341E+00
xm2h	5t86-assembly1_I	2.774E-01	2.504E-01	2.060E-01	2.934E-01	0.034	2.473E+00
xm2h	5u1h-assembly3_C	4.131E-01	3.973E-01	3.081E-01	4.093E-01	0.034	9.515E+00
xm2h	8x6y-assembly1_B-2	4.013E-01	2.680E-01	2.099E-01	3.166E-01	0.034	6.475E+00
xm2h	4crz-assembly1_A	3.598E-01	2.771E-01	2.128E-01	3.035E-01	0.034	4.406E+00
xm2h	4iqh-assembly2_B	5.819E-01	2.367E-01	1.730E-01	2.765E-01	0.034	9.515E+00
xm2h	6eel-assembly3_C	5.821E-01	2.333E-01	1.655E-01	2.648E-01	0.034	7.849E+00
xm2h	7o4e-assembly1_A-2	4.433E-01	1.674E-01	1.204E-01	2.751E-01	0.034	5.341E+00
xm2h	7poj-assembly1_D	4.015E-01	2.537E-01	1.827E-01	2.631E-01	0.034	4.132E+00
xm2h	6iki-assembly1_A	3.394E-01	3.303E-01	2.463E-01	3.282E-01	0.034	4.406E+00
xm2h	6vgw-assembly1_A	3.531E-01	1.959E-01	1.406E-01	2.732E-01	0.034	3.408E+00
xm2h	7cph-assembly1_A	3.772E-01	2.779E-01	1.866E-01	3.434E-01	0.034	6.072E+00
xm2h	4m4e-assembly1_A	4.536E-01	3.454E-01	2.127E-01	3.340E-01	0.034	8.924E+00
xm2h	5kvk-assembly1_A-2	3.756E-01	2.892E-01	1.775E-01	2.794E-01	0.034	4.406E+00
xm2h	2ia1-assembly1_A	2.857E-01	2.404E-01	1.651E-01	3.529E-01	0.034	3.408E+00
xm2h	3i0t-assembly1_A	2.826E-01	2.531E-01	1.560E-01	3.353E-01	0.034	3.408E+00
xm2h	4k8u-assembly1_C	4.493E-01	3.408E-01	1.926E-01	3.302E-01	0.034	7.849E+00
xm2h	5tjc-assembly1_A	5.249E-01	3.269E-01	1.917E-01	3.141E-01	0.034	9.515E+00
xm2h	1sbr-assembly1_B	4.236E-01	3.313E-01	1.884E-01	3.505E-01	0.034	8.369E+00
xm2h	6ex3-assembly2_D	3.310E-01	1.953E-01	1.137E-01	2.780E-01	0.034	3.196E+00
xm2h	5c50-assembly1_A	3.113E-01	3.061E-01	1.719E-01	2.862E-01	0.034	2.811E+00
xm2h	5h5w-assembly1_A	2.166E-01	1.969E-01	1.120E-01	2.541E-01	0.034	8.857E-01
xm2h	1my6-assembly1_B	4.217E-01	2.483E-01	1.343E-01	2.677E-01	0.034	5.009E+00
xm2h	1fyh-assembly2_E	4.472E-01	2.208E-01	1.104E-01	2.890E-01	0.034	6.072E+00
xm2h	2vkx-assembly3_E	4.296E-01	2.221E-01	1.165E-01	2.612E-01	0.034	5.009E+00
xm2h	8g4i-assembly1_D	3.525E-01	2.974E-01	1.569E-01	3.316E-01	0.034	4.698E+00
xm2h	1i5e-assembly1_B	4.046E-01	1.997E-01	9.348E-02	2.760E-01	0.034	4.406E+00
xm2h	1fg9-assembly1_C	4.767E-01	2.057E-01	9.322E-02	2.597E-01	0.034	6.072E+00
xm2h	3hy8-assembly1_A-2	4.157E-01	2.215E-01	1.124E-01	2.935E-01	0.034	5.341E+00
xm2h	3mdn-assembly1_C	4.243E-01	2.424E-01	1.141E-01	2.682E-01	0.034	5.009E+00
xm2h	4yyq-assembly2_B	4.862E-01	1.936E-01	9.001E-02	2.480E-01	0.034	5.695E+00
xm2h	6no2-assembly1_B	4.530E-01	4.248E-01	2.014E-01	3.690E-01	0.034	9.515E+00
xm2h	7md3-assembly1_G	3.637E-01	3.081E-01	1.646E-01	3.296E-01	0.034	5.341E+00
xm2h	5ejl-assembly1_A	4.661E-01	2.309E-01	1.070E-01	2.730E-01	0.034	5.695E+00
xm2h	2zvb-assembly1_A	3.818E-01	3.416E-01	1.499E-01	3.081E-01	0.034	5.341E+00
xm2h	7uwn-assembly1_C	5.190E-01	2.172E-01	8.440E-02	2.654E-01	0.034	7.361E+00
xm2h	8onn-assembly3_E-2	3.242E-01	3.010E-01	1.366E-01	2.977E-01	0.034	3.634E+00
xm2h	6qdx-assembly4_D	3.567E-01	3.447E-01	1.424E-01	3.692E-01	0.034	6.072E+00
xm2h	4mzu-assembly2_H	3.675E-01	1.995E-01	7.695E-02	2.521E-01	0.034	3.196E+00
xm2h	7qys-assembly1_B	4.096E-01	3.215E-01	1.406E-01	3.630E-01	0.034	7.361E+00
xm2h	7qys-assembly2_H	4.087E-01	3.209E-01	1.392E-01	3.626E-01	0.034	7.361E+00
xm2h	4mzu-assembly2_I	3.614E-01	1.987E-01	7.509E-02	2.515E-01	0.034	2.811E+00
xm2h	7qys-assembly1_D	4.089E-01	3.211E-01	1.357E-01	3.625E-01	0.034	7.361E+00
xm2h	7w23-assembly1_A	5.125E-01	1.835E-01	6.076E-02	2.563E-01	0.034	6.904E+00
xm2h	3op1-assembly1_A	3.064E-01	2.229E-01	9.037E-02	2.524E-01	0.034	2.040E+00
xm2h	5zvj-assembly1_A	4.665E-01	1.814E-01	5.956E-02	2.325E-01	0.034	4.406E+00
xm2h	3vpa-assembly3_C	4.012E-01	3.814E-01	1.450E-01	3.718E-01	0.034	8.369E+00
xm2h	7ay0-assembly1_B	4.858E-01	2.134E-01	6.507E-02	2.717E-01	0.034	6.475E+00
xm2h	5cvm-assembly1_A	4.452E-01	1.923E-01	5.984E-02	2.648E-01	0.034	5.341E+00
xm2h	3wpn-assembly1_A	3.985E-01	3.599E-01	1.493E-01	3.591E-01	0.034	6.904E+00
xm2h	2gm1-assembly4_E	3.879E-01	3.391E-01	1.407E-01	3.690E-01	0.034	7.849E+00
xm2h	5zbr-assembly3_C	4.651E-01	3.975E-01	1.470E-01	3.290E-01	0.034	8.369E+00
xm2h	5ffo-assembly1_H	2.529E-01	2.483E-01	9.447E-02	2.719E-01	0.034	1.480E+00
xm2h	6lnc-assembly1_F	2.673E-01	2.560E-01	1.192E-01	3.276E-01	0.034	2.637E+00
xm2h	6v9q-assembly1_E	2.526E-01	2.285E-01	1.088E-01	3.186E-01	0.034	2.175E+00
xm2h	6l9i-assembly1_D	4.622E-01	2.375E-01	7.137E-02	2.812E-01	0.034	6.072E+00
xm2h	3b5i-assembly1_A	4.331E-01	3.734E-01	1.200E-01	3.341E-01	0.034	7.849E+00
xm2h	3n3k-assembly1_A	4.072E-01	1.852E-01	7.154E-02	2.743E-01	0.034	4.698E+00
xm2h	5e1r-assembly2_F	4.627E-01	2.446E-01	6.836E-02	3.047E-01	0.034	7.849E+00
xm2h	7u1i-assembly1_B	4.038E-01	2.128E-01	6.423E-02	2.618E-01	0.034	4.406E+00
xm2h	4ktv-assembly1_C	2.937E-01	2.460E-01	8.413E-02	3.398E-01	0.034	3.408E+00
xm2h	4ndn-assembly1_A	2.979E-01	2.495E-01	8.555E-02	3.449E-01	0.034	3.634E+00
xm2h	1ipj-assembly1_B	4.354E-01	2.296E-01	6.847E-02	2.813E-01	0.034	5.695E+00
xm2h	1phs-assembly1_A	4.013E-01	2.297E-01	6.652E-02	2.943E-01	0.034	5.009E+00
xm2h	4hxz-assembly1_A	3.679E-01	2.412E-01	7.451E-02	2.770E-01	0.034	3.634E+00
xm2h	6c07-assembly1_B	2.953E-01	2.477E-01	8.359E-02	3.441E-01	0.034	3.634E+00
xm2h	3s7e-assembly1_A	4.030E-01	2.166E-01	6.556E-02	2.778E-01	0.034	4.406E+00
xm2h	5n0o-assembly1_A	4.317E-01	3.340E-01	1.109E-01	3.273E-01	0.034	6.904E+00
xm2h	3qff-assembly1_B	4.316E-01	3.374E-01	1.135E-01	3.703E-01	0.034	8.369E+00
xm2h	8xj2-assembly1_A	2.699E-01	2.134E-01	8.304E-02	3.435E-01	0.034	2.811E+00
xm2h	1ipk-assembly1_C	4.094E-01	2.291E-01	6.691E-02	2.731E-01	0.034	4.698E+00
xm2h	2eaa-assembly1_B	4.125E-01	2.221E-01	6.171E-02	2.731E-01	0.034	4.406E+00
xm2h	7atl-assembly1_AAA	4.763E-01	3.103E-01	9.433E-02	3.343E-01	0.034	8.924E+00
xm2h	3zkb-assembly7_J	2.896E-01	2.076E-01	7.162E-02	2.271E-01	0.034	1.480E+00
xm2h	6mel-assembly1_B	4.373E-01	4.071E-01	1.239E-01	3.790E-01	0.034	8.924E+00
xm2h	1kj9-assembly1_B	3.636E-01	2.674E-01	9.619E-02	3.378E-01	0.034	6.072E+00
xm2h	5zwv-assembly1_B	4.526E-01	2.356E-01	7.158E-02	3.000E-01	0.034	6.475E+00
xm2h	7w65-assembly1_A	4.305E-01	4.134E-01	1.405E-01	3.585E-01	0.034	8.924E+00
xm2h	5n4i-assembly1_A	4.469E-01	3.472E-01	1.099E-01	3.231E-01	0.034	7.849E+00
xm2h	3gu0-assembly1_A	2.318E-01	2.262E-01	7.303E-02	2.144E-01	0.034	6.027E-01
xm2h	8t9w-assembly2_B	3.811E-01	2.177E-01	5.188E-02	2.472E-01	0.034	3.408E+00
xm2h	6ulu-assembly1_B	4.909E-01	3.654E-01	1.000E-01	3.397E-01	0.034	9.515E+00
xm2h	4bik-assembly2_C	4.099E-01	3.658E-01	9.124E-02	3.032E-01	0.034	6.072E+00
xm2h	1ecb-assembly1_A	4.251E-01	3.667E-01	1.066E-01	3.565E-01	0.034	8.924E+00
xm2h	5ejj-assembly3_A	4.090E-01	3.926E-01	9.449E-02	3.386E-01	0.034	7.361E+00
xm2h	5xda-assembly1_D-2	4.236E-01	4.062E-01	9.116E-02	3.499E-01	0.034	8.369E+00
xm2h	8uy2-assembly1_D	3.290E-01	3.100E-01	6.461E-02	3.527E-01	0.034	5.009E+00
xm2h	1w99-assembly1_A	5.634E-01	2.182E-01	3.928E-02	2.794E-01	0.034	8.924E+00
xm2h	5oxf-assembly1_C	3.554E-01	2.209E-01	4.591E-02	3.212E-01	0.034	4.406E+00
xm2h	7qyd-assembly1_A	3.817E-01	2.724E-01	5.340E-02	2.660E-01	0.034	3.408E+00
xm2h	8es4-assembly1_E	2.606E-01	1.831E-01	4.777E-02	2.811E-01	0.034	1.683E+00
xm2h	3htx-assembly2_D	2.862E-01	2.191E-01	4.861E-02	3.013E-01	0.034	2.811E+00
xm2h	5hv1-assembly1_A	3.289E-01	3.049E-01	6.684E-02	3.390E-01	0.034	4.698E+00
xm2h	5fo8-assembly1_B	4.964E-01	2.767E-01	3.434E-02	2.877E-01	0.034	7.849E+00
xm2h	8eok-assembly1_H	4.113E-01	2.744E-01	3.326E-02	2.817E-01	0.034	5.341E+00
xm2h	6rur-assembly1_H	4.705E-01	2.797E-01	3.439E-02	2.887E-01	0.034	6.475E+00
xm2h	6fhj-assembly1_A	4.785E-01	2.839E-01	3.042E-02	2.889E-01	0.034	7.361E+00
xm2h	4i3h-assembly1_A	3.625E-01	2.517E-01	3.160E-02	2.623E-01	0.034	2.998E+00
xm2h	8r50-assembly1_A	5.061E-01	2.115E-01	1.099E-02	2.842E-01	0.034	6.904E+00
xm2h	7ckq-assembly1_H	5.007E-01	2.459E-01	3.334E-01	3.069E-01	0.029	9.515E+00
xm2h	8ckb-assembly1_I004	4.273E-01	2.157E-01	2.494E-01	2.918E-01	0.029	6.475E+00
xm2h	6th6-assembly1_BT	4.237E-01	2.201E-01	2.575E-01	3.124E-01	0.029	7.361E+00
xm2h	7yld-assembly2_I	5.216E-01	1.844E-01	1.944E-01	2.400E-01	0.029	6.904E+00
xm2h	1pfh-assembly1_A	3.931E-01	3.321E-01	3.389E-01	3.531E-01	0.029	8.369E+00
xm2h	6d0k-assembly1_D	5.305E-01	2.235E-01	2.302E-01	2.300E-01	0.029	6.475E+00
xm2h	3l7h-assembly1_A	3.297E-01	2.441E-01	2.511E-01	3.093E-01	0.029	4.698E+00
xm2h	4m6a-assembly2_D	4.410E-01	2.180E-01	2.202E-01	2.224E-01	0.029	4.698E+00
xm2h	7t00-assembly1_D	4.929E-01	2.086E-01	2.108E-01	2.666E-01	0.029	7.849E+00
xm2h	4lpt-assembly1_A	5.012E-01	1.991E-01	1.914E-01	2.511E-01	0.029	6.904E+00
xm2h	6hyf-assembly2_B	5.527E-01	2.125E-01	1.914E-01	2.568E-01	0.029	8.924E+00
xm2h	3k2m-assembly2_C	5.222E-01	2.179E-01	1.956E-01	2.583E-01	0.029	7.361E+00
xm2h	2e3v-assembly1_A	4.519E-01	2.239E-01	1.999E-01	2.630E-01	0.029	6.072E+00
xm2h	3lwc-assembly1_A-2	3.805E-01	2.568E-01	2.226E-01	3.165E-01	0.029	6.072E+00
xm2h	2lfv-assembly1_A	3.313E-01	2.227E-01	1.927E-01	2.830E-01	0.029	3.634E+00
xm2h	2djs-assembly1_A	4.281E-01	1.933E-01	1.648E-01	2.548E-01	0.029	5.341E+00
xm2h	6eci-assembly4_G	4.068E-01	1.898E-01	1.629E-01	2.408E-01	0.029	4.132E+00
xm2h	6q6u-assembly2_B	4.208E-01	2.622E-01	2.235E-01	3.246E-01	0.029	7.849E+00
xm2h	1xwa-assembly1_A	3.875E-01	2.337E-01	1.987E-01	3.044E-01	0.029	6.475E+00
xm2h	3pog-assembly2_B	5.500E-01	2.512E-01	2.036E-01	2.830E-01	0.029	9.515E+00
xm2h	2chh-assembly1_A	4.773E-01	2.125E-01	1.727E-01	2.516E-01	0.029	6.475E+00
xm2h	4j39-assembly1_A	4.450E-01	2.648E-01	2.044E-01	2.764E-01	0.029	6.904E+00
xm2h	2kpw-assembly1_A	3.707E-01	1.993E-01	1.508E-01	2.491E-01	0.029	3.408E+00
xm2h	1uzh-assembly1_C	4.271E-01	3.200E-01	2.576E-01	3.098E-01	0.029	8.369E+00
xm2h	3l9b-assembly1_A	5.103E-01	1.933E-01	1.438E-01	2.188E-01	0.029	6.072E+00
xm2h	1dbf-assembly1_C	3.936E-01	3.903E-01	2.987E-01	3.628E-01	0.029	8.924E+00
xm2h	5tpu-assembly1_B	3.704E-01	2.016E-01	1.502E-01	2.473E-01	0.029	3.875E+00
xm2h	4v6u-assembly1_AM	4.037E-01	2.647E-01	1.883E-01	2.715E-01	0.029	5.341E+00
xm2h	8x6w-assembly1_A	3.092E-01	2.656E-01	1.977E-01	3.430E-01	0.029	5.341E+00
xm2h	3h96-assembly2_B	2.077E-01	1.951E-01	1.429E-01	3.130E-01	0.029	1.480E+00
xm2h	3fpv-assembly1_C	4.002E-01	3.574E-01	2.515E-01	3.026E-01	0.029	6.072E+00
xm2h	5aj4-assembly1_BS	4.364E-01	2.640E-01	1.772E-01	3.199E-01	0.029	8.924E+00
xm2h	9ba3-assembly3_E	3.492E-01	1.886E-01	1.172E-01	2.354E-01	0.029	2.998E+00
xm2h	1wlf-assembly1_A	4.426E-01	2.249E-01	1.356E-01	2.431E-01	0.029	5.341E+00
xm2h	7ypc-assembly1_C	3.331E-01	2.549E-01	1.529E-01	2.211E-01	0.029	2.319E+00
xm2h	1zzc-assembly1_A-2	4.965E-01	2.498E-01	1.350E-01	2.849E-01	0.029	8.369E+00
xm2h	3s9d-assembly1_B	5.377E-01	1.901E-01	9.806E-02	2.557E-01	0.029	7.849E+00
xm2h	4u9b-assembly1_A	2.704E-01	2.413E-01	1.447E-01	3.181E-01	0.029	3.196E+00
xm2h	5xlk-assembly2_C	3.019E-01	2.370E-01	1.447E-01	2.654E-01	0.029	2.473E+00
xm2h	3gmh-assembly6_L	3.884E-01	2.300E-01	1.280E-01	2.679E-01	0.029	5.009E+00
xm2h	8do8-assembly1_C	3.588E-01	3.557E-01	1.971E-01	3.225E-01	0.029	6.072E+00
xm2h	1x82-assembly1_A	4.490E-01	2.571E-01	1.366E-01	3.019E-01	0.029	8.369E+00
xm2h	8h9f-assembly1_G	4.067E-01	2.868E-01	1.629E-01	2.727E-01	0.029	5.009E+00
xm2h	2qej-assembly1_C	4.906E-01	2.098E-01	1.075E-01	2.553E-01	0.029	6.904E+00
xm2h	4mbc-assembly1_A	3.855E-01	2.766E-01	1.478E-01	2.857E-01	0.029	5.695E+00
xm2h	2gpc-assembly1_B	4.086E-01	2.406E-01	1.308E-01	3.072E-01	0.029	6.904E+00
xm2h	6ex3-assembly1_A	3.321E-01	1.958E-01	1.119E-01	2.773E-01	0.029	4.132E+00
xm2h	7wnk-assembly2_C	4.425E-01	2.617E-01	1.381E-01	2.724E-01	0.029	6.904E+00
xm2h	7wvr-assembly1_A	2.831E-01	2.800E-01	1.612E-01	3.072E-01	0.029	3.634E+00
xm2h	2ha1-assembly1_A	3.929E-01	2.061E-01	1.009E-01	2.118E-01	0.029	2.811E+00
xm2h	1ma1-assembly1_A	4.609E-01	2.671E-01	1.426E-01	2.729E-01	0.029	7.361E+00
xm2h	8rd8-assembly1_CT	3.732E-01	3.108E-01	1.618E-01	3.463E-01	0.029	7.361E+00
xm2h	1fg9-assembly1_D	4.851E-01	2.069E-01	9.565E-02	2.641E-01	0.029	7.361E+00
xm2h	6wn8-assembly1_D	3.979E-01	1.996E-01	9.271E-02	2.704E-01	0.029	5.009E+00
xm2h	4e4e-assembly1_A	3.657E-01	2.816E-01	1.558E-01	3.310E-01	0.029	6.904E+00
xm2h	2vrs-assembly1_C	2.990E-01	1.579E-01	7.848E-02	2.067E-01	0.029	1.578E+00
xm2h	3nei-assembly1_B	3.864E-01	3.190E-01	1.634E-01	3.417E-01	0.029	7.849E+00
xm2h	8ybn-assembly1_A	4.376E-01	2.088E-01	1.052E-01	2.537E-01	0.029	5.341E+00
xm2h	8qa4-assembly1_A	2.633E-01	2.493E-01	1.226E-01	3.155E-01	0.029	3.196E+00
xm2h	7kqg-assembly1_A	3.119E-01	2.646E-01	1.152E-01	2.236E-01	0.029	2.175E+00
xm2h	7kqh-assembly2_B	2.769E-01	2.417E-01	1.111E-01	2.467E-01	0.029	2.040E+00
xm2h	2p35-assembly1_B	3.880E-01	3.239E-01	1.477E-01	3.077E-01	0.029	6.904E+00
xm2h	5n9b-assembly1_A	5.396E-01	2.381E-01	9.750E-02	2.803E-01	0.029	9.515E+00
xm2h	7oiy-assembly2_B	3.266E-01	3.218E-01	1.593E-01	3.189E-01	0.029	4.406E+00
xm2h	5glc-assembly1_A	4.584E-01	2.514E-01	1.062E-01	2.990E-01	0.029	7.849E+00
xm2h	5glb-assembly1_A	4.460E-01	2.446E-01	1.006E-01	2.957E-01	0.029	7.849E+00
xm2h	5e4q-assembly1_A	4.529E-01	1.945E-01	7.529E-02	2.514E-01	0.029	5.341E+00
xm2h	4mzu-assembly1_D	3.666E-01	1.994E-01	7.577E-02	2.525E-01	0.029	3.875E+00
xm2h	4mzu-assembly2_G	3.670E-01	1.989E-01	7.588E-02	2.538E-01	0.029	3.634E+00
xm2h	4dk1-assembly1_B	3.720E-01	2.799E-01	1.121E-01	2.827E-01	0.029	5.009E+00
xm2h	7ext-assembly1_N1	4.268E-01	2.346E-01	8.657E-02	2.905E-01	0.029	6.904E+00
xm2h	3t5p-assembly3_K	2.839E-01	1.672E-01	7.023E-02	2.219E-01	0.029	1.480E+00
xm2h	3t5p-assembly2_G	2.763E-01	1.620E-01	7.007E-02	2.473E-01	0.029	1.683E+00
xm2h	3t5p-assembly2_D	2.827E-01	1.673E-01	6.903E-02	2.244E-01	0.029	1.578E+00
xm2h	7dro-assembly3_E	4.093E-01	3.080E-01	1.298E-01	3.214E-01	0.029	7.849E+00
xm2h	6ii0-assembly4_D	4.458E-01	3.514E-01	1.409E-01	3.150E-01	0.029	8.369E+00
xm2h	3t5p-assembly2_B	3.790E-01	1.624E-01	6.774E-02	2.546E-01	0.029	4.406E+00
xm2h	5gwp-assembly2_B	5.005E-01	2.383E-01	8.862E-02	2.699E-01	0.029	8.369E+00
xm2h	6mvh-assembly1_D	4.490E-01	3.043E-01	1.044E-01	2.983E-01	0.029	7.849E+00
xm2h	6ym5-assembly1_B	3.423E-01	2.745E-01	1.215E-01	3.310E-01	0.029	6.072E+00
xm2h	3m5h-assembly1_A	5.075E-01	2.587E-01	7.996E-02	2.827E-01	0.029	9.515E+00
xm2h	3v10-assembly1_A	3.418E-01	2.415E-01	9.176E-02	2.555E-01	0.029	3.634E+00
xm2h	5vr7-assembly1_B	3.105E-01	2.626E-01	1.026E-01	3.523E-01	0.029	5.695E+00
xm2h	5l8h-assembly1_A	4.430E-01	1.885E-01	5.641E-02	2.617E-01	0.029	6.475E+00
xm2h	1w5f-assembly1_B	3.663E-01	3.610E-01	1.429E-01	3.453E-01	0.029	6.904E+00
xm2h	2gm1-assembly2_B	4.038E-01	3.537E-01	1.441E-01	3.563E-01	0.029	8.369E+00
xm2h	2gm1-assembly3_D	3.970E-01	3.455E-01	1.405E-01	3.527E-01	0.029	8.924E+00
xm2h	6hky-assembly2_B	4.061E-01	3.615E-01	1.464E-01	3.333E-01	0.029	7.849E+00
xm2h	5xu8-assembly1_A	3.731E-01	1.666E-01	6.699E-02	2.274E-01	0.029	3.408E+00
xm2h	7zh3-assembly1_D	2.871E-01	2.517E-01	8.601E-02	2.439E-01	0.029	1.794E+00
xm2h	5tgf-assembly3_C	4.408E-01	2.576E-01	8.844E-02	3.128E-01	0.029	7.849E+00
xm2h	4lhs-assembly1_A-2	3.321E-01	1.953E-01	6.264E-02	2.177E-01	0.029	2.319E+00
xm2h	8riv-assembly1_F	3.169E-01	2.548E-01	1.064E-01	2.804E-01	0.029	3.408E+00
xm2h	6v7j-assembly1_A	4.409E-01	2.388E-01	7.025E-02	3.143E-01	0.029	8.924E+00
xm2h	6v7j-assembly1_B	4.166E-01	2.239E-01	6.727E-02	2.769E-01	0.029	5.695E+00
xm2h	8vse-assembly1_B	4.847E-01	2.072E-01	5.721E-02	2.821E-01	0.029	8.369E+00
xm2h	5e1r-assembly2_D	4.479E-01	2.347E-01	6.578E-02	2.853E-01	0.029	7.361E+00
xm2h	3i27-assembly2_C	4.030E-01	1.801E-01	5.068E-02	2.686E-01	0.029	5.695E+00
xm2h	2efu-assembly2_B	4.398E-01	2.423E-01	7.581E-02	2.873E-01	0.029	6.904E+00
xm2h	3smh-assembly2_E	4.864E-01	2.416E-01	6.804E-02	3.107E-01	0.029	9.515E+00
xm2h	5ugh-assembly2_D	2.682E-01	2.203E-01	8.866E-02	3.500E-01	0.029	4.132E+00
xm2h	4gzb-assembly1_A	4.740E-01	2.607E-01	8.179E-02	2.817E-01	0.029	8.369E+00
xm2h	5ugh-assembly1_C	2.686E-01	2.206E-01	8.828E-02	3.527E-01	0.029	3.634E+00
xm2h	3ufx-assembly5_G	4.272E-01	3.598E-01	1.152E-01	3.450E-01	0.029	8.924E+00
xm2h	5ugh-assembly1_A	2.684E-01	2.207E-01	8.782E-02	3.501E-01	0.029	3.875E+00
xm2h	2eaa-assembly1_A	4.127E-01	2.295E-01	6.506E-02	2.800E-01	0.029	5.695E+00
xm2h	7lo2-assembly1_C	2.881E-01	2.128E-01	8.555E-02	3.183E-01	0.029	3.634E+00
xm2h	2uy9-assembly1_A	4.729E-01	2.416E-01	6.504E-02	2.862E-01	0.029	7.361E+00
xm2h	7yhk-assembly1_A	3.336E-01	2.609E-01	6.621E-02	2.924E-01	0.029	4.406E+00
xm2h	6ltw-assembly1_B	3.016E-01	2.508E-01	8.338E-02	3.527E-01	0.029	4.698E+00
xm2h	6fcd-assembly1_A	3.077E-01	2.587E-01	8.317E-02	3.446E-01	0.029	5.009E+00
xm2h	6fbn-assembly1_A	2.769E-01	2.387E-01	8.197E-02	3.356E-01	0.029	3.634E+00
xm2h	5tsh-assembly1_F	3.443E-01	2.132E-01	6.202E-02	2.958E-01	0.029	5.009E+00
xm2h	5n0t-assembly1_A	4.171E-01	3.263E-01	1.054E-01	3.188E-01	0.029	7.361E+00
xm2h	2guw-assembly1_B	3.831E-01	3.391E-01	9.451E-02	3.302E-01	0.029	7.361E+00
xm2h	4kri-assembly2_B	3.601E-01	2.971E-01	9.410E-02	3.855E-01	0.029	7.849E+00
xm2h	4ine-assembly1_B	3.648E-01	3.051E-01	9.406E-02	3.921E-01	0.029	8.369E+00
xm2h	4kri-assembly1_A	3.582E-01	2.957E-01	9.339E-02	3.866E-01	0.029	7.849E+00
xm2h	4ine-assembly1_A	3.627E-01	2.958E-01	9.285E-02	3.918E-01	0.029	8.924E+00
xm2h	1x3l-assembly1_A	3.092E-01	2.637E-01	8.854E-02	3.100E-01	0.029	4.406E+00
xm2h	7ul6-assembly1_B	4.229E-01	2.257E-01	5.846E-02	2.867E-01	0.029	6.904E+00
xm2h	6p7d-assembly1_B	4.873E-01	3.394E-01	9.078E-02	3.062E-01	0.029	8.924E+00
xm2h	8h3s-assembly1_A	4.357E-01	2.049E-01	4.699E-02	2.304E-01	0.029	4.132E+00
xm2h	7kam-assembly1_A	4.050E-01	1.821E-01	4.172E-02	2.703E-01	0.029	5.341E+00
xm2h	5dim-assembly1_A	3.859E-01	3.164E-01	7.612E-02	2.755E-01	0.029	5.009E+00
xm2h	1s3r-assembly1_A	3.830E-01	2.161E-01	5.774E-02	3.048E-01	0.029	6.072E+00
xm2h	4juo-assembly1_C	3.622E-01	2.524E-01	5.652E-02	2.624E-01	0.029	3.634E+00
xm2h	7sn4-assembly1_H	2.450E-01	2.335E-01	7.497E-02	2.858E-01	0.029	2.175E+00
xm2h	8uy1-assembly1_B	3.262E-01	3.074E-01	6.034E-02	3.443E-01	0.029	5.341E+00
xm2h	8xl6-assembly1_C	2.929E-01	2.393E-01	5.765E-02	3.237E-01	0.029	4.132E+00
xm2h	8ohx-assembly1_AAA	3.108E-01	2.516E-01	5.704E-02	2.661E-01	0.029	3.196E+00
xm2h	6pwi-assembly2_B	3.970E-01	3.274E-01	7.188E-02	3.426E-01	0.029	7.849E+00
xm2h	8qqs-assembly1_B	3.312E-01	3.033E-01	4.708E-02	2.409E-01	0.029	2.473E+00
xm2h	6tfj-assembly1_D	4.685E-01	2.695E-01	3.602E-02	3.147E-01	0.029	8.924E+00
xm2h	9gbv-assembly1_D	3.478E-01	2.407E-01	4.132E-02	2.664E-01	0.029	4.132E+00
xm2h	6gau-assembly1_B	3.559E-01	2.433E-01	3.119E-02	2.578E-01	0.029	3.875E+00
xm2h	6tav-assembly1_C	4.769E-01	3.158E-01	2.955E-02	3.132E-01	0.029	8.924E+00
xm2h	6fay-assembly1_A	4.805E-01	2.071E-01	1.361E-02	2.859E-01	0.029	7.849E+00
xm2h	7yxx-assembly1_C	4.584E-01	1.978E-01	1.353E-02	2.236E-01	0.029	4.406E+00
xm2h	4llg-assembly2_N	4.146E-01	2.302E-01	3.453E-01	2.992E-01	0.024	8.924E+00
xm2h	1nei-assembly1_B	3.869E-01	1.964E-01	2.632E-01	2.535E-01	0.024	5.341E+00
xm2h	6cka-assembly1_A	2.913E-01	1.921E-01	2.254E-01	2.736E-01	0.024	3.634E+00
xm2h	6ha2-assembly1_A-2	2.716E-01	2.156E-01	2.333E-01	3.155E-01	0.024	4.406E+00
xm2h	2w9j-assembly2_B	3.802E-01	2.661E-01	2.843E-01	3.051E-01	0.024	7.361E+00
xm2h	7ylb-assembly4_L	4.930E-01	2.056E-01	2.164E-01	2.627E-01	0.024	9.515E+00
xm2h	2rlz-assembly1_B	2.939E-01	1.949E-01	2.014E-01	3.027E-01	0.024	4.132E+00
xm2h	7du7-assembly2_B	3.145E-01	2.971E-01	3.043E-01	3.652E-01	0.024	6.475E+00
xm2h	6o03-assembly2_D	5.172E-01	2.093E-01	2.136E-01	2.664E-01	0.024	9.515E+00
xm2h	1q38-assembly1_A	4.636E-01	1.957E-01	1.957E-01	2.544E-01	0.024	7.361E+00
xm2h	6hyf-assembly3_C	5.257E-01	2.033E-01	1.993E-01	2.449E-01	0.024	8.369E+00
xm2h	3jto-assembly6_F	2.521E-01	2.017E-01	1.987E-01	3.044E-01	0.024	3.196E+00
xm2h	5n06-assembly1_A	4.516E-01	2.108E-01	2.032E-01	2.588E-01	0.024	7.361E+00
xm2h	6tlc-assembly1_C	5.240E-01	2.076E-01	1.960E-01	2.411E-01	0.024	8.924E+00
xm2h	4lpt-assembly3_C	5.245E-01	2.060E-01	1.905E-01	2.569E-01	0.024	9.515E+00
xm2h	3teu-assembly1_A	4.435E-01	2.515E-01	2.313E-01	2.744E-01	0.024	7.361E+00
xm2h	1lxn-assembly1_A	3.058E-01	2.664E-01	2.475E-01	3.764E-01	0.024	7.361E+00
xm2h	4n68-assembly1_A	4.870E-01	2.082E-01	1.912E-01	2.569E-01	0.024	7.849E+00
xm2h	5aos-assembly1_A	2.677E-01	2.463E-01	2.280E-01	2.473E-01	0.024	2.319E+00
xm2h	1hdf-assembly1_A	4.115E-01	2.539E-01	2.299E-01	3.017E-01	0.024	8.369E+00
xm2h	4u3h-assembly1_A	4.551E-01	2.142E-01	1.943E-01	2.482E-01	0.024	6.904E+00
xm2h	3ulc-assembly1_A-2	3.686E-01	2.341E-01	2.184E-01	3.076E-01	0.024	7.361E+00
xm2h	8gdw-assembly1_BBB	4.485E-01	2.313E-01	2.056E-01	3.044E-01	0.024	8.924E+00
xm2h	8hl5-assembly1_L45A	3.779E-01	2.862E-01	2.642E-01	3.267E-01	0.024	7.849E+00
xm2h	3t04-assembly1_D	5.183E-01	2.004E-01	1.755E-01	2.518E-01	0.024	9.515E+00
xm2h	7y5r-assembly1_A	4.747E-01	2.138E-01	1.860E-01	2.621E-01	0.024	8.924E+00
xm2h	2dju-assembly1_A	4.689E-01	1.980E-01	1.706E-01	2.448E-01	0.024	6.904E+00
xm2h	2n4e-assembly1_A	2.915E-01	2.115E-01	1.899E-01	2.927E-01	0.024	3.875E+00
xm2h	2dm4-assembly1_A	4.166E-01	1.901E-01	1.626E-01	2.452E-01	0.024	6.072E+00
xm2h	6q6t-assembly1_A	4.185E-01	2.548E-01	2.171E-01	3.234E-01	0.024	9.515E+00
xm2h	5y6h-assembly1_A	4.068E-01	2.097E-01	1.805E-01	2.609E-01	0.024	6.475E+00
xm2h	2cuh-assembly1_A	4.076E-01	1.870E-01	1.494E-01	2.329E-01	0.024	5.341E+00
xm2h	6ghd-assembly2_F	5.411E-01	1.975E-01	1.523E-01	2.511E-01	0.024	8.924E+00
xm2h	6eci-assembly8_O	4.692E-01	2.069E-01	1.607E-01	2.592E-01	0.024	7.849E+00
xm2h	1ufy-assembly1_A	3.326E-01	3.182E-01	2.488E-01	3.258E-01	0.024	6.475E+00
xm2h	6vy1-assembly1_f	3.554E-01	2.613E-01	1.991E-01	2.862E-01	0.024	5.695E+00
xm2h	4knq-assembly1_A	4.099E-01	2.648E-01	2.058E-01	2.840E-01	0.024	7.849E+00
xm2h	4kq0-assembly1_D	4.487E-01	2.669E-01	2.073E-01	2.772E-01	0.024	8.369E+00
xm2h	5vbn-assembly2_F	3.107E-01	2.425E-01	1.807E-01	3.049E-01	0.024	5.341E+00
xm2h	3fkh-assembly2_C	4.745E-01	2.210E-01	1.630E-01	2.784E-01	0.024	9.515E+00
xm2h	6nr8-assembly1_5	3.984E-01	2.954E-01	2.250E-01	3.427E-01	0.024	8.924E+00
xm2h	7poi-assembly1_D	3.629E-01	2.475E-01	1.778E-01	2.390E-01	0.024	4.406E+00
xm2h	2pa7-assembly1_B	2.860E-01	1.871E-01	1.363E-01	2.448E-01	0.024	2.637E+00
xm2h	2pam-assembly1_B	2.849E-01	1.870E-01	1.364E-01	2.402E-01	0.024	2.637E+00
xm2h	5tpv-assembly1_A	3.732E-01	1.927E-01	1.378E-01	2.446E-01	0.024	5.009E+00
xm2h	4ywn-assembly1_A	5.034E-01	1.818E-01	1.230E-01	2.486E-01	0.024	8.369E+00
xm2h	1znp-assembly4_D	4.370E-01	2.559E-01	1.770E-01	3.046E-01	0.024	8.924E+00
xm2h	7og4-assembly1_XP	4.425E-01	2.601E-01	1.719E-01	3.117E-01	0.024	9.515E+00
xm2h	6bjh-assembly1_B	5.050E-01	2.492E-01	1.692E-01	2.764E-01	0.024	9.515E+00
xm2h	2vmg-assembly1_A	3.385E-01	2.374E-01	1.546E-01	2.362E-01	0.024	3.634E+00
xm2h	5t4x-assembly1_A	4.673E-01	1.698E-01	1.089E-01	1.874E-01	0.024	4.406E+00
xm2h	8e2p-assembly2_D	3.661E-01	2.809E-01	1.879E-01	3.426E-01	0.024	8.369E+00
xm2h	2qqd-assembly2_G	2.418E-01	2.351E-01	1.678E-01	2.546E-01	0.024	1.913E+00
xm2h	6fpg-assembly1_D	3.627E-01	2.936E-01	2.000E-01	2.839E-01	0.024	5.695E+00
xm2h	3h2d-assembly1_A	3.907E-01	3.044E-01	2.116E-01	3.148E-01	0.024	7.361E+00
xm2h	6ymh-assembly1_AAA	3.822E-01	1.711E-01	1.136E-01	2.805E-01	0.024	6.072E+00
xm2h	6fpg-assembly2_H	3.634E-01	2.939E-01	1.988E-01	2.825E-01	0.024	5.341E+00
xm2h	6ecy-assembly1_B	3.261E-01	2.581E-01	1.701E-01	3.656E-01	0.024	7.849E+00
xm2h	6fpg-assembly1_E	3.807E-01	3.015E-01	1.987E-01	3.102E-01	0.024	7.361E+00
xm2h	6nwj-assembly1_B	4.622E-01	1.257E-01	7.283E-02	1.924E-01	0.024	4.406E+00
xm2h	1f35-assembly1_A	3.281E-01	2.415E-01	1.562E-01	2.617E-01	0.024	4.132E+00
xm2h	5exv-assembly1_A	4.114E-01	2.202E-01	1.455E-01	2.393E-01	0.024	5.695E+00
xm2h	2jb7-assembly1_A	2.817E-01	2.521E-01	1.812E-01	3.995E-01	0.024	7.361E+00
xm2h	8jmr-assembly1_B	4.586E-01	2.679E-01	1.493E-01	2.722E-01	0.024	7.849E+00
xm2h	4rnd-assembly1_C	3.675E-01	2.620E-01	1.513E-01	3.140E-01	0.024	7.361E+00
xm2h	5sxh-assembly2_A	4.061E-01	2.252E-01	1.349E-01	2.900E-01	0.024	7.361E+00
xm2h	5e38-assembly1_B	4.345E-01	2.051E-01	1.095E-01	2.520E-01	0.024	6.475E+00
xm2h	1qr4-assembly2_B	4.735E-01	2.096E-01	1.121E-01	2.688E-01	0.024	8.369E+00
xm2h	2v64-assembly1_E	3.047E-01	2.586E-01	1.710E-01	2.686E-01	0.024	3.634E+00
xm2h	8orn-assembly2_D	3.365E-01	1.718E-01	9.620E-02	2.508E-01	0.024	4.132E+00
xm2h	3gmh-assembly5_J	3.510E-01	2.818E-01	1.761E-01	2.763E-01	0.024	5.009E+00
xm2h	5xyu-assembly1_C	3.635E-01	3.060E-01	1.727E-01	3.209E-01	0.024	6.904E+00
xm2h	4lcp-assembly1_A	4.004E-01	3.161E-01	1.728E-01	3.260E-01	0.024	8.924E+00
xm2h	4lul-assembly1_B	4.432E-01	2.431E-01	1.295E-01	2.843E-01	0.024	8.369E+00
xm2h	5xlk-assembly1_A	3.016E-01	2.369E-01	1.424E-01	2.647E-01	0.024	3.196E+00
xm2h	1isc-assembly1_B	3.485E-01	2.647E-01	1.549E-01	3.105E-01	0.024	6.904E+00
xm2h	4l2b-assembly1_B	3.250E-01	1.689E-01	1.040E-01	2.627E-01	0.024	3.634E+00
xm2h	6ex3-assembly1_C	3.348E-01	1.967E-01	1.131E-01	2.759E-01	0.024	4.406E+00
xm2h	5h5w-assembly2_B	2.170E-01	1.969E-01	1.136E-01	2.514E-01	0.024	1.302E+00
xm2h	4kqv-assembly2_B	3.444E-01	2.425E-01	1.309E-01	2.642E-01	0.024	4.406E+00
xm2h	6ex3-assembly2_B	3.356E-01	1.952E-01	1.107E-01	2.737E-01	0.024	5.009E+00
xm2h	4jmg-assembly1_A	5.211E-01	2.006E-01	9.626E-02	2.545E-01	0.024	8.924E+00
xm2h	5n57-assembly1_B	4.431E-01	2.510E-01	1.327E-01	2.776E-01	0.024	7.361E+00
xm2h	9b8p-assembly1_H	3.488E-01	2.546E-01	1.303E-01	3.001E-01	0.024	6.072E+00
xm2h	1dnl-assembly1_A	3.867E-01	1.715E-01	9.498E-02	2.855E-01	0.024	6.904E+00
xm2h	7z3q-assembly1_D	5.003E-01	1.790E-01	8.544E-02	2.454E-01	0.024	7.849E+00
xm2h	1fyh-assembly1_B	4.503E-01	1.971E-01	9.494E-02	2.671E-01	0.024	7.849E+00
xm2h	8adc-assembly2_A	3.483E-01	2.884E-01	1.619E-01	3.078E-01	0.024	6.475E+00
xm2h	7x78-assembly1_A	4.196E-01	2.847E-01	1.560E-01	2.751E-01	0.024	7.361E+00
xm2h	8bsi-assembly1_SC	3.561E-01	3.093E-01	1.693E-01	3.224E-01	0.024	6.904E+00
xm2h	5hlz-assembly2_G	3.564E-01	2.537E-01	1.326E-01	2.487E-01	0.024	4.406E+00
xm2h	7mwr-assembly1_A	3.485E-01	2.968E-01	1.510E-01	3.479E-01	0.024	7.849E+00
xm2h	8crx-assembly1_G	3.734E-01	3.113E-01	1.595E-01	3.367E-01	0.024	8.924E+00
xm2h	6ha8-assembly1_c	3.598E-01	3.003E-01	1.574E-01	3.128E-01	0.024	6.475E+00
xm2h	8adc-assembly1_B	3.631E-01	3.038E-01	1.683E-01	3.337E-01	0.024	8.369E+00
xm2h	7sbh-assembly1_A-2	2.987E-01	1.738E-01	9.357E-02	2.488E-01	0.024	2.811E+00
xm2h	2cdy-assembly3_C	4.112E-01	2.708E-01	1.408E-01	2.998E-01	0.024	8.369E+00
xm2h	6gff-assembly1_C	2.624E-01	2.601E-01	1.412E-01	2.668E-01	0.024	2.473E+00
xm2h	6zq3-assembly1_A	4.481E-01	1.904E-01	9.013E-02	2.525E-01	0.024	7.361E+00
xm2h	1jnw-assembly1_A-2	3.930E-01	1.722E-01	9.037E-02	2.858E-01	0.024	6.904E+00
xm2h	1wsc-assembly2_B	2.962E-01	2.282E-01	1.368E-01	3.233E-01	0.024	5.009E+00
xm2h	6gff-assembly2_G	2.611E-01	2.566E-01	1.379E-01	2.693E-01	0.024	2.811E+00
xm2h	3h6s-assembly4_D	4.811E-01	1.893E-01	8.881E-02	2.471E-01	0.024	7.361E+00
xm2h	4rgn-assembly2_S	4.417E-01	2.095E-01	1.080E-01	2.568E-01	0.024	7.361E+00
xm2h	6gff-assembly2_E	2.765E-01	2.723E-01	1.545E-01	2.831E-01	0.024	3.408E+00
xm2h	5k1a-assembly3_E	2.753E-01	2.402E-01	1.130E-01	2.487E-01	0.024	2.637E+00
xm2h	2vld-assembly1_B	2.860E-01	1.720E-01	8.269E-02	2.305E-01	0.024	2.040E+00
xm2h	1yln-assembly1_A-2	3.709E-01	1.949E-01	9.111E-02	2.288E-01	0.024	4.132E+00
xm2h	4ayd-assembly3_F	5.756E-01	1.605E-01	6.258E-02	2.083E-01	0.024	7.849E+00
xm2h	3oee-assembly2_P	3.754E-01	3.148E-01	1.619E-01	2.923E-01	0.024	6.904E+00
xm2h	3eir-assembly2_B	4.304E-01	2.333E-01	1.016E-01	2.716E-01	0.024	7.849E+00
xm2h	2p35-assembly1_A	3.976E-01	3.303E-01	1.480E-01	3.080E-01	0.024	7.361E+00
xm2h	8hki-assembly1_Z	3.708E-01	2.483E-01	9.802E-02	2.540E-01	0.024	5.341E+00
xm2h	6xiv-assembly1_A	4.329E-01	2.249E-01	8.970E-02	2.965E-01	0.024	8.369E+00
xm2h	3egl-assembly2_B	3.329E-01	3.049E-01	1.350E-01	3.156E-01	0.024	6.072E+00
xm2h	3oeh-assembly1_G	3.930E-01	3.389E-01	1.599E-01	3.236E-01	0.024	8.924E+00
xm2h	6xay-assembly2_B	5.145E-01	1.991E-01	7.063E-02	2.541E-01	0.024	9.515E+00
xm2h	3jtt-assembly3_G	4.130E-01	2.406E-01	9.322E-02	2.705E-01	0.024	6.904E+00
xm2h	3bqb-assembly1_A	4.592E-01	2.402E-01	8.677E-02	2.865E-01	0.024	8.924E+00
xm2h	6rvm-assembly2_B	3.805E-01	3.614E-01	1.420E-01	3.449E-01	0.024	8.369E+00
xm2h	3dl2-assembly1_A	3.078E-01	2.317E-01	9.871E-02	3.363E-01	0.024	5.341E+00
xm2h	3t5p-assembly3_C	2.830E-01	1.668E-01	6.965E-02	2.273E-01	0.024	1.913E+00
xm2h	6ym1-assembly1_B	3.799E-01	3.705E-01	1.480E-01	3.594E-01	0.024	8.924E+00
xm2h	5zch-assembly2_B	4.860E-01	2.166E-01	8.046E-02	2.331E-01	0.024	7.361E+00
xm2h	5dmu-assembly1_A	4.111E-01	3.079E-01	1.165E-01	3.040E-01	0.024	7.849E+00
xm2h	4x2z-assembly1_A	4.105E-01	1.902E-01	6.553E-02	2.635E-01	0.024	6.072E+00
xm2h	5gwp-assembly1_A	4.770E-01	2.233E-01	8.164E-02	2.346E-01	0.024	6.475E+00
xm2h	7drm-assembly2_D	3.435E-01	2.685E-01	1.185E-01	3.168E-01	0.024	6.475E+00
xm2h	8vsc-assembly1_B	2.812E-01	2.791E-01	1.158E-01	2.857E-01	0.024	3.408E+00
xm2h	7drp-assembly2_C	4.024E-01	2.892E-01	1.158E-01	3.069E-01	0.024	8.369E+00
xm2h	9fcj-assembly1_D	2.572E-01	2.281E-01	8.777E-02	2.280E-01	0.024	1.578E+00
xm2h	5zcl-assembly1_A	5.102E-01	2.049E-01	7.238E-02	2.317E-01	0.024	6.904E+00
xm2h	4ixn-assembly1_A	2.311E-01	2.123E-01	9.630E-02	2.332E-01	0.024	1.221E+00
xm2h	4ap0-assembly1_A	4.010E-01	3.539E-01	1.425E-01	3.446E-01	0.024	9.515E+00
xm2h	5k16-assembly3_B	5.108E-01	1.857E-01	5.322E-02	2.184E-01	0.024	7.361E+00
xm2h	5cyy-assembly2_C	2.993E-01	2.047E-01	7.147E-02	2.132E-01	0.024	1.794E+00
xm2h	6lnb-assembly1_C	2.824E-01	2.477E-01	1.122E-01	3.339E-01	0.024	4.406E+00
xm2h	7mgv-assembly1_B	2.913E-01	2.424E-01	9.624E-02	2.616E-01	0.024	2.811E+00
xm2h	6lnb-assembly1_D	2.881E-01	2.740E-01	1.185E-01	3.139E-01	0.024	4.132E+00
xm2h	6lnc-assembly1_G	2.737E-01	2.482E-01	1.185E-01	3.505E-01	0.024	5.341E+00
xm2h	8xj2-assembly1_D	3.079E-01	2.571E-01	9.092E-02	3.441E-01	0.024	5.695E+00
xm2h	3wwx-assembly1_A	4.123E-01	2.387E-01	8.046E-02	3.117E-01	0.024	8.924E+00
xm2h	8itp-assembly1_D	4.085E-01	1.898E-01	5.403E-02	2.461E-01	0.024	5.695E+00
xm2h	8if7-assembly1_A	4.901E-01	1.885E-01	5.197E-02	2.497E-01	0.024	7.361E+00
xm2h	9erv-assembly1_A	3.633E-01	2.599E-01	1.002E-01	2.979E-01	0.024	6.904E+00
xm2h	3cwv-assembly1_A	3.303E-01	3.171E-01	1.150E-01	3.219E-01	0.024	6.072E+00
xm2h	6v7j-assembly1_C	4.202E-01	2.258E-01	6.775E-02	2.767E-01	0.024	7.361E+00
xm2h	5e1r-assembly1_B	4.243E-01	2.148E-01	6.394E-02	2.649E-01	0.024	7.361E+00
xm2h	8j5v-assembly1_A	4.261E-01	2.582E-01	8.373E-02	3.008E-01	0.024	8.924E+00
xm2h	3smh-assembly2_F	4.188E-01	2.263E-01	6.629E-02	2.690E-01	0.024	7.361E+00
xm2h	4url-assembly1_A	4.120E-01	2.819E-01	8.922E-02	3.044E-01	0.024	8.924E+00
xm2h	5a19-assembly1_A	3.041E-01	2.543E-01	8.419E-02	3.419E-01	0.024	6.475E+00
xm2h	6fwb-assembly1_B	2.691E-01	2.186E-01	8.341E-02	3.449E-01	0.024	4.406E+00
xm2h	6c07-assembly1_C	3.007E-01	2.493E-01	8.236E-02	3.468E-01	0.024	5.695E+00
xm2h	6fbp-assembly1_B-2	3.042E-01	2.553E-01	8.317E-02	3.406E-01	0.024	5.341E+00
xm2h	4tma-assembly1_B	3.188E-01	2.927E-01	8.614E-02	2.555E-01	0.024	3.408E+00
xm2h	3ksc-assembly1_C	4.215E-01	2.216E-01	6.206E-02	2.709E-01	0.024	7.361E+00
xm2h	3zkd-assembly3_F	3.470E-01	2.207E-01	7.105E-02	2.485E-01	0.024	3.634E+00
xm2h	2ea7-assembly1_B	3.836E-01	2.154E-01	5.922E-02	2.590E-01	0.024	5.695E+00
xm2h	3zkb-assembly3_L	2.710E-01	1.870E-01	6.448E-02	2.123E-01	0.024	1.388E+00
xm2h	3zkb-assembly5_B	2.749E-01	1.894E-01	6.500E-02	2.171E-01	0.024	1.683E+00
xm2h	3kgl-assembly2_E	4.371E-01	2.357E-01	6.287E-02	3.055E-01	0.024	9.515E+00
xm2h	4p85-assembly1_A	4.521E-01	2.354E-01	7.137E-02	2.997E-01	0.024	8.924E+00
xm2h	6b9s-assembly3_F	3.066E-01	1.779E-01	4.829E-02	2.321E-01	0.024	2.637E+00
xm2h	2vrt-assembly2_B	3.086E-01	2.616E-01	8.147E-02	3.368E-01	0.024	5.341E+00
xm2h	4kri-assembly3_C	3.583E-01	2.949E-01	9.347E-02	3.843E-01	0.024	9.515E+00
xm2h	3nqh-assembly1_A	4.356E-01	2.673E-01	6.288E-02	2.770E-01	0.024	7.849E+00
xm2h	6j6a-assembly1_B	3.931E-01	2.247E-01	5.573E-02	2.607E-01	0.024	5.341E+00
xm2h	5msy-assembly2_B	4.040E-01	2.243E-01	4.991E-02	2.523E-01	0.024	5.695E+00
xm2h	1pjs-assembly1_B	3.841E-01	2.616E-01	7.790E-02	2.963E-01	0.024	7.361E+00
xm2h	8fbz-assembly1_B	3.212E-01	2.711E-01	9.165E-02	3.375E-01	0.024	6.072E+00
xm2h	5imt-assembly1_A	3.625E-01	2.761E-01	7.455E-02	2.701E-01	0.024	5.009E+00
xm2h	3hvn-assembly1_A	3.796E-01	2.949E-01	7.150E-02	2.608E-01	0.024	5.341E+00
xm2h	6ona-assembly1_B	2.465E-01	1.919E-01	5.207E-02	2.589E-01	0.024	2.175E+00
xm2h	6ueh-assembly1_A	2.871E-01	2.084E-01	4.811E-02	2.245E-01	0.024	2.319E+00
xm2h	6x5v-assembly1_A	3.719E-01	1.934E-01	4.189E-02	2.539E-01	0.024	5.341E+00
xm2h	5xda-assembly1_A	4.093E-01	3.920E-01	8.468E-02	3.313E-01	0.024	9.515E+00
xm2h	7sn4-assembly1_X	3.184E-01	2.248E-01	5.950E-02	2.382E-01	0.024	2.998E+00
xm2h	7pr6-assembly1_BBB-2	2.770E-01	2.227E-01	5.280E-02	2.548E-01	0.024	2.637E+00
xm2h	8uy1-assembly1_D	3.262E-01	3.073E-01	5.908E-02	3.435E-01	0.024	6.904E+00
xm2h	8uy1-assembly1_A	3.228E-01	3.043E-01	5.878E-02	3.370E-01	0.024	6.475E+00
xm2h	4wjw-assembly1_B	2.865E-01	2.188E-01	4.438E-02	2.889E-01	0.024	3.408E+00
xm2h	4s3r-assembly1_A	3.628E-01	1.918E-01	3.045E-02	2.709E-01	0.024	5.009E+00
xm2h	8k0b-assembly1_A	3.101E-01	2.891E-01	5.680E-02	2.923E-01	0.024	4.132E+00
xm2h	2iv2-assembly1_X	3.876E-01	2.309E-01	4.618E-02	3.058E-01	0.024	7.361E+00
xm2h	5i0g-assembly1_B	3.276E-01	2.156E-01	3.390E-02	2.199E-01	0.024	2.473E+00
xm2h	7boy-assembly1_u	3.646E-01	2.548E-01	4.743E-02	2.943E-01	0.024	5.695E+00
xm2h	5hv3-assembly1_A	3.688E-01	3.361E-01	6.704E-02	3.630E-01	0.024	9.515E+00
xm2h	5fob-assembly1_B	4.778E-01	2.606E-01	3.164E-02	2.760E-01	0.024	9.515E+00
xm2h	8p52-assembly1_A	3.662E-01	3.501E-01	2.169E-02	3.667E-01	0.024	8.924E+00
xm2h	5ji4-assembly1_A	3.570E-01	1.642E-01	3.346E-01	2.693E-01	0.020	6.475E+00
xm2h	6w6k-assembly1_F	4.474E-01	2.266E-01	3.156E-01	2.485E-01	0.020	8.924E+00
xm2h	6wmk-assembly2_D	3.332E-01	2.619E-01	3.267E-01	3.742E-01	0.020	9.515E+00
xm2h	2xiw-assembly1_B-2	3.923E-01	2.210E-01	2.729E-01	2.967E-01	0.020	8.924E+00
xm2h	8to5-assembly1_c	4.299E-01	2.216E-01	2.534E-01	2.663E-01	0.020	8.924E+00
xm2h	5j7k-assembly1_C	4.723E-01	1.836E-01	2.059E-01	2.445E-01	0.020	8.924E+00
xm2h	3w5z-assembly1_A-2	2.874E-01	2.291E-01	2.459E-01	3.219E-01	0.020	6.072E+00
xm2h	5npg-assembly1_A	2.999E-01	2.297E-01	2.421E-01	3.278E-01	0.020	6.475E+00
xm2h	1y96-assembly2_D	4.394E-01	2.205E-01	2.355E-01	2.755E-01	0.020	9.515E+00
xm2h	7du6-assembly1_A	3.021E-01	2.967E-01	3.012E-01	3.579E-01	0.020	8.369E+00
xm2h	2hid-assembly1_A	3.515E-01	2.953E-01	2.995E-01	3.299E-01	0.020	8.924E+00
xm2h	4m6a-assembly4_G	4.465E-01	2.158E-01	2.202E-01	2.213E-01	0.020	6.904E+00
xm2h	1mo1-assembly1_A	3.276E-01	2.584E-01	2.628E-01	3.384E-01	0.020	7.849E+00
xm2h	3oqo-assembly1_S	3.492E-01	2.991E-01	3.026E-01	3.173E-01	0.020	7.361E+00
xm2h	8tgy-assembly2_D	4.303E-01	1.949E-01	1.988E-01	2.544E-01	0.020	8.369E+00
xm2h	7di0-assembly3_C	3.263E-01	2.719E-01	2.738E-01	3.175E-01	0.020	6.475E+00
xm2h	4m6a-assembly3_E	4.161E-01	2.121E-01	2.121E-01	2.207E-01	0.020	6.072E+00
xm2h	6d0k-assembly1_C	4.911E-01	1.924E-01	1.906E-01	2.239E-01	0.020	8.369E+00
xm2h	7eym-assembly1_B	2.708E-01	1.870E-01	1.799E-01	2.424E-01	0.020	2.637E+00
xm2h	2e8j-assembly1_A	2.996E-01	2.392E-01	2.262E-01	3.010E-01	0.020	5.341E+00
xm2h	8j07-assembly1_q5	3.155E-01	2.584E-01	2.444E-01	3.489E-01	0.020	7.849E+00
xm2h	3ulb-assembly1_B	3.563E-01	2.251E-01	2.138E-01	2.917E-01	0.020	6.904E+00
xm2h	1yze-assembly3_C	4.146E-01	2.433E-01	2.235E-01	3.073E-01	0.020	9.515E+00
xm2h	6fip-assembly1_A	2.737E-01	2.202E-01	2.046E-01	2.691E-01	0.020	3.408E+00
xm2h	8fn9-assembly4_H	4.398E-01	2.015E-01	1.840E-01	2.515E-01	0.020	8.369E+00
xm2h	7ypl-assembly1_A	4.781E-01	1.977E-01	1.781E-01	2.559E-01	0.020	8.924E+00
xm2h	8glv-assembly1_BR	3.030E-01	2.551E-01	2.304E-01	3.038E-01	0.020	5.695E+00
xm2h	3hqx-assembly1_A-2	2.814E-01	1.797E-01	1.541E-01	2.762E-01	0.020	3.875E+00
xm2h	3jt0-assembly1_A	5.533E-01	1.797E-01	1.522E-01	2.219E-01	0.020	9.515E+00
xm2h	2qqc-assembly2_L	2.645E-01	2.463E-01	2.074E-01	2.732E-01	0.020	3.196E+00
xm2h	1pqe-assembly1_A	2.951E-01	2.381E-01	1.989E-01	2.696E-01	0.020	4.132E+00
xm2h	1r9f-assembly1_A-2	4.099E-01	2.646E-01	2.072E-01	2.845E-01	0.020	9.515E+00
xm2h	4g88-assembly4_G	3.564E-01	3.424E-01	2.760E-01	3.459E-01	0.020	8.924E+00
xm2h	6zu5-assembly1_SO0	3.814E-01	2.429E-01	1.757E-01	2.961E-01	0.020	7.849E+00
xm2h	1ux0-assembly1_B-2	3.992E-01	2.669E-01	2.022E-01	3.105E-01	0.020	9.515E+00
xm2h	7crg-assembly2_B	4.948E-01	1.951E-01	1.370E-01	2.388E-01	0.020	8.369E+00
xm2h	6xri-assembly4_H	3.834E-01	1.761E-01	1.227E-01	2.619E-01	0.020	6.904E+00
xm2h	5eaz-assembly1_B	3.331E-01	3.256E-01	2.462E-01	3.139E-01	0.020	7.849E+00
xm2h	1vmf-assembly1_C	2.850E-01	2.824E-01	2.006E-01	2.886E-01	0.020	5.009E+00
xm2h	3mqs-assembly1_C	4.080E-01	2.559E-01	1.748E-01	2.765E-01	0.020	8.924E+00
xm2h	4a45-assembly1_A	4.059E-01	2.668E-01	1.881E-01	2.949E-01	0.020	8.924E+00
xm2h	7aah-assembly2_B	3.039E-01	2.535E-01	1.896E-01	3.012E-01	0.020	5.695E+00
xm2h	4pmk-assembly2_B	2.744E-01	2.140E-01	1.603E-01	2.493E-01	0.020	3.196E+00
xm2h	6bjg-assembly1_A	4.264E-01	2.723E-01	1.870E-01	2.910E-01	0.020	9.515E+00
xm2h	8e2r-assembly1_A	3.747E-01	2.769E-01	1.920E-01	3.429E-01	0.020	9.515E+00
xm2h	4bmw-assembly1_A	3.895E-01	3.444E-01	2.351E-01	2.970E-01	0.020	8.369E+00
xm2h	7q9r-assembly1_BBB	4.813E-01	1.875E-01	1.230E-01	1.847E-01	0.020	5.009E+00
xm2h	5e80-assembly2_A	4.764E-01	1.714E-01	1.081E-01	1.893E-01	0.020	5.341E+00
xm2h	3hm4-assembly1_B	2.862E-01	2.645E-01	1.984E-01	3.674E-01	0.020	7.849E+00
xm2h	5y40-assembly1_A	3.561E-01	3.415E-01	2.335E-01	2.852E-01	0.020	7.361E+00
xm2h	6vna-assembly2_B-2	2.755E-01	2.077E-01	1.470E-01	2.848E-01	0.020	4.132E+00
xm2h	2etn-assembly4_C	3.093E-01	1.800E-01	1.149E-01	2.367E-01	0.020	3.408E+00
xm2h	4c81-assembly1_A	2.666E-01	2.245E-01	1.588E-01	2.893E-01	0.020	4.132E+00
xm2h	3kta-assembly2_D	3.561E-01	2.374E-01	1.512E-01	3.086E-01	0.020	7.361E+00
xm2h	4pmk-assembly1_A	2.753E-01	2.145E-01	1.496E-01	2.483E-01	0.020	2.998E+00
xm2h	6u9j-assembly1_A	3.780E-01	1.978E-01	1.309E-01	2.553E-01	0.020	5.695E+00
xm2h	4b6c-assembly1_A	3.242E-01	2.894E-01	1.984E-01	3.121E-01	0.020	7.361E+00
xm2h	2zov-assembly1_A-2	3.763E-01	3.442E-01	2.118E-01	3.151E-01	0.020	8.369E+00
xm2h	3wvb-assembly1_B	3.266E-01	2.584E-01	1.669E-01	3.133E-01	0.020	6.904E+00
xm2h	4clc-assembly1_E-2	3.676E-01	2.406E-01	1.547E-01	3.050E-01	0.020	8.369E+00
xm2h	8do8-assembly2_A	2.972E-01	2.931E-01	1.808E-01	2.996E-01	0.020	5.341E+00
xm2h	1sbr-assembly1_A	2.498E-01	2.111E-01	1.315E-01	3.330E-01	0.020	5.009E+00
xm2h	4bae-assembly1_B	2.859E-01	2.047E-01	1.266E-01	2.244E-01	0.020	2.811E+00
xm2h	4q58-assembly3_C	4.499E-01	2.063E-01	1.115E-01	2.626E-01	0.020	9.515E+00
xm2h	3se3-assembly1_C	5.636E-01	1.731E-01	8.695E-02	2.150E-01	0.020	9.515E+00
xm2h	7lbm-assembly1_l	3.378E-01	2.279E-01	1.360E-01	2.448E-01	0.020	4.132E+00
xm2h	4p8o-assembly2_B	2.760E-01	2.621E-01	1.616E-01	2.713E-01	0.020	4.132E+00
xm2h	1s7h-assembly2_D	3.020E-01	2.552E-01	1.477E-01	3.458E-01	0.020	6.904E+00
xm2h	1xe7-assembly1_B	3.657E-01	2.356E-01	1.329E-01	2.731E-01	0.020	6.072E+00
xm2h	2g9g-assembly1_A	3.888E-01	2.113E-01	1.037E-01	2.556E-01	0.020	6.904E+00
xm2h	4l2a-assembly1_A	3.449E-01	1.711E-01	1.007E-01	2.597E-01	0.020	5.341E+00
xm2h	3lj9-assembly1_A	3.250E-01	1.712E-01	1.038E-01	2.624E-01	0.020	5.341E+00
xm2h	2w7w-assembly1_B	3.011E-01	1.811E-01	1.014E-01	2.558E-01	0.020	4.406E+00
xm2h	7typ-assembly2_B	3.142E-01	2.239E-01	1.182E-01	2.541E-01	0.020	4.698E+00
xm2h	2vkw-assembly1_B	3.758E-01	1.971E-01	1.035E-01	2.424E-01	0.020	5.695E+00
xm2h	6gvl-assembly1_A	5.000E-01	2.168E-01	1.066E-01	2.480E-01	0.020	9.515E+00
xm2h	7bge-assembly1_c	3.319E-01	2.974E-01	1.530E-01	3.557E-01	0.020	8.369E+00
xm2h	3e5q-assembly1_A	3.928E-01	1.975E-01	9.633E-02	2.305E-01	0.020	5.695E+00
xm2h	3e6d-assembly1_A	3.685E-01	1.967E-01	9.616E-02	2.320E-01	0.020	5.009E+00
xm2h	2ce4-assembly1_A	3.768E-01	2.303E-01	1.245E-01	3.019E-01	0.020	8.369E+00
xm2h	6e3k-assembly1_D	3.924E-01	1.984E-01	9.450E-02	2.593E-01	0.020	7.361E+00
xm2h	2vfy-assembly1_A	3.463E-01	2.872E-01	1.532E-01	2.998E-01	0.020	6.904E+00
xm2h	4f6e-assembly1_B	3.601E-01	2.779E-01	1.560E-01	3.300E-01	0.020	8.369E+00
xm2h	4gun-assembly2_E	4.444E-01	2.462E-01	1.264E-01	2.456E-01	0.020	7.361E+00
xm2h	4v65-assembly1_AO	3.174E-01	2.773E-01	1.549E-01	2.795E-01	0.020	5.341E+00
xm2h	6e3k-assembly1_C	4.043E-01	1.996E-01	9.314E-02	2.609E-01	0.020	7.361E+00
xm2h	3g6w-assembly1_C	4.377E-01	2.004E-01	9.002E-02	2.714E-01	0.020	9.515E+00
xm2h	4llw-assembly1_B	3.819E-01	2.801E-01	1.461E-01	2.603E-01	0.020	6.475E+00
xm2h	2aw9-assembly1_B	3.675E-01	2.301E-01	1.221E-01	3.166E-01	0.020	8.924E+00
xm2h	6cyx-assembly1_A	3.311E-01	1.949E-01	1.023E-01	2.710E-01	0.020	5.341E+00
xm2h	1ty2-assembly1_A	4.839E-01	2.257E-01	1.132E-01	2.462E-01	0.020	8.369E+00
xm2h	1y67-assembly2_D	3.667E-01	2.277E-01	1.189E-01	3.004E-01	0.020	8.369E+00
xm2h	7ooc-assembly1_B	3.360E-01	3.012E-01	1.529E-01	3.299E-01	0.020	8.369E+00
xm2h	4qvu-assembly1_A	3.606E-01	3.088E-01	1.580E-01	2.682E-01	0.020	6.904E+00
xm2h	4uc9-assembly1_A	2.700E-01	2.235E-01	1.046E-01	2.761E-01	0.020	4.132E+00
xm2h	3ksa-assembly1_C	3.682E-01	2.122E-01	9.909E-02	2.599E-01	0.020	6.072E+00
xm2h	3f75-assembly1_A	4.957E-01	1.948E-01	8.716E-02	2.492E-01	0.020	9.515E+00
xm2h	1d5z-assembly1_C	4.316E-01	2.129E-01	1.066E-01	2.570E-01	0.020	7.849E+00
xm2h	2vec-assembly1_A	3.029E-01	2.236E-01	9.914E-02	3.167E-01	0.020	5.695E+00
xm2h	3j4r-assembly1_A	3.463E-01	2.872E-01	1.380E-01	2.998E-01	0.020	7.849E+00
xm2h	9d7a-assembly4_D	4.273E-01	2.468E-01	1.151E-01	2.761E-01	0.020	8.924E+00
xm2h	8xkn-assembly1_C	3.204E-01	2.598E-01	1.223E-01	2.793E-01	0.020	5.695E+00
xm2h	5mrc-assembly1_33	3.715E-01	2.341E-01	1.094E-01	2.863E-01	0.020	7.849E+00
xm2h	6k4e-assembly1_A	2.128E-01	1.562E-01	8.485E-02	2.271E-01	0.020	1.480E+00
xm2h	7tju-assembly1_G	3.502E-01	3.101E-01	1.567E-01	3.233E-01	0.020	7.849E+00
xm2h	7ebs-assembly1_A-2	3.921E-01	2.942E-01	1.199E-01	3.032E-01	0.020	8.924E+00
xm2h	3op1-assembly2_C-2	2.781E-01	1.869E-01	8.498E-02	2.526E-01	0.020	3.408E+00
xm2h	1zs8-assembly1_A	4.828E-01	2.197E-01	9.481E-02	2.418E-01	0.020	8.369E+00
xm2h	4xoh-assembly1_C-2	4.516E-01	2.030E-01	7.619E-02	2.617E-01	0.020	9.515E+00
xm2h	3pe0-assembly1_A	3.904E-01	2.875E-01	1.037E-01	3.254E-01	0.020	9.515E+00
xm2h	7n5c-assembly1_A	3.331E-01	2.419E-01	1.048E-01	2.758E-01	0.020	5.341E+00
xm2h	3ujl-assembly1_B	5.097E-01	2.026E-01	8.033E-02	2.284E-01	0.020	9.515E+00
xm2h	3a55-assembly1_A	3.496E-01	2.109E-01	8.077E-02	2.763E-01	0.020	5.695E+00
xm2h	3a56-assembly2_B	3.487E-01	2.104E-01	8.040E-02	2.774E-01	0.020	6.072E+00
xm2h	7ay0-assembly2_D	4.170E-01	1.913E-01	6.397E-02	2.568E-01	0.020	7.849E+00
xm2h	7mrn-assembly1_A	4.930E-01	2.027E-01	7.333E-02	2.288E-01	0.020	7.849E+00
xm2h	4mzu-assembly1_E	2.973E-01	1.887E-01	7.107E-02	2.277E-01	0.020	2.811E+00
xm2h	3t5p-assembly1_A	2.847E-01	1.679E-01	7.015E-02	2.287E-01	0.020	2.811E+00
xm2h	4mzu-assembly1_B	3.669E-01	2.003E-01	7.413E-02	2.511E-01	0.020	5.341E+00
xm2h	4wrr-assembly1_A	2.653E-01	1.731E-01	7.616E-02	2.516E-01	0.020	2.811E+00
xm2h	4mzu-assembly1_F	3.671E-01	1.992E-01	7.325E-02	2.515E-01	0.020	6.072E+00
xm2h	3t5p-assembly3_E	2.814E-01	1.669E-01	6.857E-02	2.207E-01	0.020	2.175E+00
xm2h	4wvo-assembly1_B	3.791E-01	2.540E-01	1.054E-01	3.170E-01	0.020	8.924E+00
xm2h	7mrk-assembly2_D	5.061E-01	2.122E-01	7.545E-02	2.310E-01	0.020	9.515E+00
xm2h	5zcu-assembly2_B	5.218E-01	2.041E-01	7.534E-02	2.284E-01	0.020	9.515E+00
xm2h	3gbj-assembly1_A	4.132E-01	2.638E-01	9.885E-02	3.003E-01	0.020	9.515E+00
xm2h	3t5p-assembly2_L	3.773E-01	1.642E-01	6.720E-02	2.526E-01	0.020	6.072E+00
xm2h	7acv-assembly1_A	2.951E-01	2.297E-01	1.031E-01	3.233E-01	0.020	6.475E+00
xm2h	6lnc-assembly1_B	2.757E-01	2.159E-01	8.277E-02	3.094E-01	0.020	4.406E+00
xm2h	3v10-assembly2_B	3.272E-01	2.326E-01	8.834E-02	2.500E-01	0.020	5.009E+00
xm2h	4q60-assembly1_B	3.402E-01	3.138E-01	1.154E-01	2.839E-01	0.020	6.904E+00
xm2h	5w3d-assembly1_B	3.259E-01	2.498E-01	1.103E-01	2.644E-01	0.020	5.009E+00
xm2h	6k5z-assembly1_B	4.039E-01	2.960E-01	1.103E-01	2.894E-01	0.020	8.369E+00
xm2h	4fqv-assembly1_C	2.953E-01	2.320E-01	7.878E-02	2.269E-01	0.020	2.998E+00
xm2h	4ixm-assembly1_A	2.334E-01	2.145E-01	9.649E-02	2.293E-01	0.020	1.480E+00
xm2h	3wcy-assembly1_A	4.337E-01	1.845E-01	5.742E-02	2.467E-01	0.020	7.849E+00
xm2h	5vqf-assembly1_B	3.385E-01	3.274E-01	1.181E-01	2.869E-01	0.020	6.904E+00
xm2h	5vqf-assembly1_A	2.503E-01	2.415E-01	9.842E-02	2.840E-01	0.020	3.196E+00
xm2h	8xpn-assembly1_A	4.346E-01	1.823E-01	6.712E-02	2.485E-01	0.020	8.369E+00
xm2h	3zm7-assembly5_E	2.857E-01	2.052E-01	7.844E-02	2.257E-01	0.020	2.473E+00
xm2h	4m44-assembly1_E	2.836E-01	2.380E-01	7.577E-02	2.330E-01	0.020	2.637E+00
xm2h	3lnu-assembly1_A	2.720E-01	2.661E-01	1.096E-01	3.026E-01	0.020	4.406E+00
xm2h	1pwd-assembly1_A	4.474E-01	2.111E-01	7.513E-02	2.622E-01	0.020	8.369E+00
xm2h	3lps-assembly1_A	2.684E-01	2.626E-01	1.036E-01	2.861E-01	0.020	3.875E+00
xm2h	8hz5-assembly1_A	3.116E-01	2.724E-01	9.445E-02	2.926E-01	0.020	5.695E+00
xm2h	6l4m-assembly1_A	3.958E-01	2.388E-01	7.617E-02	2.957E-01	0.020	8.369E+00
xm2h	3zm7-assembly4_D	2.879E-01	2.055E-01	7.599E-02	2.281E-01	0.020	2.811E+00
xm2h	6kjt-assembly1_D	3.718E-01	2.337E-01	8.604E-02	2.725E-01	0.020	7.361E+00
xm2h	6fbn-assembly1_B	2.650E-01	2.147E-01	8.562E-02	3.369E-01	0.020	5.695E+00
xm2h	8uru-assembly1_A	3.673E-01	2.760E-01	9.803E-02	2.762E-01	0.020	6.904E+00
xm2h	4bvq-assembly1_A	3.314E-01	3.232E-01	1.049E-01	3.356E-01	0.020	8.924E+00
xm2h	5ugh-assembly2_B	2.687E-01	2.203E-01	8.853E-02	3.497E-01	0.020	5.695E+00
xm2h	1ipk-assembly1_A	3.220E-01	1.886E-01	5.206E-02	2.172E-01	0.020	3.196E+00
xm2h	7r3b-assembly2_E	3.032E-01	2.554E-01	8.587E-02	3.528E-01	0.020	7.849E+00
xm2h	7lo2-assembly1_B	2.768E-01	2.128E-01	8.632E-02	3.164E-01	0.020	5.009E+00
xm2h	3zyt-assembly1_A	3.901E-01	2.657E-01	8.650E-02	3.007E-01	0.020	9.515E+00
xm2h	4pu9-assembly1_A-2	3.457E-01	2.383E-01	7.804E-02	2.635E-01	0.020	5.695E+00
xm2h	7lnn-assembly1_A-2	2.824E-01	2.119E-01	8.609E-02	3.157E-01	0.020	5.695E+00
xm2h	7r2w-assembly1_A	3.009E-01	2.559E-01	8.414E-02	3.425E-01	0.020	7.361E+00
xm2h	9jk6-assembly1_A	3.550E-01	2.301E-01	7.267E-02	3.147E-01	0.020	8.369E+00
xm2h	7loz-assembly1_A-2	2.758E-01	2.120E-01	8.582E-02	3.166E-01	0.020	5.695E+00
xm2h	8p4h-assembly2_C	2.671E-01	2.206E-01	8.582E-02	3.457E-01	0.020	6.072E+00
xm2h	5n0p-assembly1_A	3.771E-01	3.023E-01	1.055E-01	3.000E-01	0.020	8.369E+00
xm2h	8oou-assembly1_A	2.446E-01	2.011E-01	7.491E-02	2.681E-01	0.020	2.998E+00
xm2h	3zkb-assembly5_A	2.865E-01	2.044E-01	7.205E-02	2.288E-01	0.020	2.637E+00
xm2h	6ltv-assembly1_B	2.984E-01	2.478E-01	8.065E-02	3.428E-01	0.020	6.475E+00
xm2h	6z3t-assembly1_A	3.260E-01	2.247E-01	7.568E-02	3.043E-01	0.020	6.475E+00
xm2h	7zl3-assembly1_A	2.900E-01	2.047E-01	6.669E-02	3.118E-01	0.020	6.072E+00
xm2h	6pxk-assembly1_B	3.519E-01	2.122E-01	7.907E-02	2.855E-01	0.020	6.904E+00
xm2h	8ofd-assembly1_A	4.237E-01	2.180E-01	5.917E-02	2.676E-01	0.020	8.924E+00
xm2h	5okn-assembly3_C	3.251E-01	2.021E-01	5.290E-02	2.481E-01	0.020	4.698E+00
xm2h	7byt-assembly1_A	3.031E-01	2.250E-01	6.403E-02	2.446E-01	0.020	3.408E+00
xm2h	5okm-assembly7_G	3.442E-01	2.075E-01	5.186E-02	2.511E-01	0.020	4.698E+00
xm2h	5z24-assembly2_B	2.667E-01	1.683E-01	5.149E-02	2.432E-01	0.020	2.473E+00
xm2h	7kmm-assembly2_B	3.541E-01	1.766E-01	4.365E-02	2.551E-01	0.020	5.695E+00
xm2h	6b9t-assembly1_B	3.663E-01	1.736E-01	4.134E-02	2.731E-01	0.020	6.072E+00
xm2h	4xyc-assembly2_U	4.552E-01	2.375E-01	5.663E-02	2.344E-01	0.020	7.361E+00
xm2h	5wp5-assembly2_B	2.923E-01	2.346E-01	7.423E-02	3.172E-01	0.020	5.341E+00
xm2h	6p6p-assembly1_A	3.873E-01	1.843E-01	4.579E-02	2.636E-01	0.020	6.904E+00
xm2h	8xhg-assembly1_C	2.764E-01	2.155E-01	4.814E-02	2.336E-01	0.020	2.998E+00
xm2h	5xbj-assembly1_A	2.517E-01	2.493E-01	6.377E-02	2.879E-01	0.020	3.408E+00
xm2h	6x6q-assembly1_A	3.945E-01	2.034E-01	4.502E-02	2.640E-01	0.020	6.904E+00
xm2h	4ql6-assembly2_B-2	3.437E-01	2.051E-01	5.466E-02	2.838E-01	0.020	6.475E+00
xm2h	5b48-assembly1_A	3.892E-01	2.737E-01	6.357E-02	2.719E-01	0.020	6.904E+00
xm2h	6lfp-assembly1_A	3.564E-01	1.858E-01	3.284E-02	2.533E-01	0.020	5.341E+00
xm2h	4moa-assembly1_A	4.163E-01	2.876E-01	5.250E-02	2.591E-01	0.020	7.849E+00
xm2h	8xbs-assembly1_B	3.588E-01	2.651E-01	4.981E-02	2.944E-01	0.020	7.849E+00
xm2h	5i0f-assembly1_B	3.061E-01	2.126E-01	3.477E-02	2.320E-01	0.020	3.196E+00
xm2h	3rfz-assembly3_E-2	3.289E-01	1.870E-01	2.559E-02	2.458E-01	0.020	4.406E+00
xm2h	7sl2-assembly1_B	4.703E-01	1.989E-01	2.613E-02	2.595E-01	0.020	8.924E+00
xm2h	6e14-assembly1_D	3.257E-01	1.772E-01	2.496E-02	2.475E-01	0.020	4.406E+00
xm2h	8hwl-assembly1_E	3.326E-01	3.024E-01	5.114E-02	3.374E-01	0.020	8.369E+00
xm2h	8u0v-assembly1_D	3.540E-01	3.429E-01	4.417E-02	3.323E-01	0.020	8.924E+00
xm2h	6gau-assembly1_A	3.584E-01	2.222E-01	2.768E-02	2.474E-01	0.020	5.695E+00
xm2h	7yxy-assembly1_A	4.600E-01	1.981E-01	1.430E-02	2.577E-01	0.020	8.369E+00
xm2h	2l2n-assembly1_A	2.717E-01	1.980E-01	2.312E-01	2.791E-01	0.016	5.009E+00
xm2h	5jmv-assembly1_G	2.789E-01	2.344E-01	2.734E-01	3.089E-01	0.016	6.904E+00
xm2h	8k20-assembly1_D	2.977E-01	2.679E-01	2.885E-01	3.330E-01	0.016	8.369E+00
xm2h	4mjs-assembly8_P	3.839E-01	2.194E-01	2.353E-01	2.763E-01	0.016	9.515E+00
xm2h	6hyf-assembly4_D	4.622E-01	2.007E-01	2.155E-01	2.485E-01	0.016	9.515E+00
xm2h	6rbd-assembly1_U	3.495E-01	2.745E-01	2.914E-01	2.558E-01	0.016	6.475E+00
xm2h	8vxu-assembly2_H	4.281E-01	1.935E-01	2.060E-01	2.424E-01	0.016	8.924E+00
xm2h	6a6c-assembly1_A	4.152E-01	1.841E-01	1.931E-01	2.429E-01	0.016	8.924E+00
xm2h	5aox-assembly1_B	2.925E-01	2.291E-01	2.358E-01	2.819E-01	0.016	6.072E+00
xm2h	1kkm-assembly1_J	3.286E-01	2.709E-01	2.750E-01	2.949E-01	0.016	7.361E+00
xm2h	4m6a-assembly1_A	4.030E-01	2.018E-01	2.058E-01	2.096E-01	0.016	6.475E+00
xm2h	1rzr-assembly2_S	3.545E-01	2.870E-01	2.915E-01	3.013E-01	0.016	9.515E+00
xm2h	2k3u-assembly1_A	3.021E-01	2.093E-01	2.065E-01	2.900E-01	0.016	6.904E+00
xm2h	5t7a-assembly2_B	4.086E-01	1.720E-01	1.672E-01	2.481E-01	0.016	8.924E+00
xm2h	7xfu-assembly1_B	3.577E-01	1.932E-01	1.887E-01	2.409E-01	0.016	6.904E+00
xm2h	7t0r-assembly1_G	4.479E-01	1.868E-01	1.795E-01	2.387E-01	0.016	8.924E+00
xm2h	2ck2-assembly1_A	4.933E-01	2.086E-01	1.989E-01	2.307E-01	0.016	9.515E+00
xm2h	5yk3-assembly2_D	3.323E-01	2.558E-01	2.409E-01	2.994E-01	0.016	7.361E+00
xm2h	3plx-assembly1_B	2.896E-01	1.893E-01	1.752E-01	2.719E-01	0.016	5.341E+00
xm2h	3ulb-assembly1_A	3.357E-01	2.325E-01	2.145E-01	3.087E-01	0.016	8.369E+00
xm2h	2dle-assembly1_A	3.956E-01	1.858E-01	1.618E-01	2.559E-01	0.016	8.369E+00
xm2h	9cqi-assembly1_B	4.505E-01	1.906E-01	1.638E-01	2.418E-01	0.016	8.924E+00
xm2h	3idu-assembly2_B	3.917E-01	1.988E-01	1.671E-01	2.147E-01	0.016	6.072E+00
xm2h	4zhw-assembly1_A	3.249E-01	2.610E-01	2.263E-01	2.927E-01	0.016	7.849E+00
xm2h	6eci-assembly10_S	4.238E-01	2.128E-01	1.709E-01	2.561E-01	0.016	9.515E+00
xm2h	2ed7-assembly1_A	3.820E-01	1.888E-01	1.504E-01	2.296E-01	0.016	6.475E+00
xm2h	1pqh-assembly1_A	3.372E-01	2.731E-01	2.252E-01	2.985E-01	0.016	8.924E+00
xm2h	2aby-assembly1_A	2.844E-01	2.278E-01	1.837E-01	2.803E-01	0.016	5.695E+00
xm2h	1wgo-assembly1_A	4.513E-01	1.612E-01	1.194E-01	2.185E-01	0.016	8.369E+00
xm2h	7bqc-assembly1_A	3.161E-01	2.209E-01	1.775E-01	3.196E-01	0.016	8.369E+00
xm2h	7wu7-assembly1_5	3.727E-01	2.934E-01	2.237E-01	2.817E-01	0.016	8.369E+00
xm2h	3fkh-assembly3_F	4.321E-01	1.922E-01	1.450E-01	2.380E-01	0.016	8.369E+00
xm2h	3ec6-assembly1_A-2	3.903E-01	1.983E-01	1.506E-01	2.777E-01	0.016	9.515E+00
xm2h	3osv-assembly3_D-3	4.098E-01	2.261E-01	1.629E-01	2.681E-01	0.016	8.924E+00
xm2h	2m2k-assembly1_A	2.496E-01	2.177E-01	1.830E-01	3.359E-01	0.016	5.695E+00
xm2h	3osv-assembly2_C-2	4.611E-01	2.303E-01	1.625E-01	2.393E-01	0.016	9.515E+00
xm2h	6tmf-assembly1_N	3.909E-01	2.423E-01	1.686E-01	2.712E-01	0.016	9.515E+00
xm2h	2pae-assembly1_B	2.848E-01	1.868E-01	1.362E-01	2.387E-01	0.016	4.132E+00
xm2h	2pak-assembly1_B	2.934E-01	1.937E-01	1.420E-01	2.485E-01	0.016	5.009E+00
xm2h	2j3w-assembly1_C	3.546E-01	2.494E-01	1.775E-01	3.109E-01	0.016	9.515E+00
xm2h	3op6-assembly1_B	3.504E-01	2.026E-01	1.410E-01	2.720E-01	0.016	6.904E+00
xm2h	2f1x-assembly2_B	4.100E-01	2.573E-01	1.699E-01	2.740E-01	0.016	9.515E+00
xm2h	4jhp-assembly1_B	4.603E-01	1.702E-01	1.133E-01	1.883E-01	0.016	6.072E+00
xm2h	1yq5-assembly1_A	3.487E-01	2.325E-01	1.524E-01	2.045E-01	0.016	3.875E+00
xm2h	5ml6-assembly1_B	4.711E-01	1.708E-01	1.113E-01	1.903E-01	0.016	6.904E+00
xm2h	8uu5-assembly1_g	2.753E-01	1.943E-01	1.218E-01	2.773E-01	0.016	5.009E+00
xm2h	6vna-assembly1_A	3.177E-01	1.758E-01	1.210E-01	2.304E-01	0.016	4.406E+00
xm2h	1squ-assembly1_A	3.465E-01	2.679E-01	1.886E-01	2.596E-01	0.016	6.904E+00
xm2h	2d7v-assembly1_B	3.217E-01	2.435E-01	1.565E-01	3.082E-01	0.016	8.369E+00
xm2h	3d01-assembly1_I	2.983E-01	2.717E-01	1.846E-01	3.030E-01	0.016	7.361E+00
xm2h	8gup-assembly2_B	2.747E-01	2.536E-01	1.724E-01	3.526E-01	0.016	7.361E+00
xm2h	5u58-assembly1_C	2.966E-01	1.849E-01	1.121E-01	2.218E-01	0.016	3.875E+00
xm2h	5l07-assembly1_B	2.942E-01	2.657E-01	1.819E-01	3.069E-01	0.016	6.904E+00
xm2h	6ti2-assembly1_A	3.073E-01	2.447E-01	1.633E-01	2.530E-01	0.016	5.341E+00
xm2h	6bvp-assembly1_A	2.800E-01	1.799E-01	1.056E-01	2.184E-01	0.016	2.811E+00
xm2h	6bvr-assembly1_A	2.778E-01	1.791E-01	1.033E-01	2.220E-01	0.016	2.811E+00
xm2h	4gjh-assembly1_A	3.498E-01	2.732E-01	1.595E-01	2.346E-01	0.016	5.341E+00
xm2h	3wkm-assembly1_A	3.833E-01	2.339E-01	1.406E-01	2.892E-01	0.016	9.515E+00
xm2h	6kto-assembly1_B	3.591E-01	2.984E-01	1.818E-01	3.020E-01	0.016	8.924E+00
xm2h	5fn8-assembly1_B	3.224E-01	1.460E-01	8.150E-02	1.836E-01	0.016	3.196E+00
xm2h	8k4l-assembly1_B	2.992E-01	2.383E-01	1.482E-01	3.748E-01	0.016	9.515E+00
xm2h	3wju-assembly1_A	3.880E-01	1.442E-01	7.442E-02	2.134E-01	0.016	5.695E+00
xm2h	2i74-assembly2_B	2.733E-01	1.817E-01	9.411E-02	2.694E-01	0.016	4.698E+00
xm2h	1s99-assembly1_B	2.555E-01	2.147E-01	1.369E-01	3.469E-01	0.016	6.904E+00
xm2h	7aoi-assembly1_BQ	4.223E-01	1.714E-01	9.289E-02	2.411E-01	0.016	8.924E+00
xm2h	7t6a-assembly2_B	3.379E-01	2.372E-01	1.237E-01	2.874E-01	0.016	8.369E+00
xm2h	1xe7-assembly2_C-2	3.638E-01	2.370E-01	1.343E-01	2.754E-01	0.016	8.924E+00
xm2h	5dqe-assembly1_A	3.153E-01	2.262E-01	1.183E-01	2.617E-01	0.016	5.341E+00
xm2h	5h5t-assembly1_D	3.141E-01	2.220E-01	1.206E-01	2.192E-01	0.016	4.132E+00
xm2h	1xe8-assembly1_B	3.501E-01	2.096E-01	1.156E-01	2.504E-01	0.016	6.475E+00
xm2h	2cw3-assembly1_B	3.724E-01	2.380E-01	1.290E-01	2.631E-01	0.016	8.369E+00
xm2h	4ycg-assembly1_A	2.839E-01	2.290E-01	1.355E-01	2.446E-01	0.016	4.132E+00
xm2h	2jeu-assembly1_A	3.144E-01	1.655E-01	8.414E-02	2.405E-01	0.016	4.698E+00
xm2h	1klq-assembly1_A	3.241E-01	3.130E-01	1.882E-01	2.831E-01	0.016	6.475E+00
xm2h	2rcv-assembly4_F	2.247E-01	1.364E-01	8.933E-02	2.371E-01	0.016	2.473E+00
xm2h	8caz-assembly1_C	3.674E-01	3.065E-01	1.622E-01	3.137E-01	0.016	9.515E+00
xm2h	7tze-assembly1_A	3.125E-01	2.225E-01	1.225E-01	2.480E-01	0.016	4.698E+00
xm2h	7mrk-assembly1_B	4.979E-01	2.109E-01	1.053E-01	2.285E-01	0.016	9.515E+00
xm2h	5xku-assembly1_A	2.982E-01	2.347E-01	1.124E-01	2.371E-01	0.016	4.406E+00
xm2h	8a0v-assembly3_C	3.524E-01	2.493E-01	1.200E-01	2.646E-01	0.016	7.849E+00
xm2h	9b9x-assembly1_A-2	3.557E-01	1.991E-01	9.754E-02	2.257E-01	0.016	5.009E+00
xm2h	3es2-assembly1_B	1.977E-01	1.645E-01	9.210E-02	2.360E-01	0.016	1.794E+00
xm2h	2f7d-assembly1_A	4.637E-01	1.890E-01	8.801E-02	2.465E-01	0.016	9.515E+00
xm2h	1vsn-assembly1_A	4.426E-01	1.895E-01	8.795E-02	2.433E-01	0.016	9.515E+00
xm2h	4uce-assembly1_A	2.496E-01	1.875E-01	9.100E-02	2.503E-01	0.016	3.408E+00
xm2h	4kae-assembly1_A	3.060E-01	2.473E-01	1.238E-01	2.846E-01	0.016	6.072E+00
xm2h	4uca-assembly2_B	2.565E-01	1.852E-01	9.323E-02	2.394E-01	0.016	3.408E+00
xm2h	1va0-assembly1_A	3.532E-01	2.656E-01	1.397E-01	2.783E-01	0.016	7.849E+00
xm2h	5y6f-assembly1_A	4.042E-01	2.017E-01	1.030E-01	2.584E-01	0.016	9.515E+00
xm2h	3kyg-assembly1_B	3.997E-01	2.092E-01	9.390E-02	2.254E-01	0.016	6.475E+00
xm2h	8ybp-assembly1_A	4.343E-01	2.091E-01	1.038E-01	2.556E-01	0.016	8.924E+00
xm2h	2j7q-assembly2_C	3.222E-01	2.709E-01	1.448E-01	3.223E-01	0.016	8.369E+00
xm2h	2arz-assembly1_B	3.666E-01	1.905E-01	8.521E-02	2.662E-01	0.016	7.849E+00
xm2h	2izo-assembly1_C	2.312E-01	2.170E-01	1.145E-01	2.305E-01	0.016	2.175E+00
xm2h	6uig-assembly2_A	3.633E-01	2.175E-01	8.267E-02	2.141E-01	0.016	5.695E+00
xm2h	8khl-assembly1_C	3.309E-01	2.173E-01	9.456E-02	3.025E-01	0.016	8.924E+00
xm2h	3s40-assembly5_A	4.217E-01	1.612E-01	6.448E-02	2.040E-01	0.016	6.072E+00
xm2h	3t5p-assembly1_F	3.155E-01	1.588E-01	7.187E-02	2.134E-01	0.016	3.634E+00
xm2h	4dk1-assembly2_D	3.175E-01	2.320E-01	9.498E-02	2.364E-01	0.016	4.698E+00
xm2h	3t5p-assembly1_J	2.837E-01	1.673E-01	7.451E-02	2.165E-01	0.016	3.196E+00
xm2h	6qe7-assembly3_C	2.381E-01	1.805E-01	7.637E-02	2.501E-01	0.016	2.998E+00
xm2h	6jlq-assembly1_A	3.809E-01	2.119E-01	7.042E-02	2.299E-01	0.016	6.475E+00
xm2h	4rqs-assembly2_G	3.740E-01	2.415E-01	8.502E-02	2.537E-01	0.016	6.904E+00
xm2h	7drp-assembly2_D	3.652E-01	2.584E-01	1.185E-01	2.961E-01	0.016	9.515E+00
xm2h	5ffo-assembly1_G	2.840E-01	2.366E-01	9.196E-02	2.393E-01	0.016	3.408E+00
xm2h	3gbj-assembly2_B	3.275E-01	2.742E-01	1.102E-01	2.979E-01	0.016	7.361E+00
xm2h	4la7-assembly1_B	3.386E-01	2.392E-01	9.941E-02	3.160E-01	0.016	8.924E+00
xm2h	6s9f-assembly1_A	3.906E-01	1.922E-01	6.575E-02	2.582E-01	0.016	7.849E+00
xm2h	9fci-assembly1_D	3.471E-01	1.553E-01	5.268E-02	1.923E-01	0.016	3.875E+00
xm2h	5hly-assembly1_A-2	3.141E-01	2.294E-01	9.245E-02	2.309E-01	0.016	4.132E+00
xm2h	6ugk-assembly1_B	3.320E-01	2.284E-01	8.027E-02	2.505E-01	0.016	6.475E+00
xm2h	7mro-assembly1_A	4.997E-01	2.015E-01	6.874E-02	2.264E-01	0.016	9.515E+00
xm2h	5ig9-assembly3_H	3.083E-01	2.639E-01	1.123E-01	2.790E-01	0.016	5.695E+00
xm2h	4q60-assembly1_A	3.541E-01	3.259E-01	1.178E-01	3.089E-01	0.016	8.924E+00
xm2h	4dj6-assembly1_E	2.945E-01	2.315E-01	7.993E-02	2.303E-01	0.016	3.408E+00
xm2h	5thf-assembly1_C	3.916E-01	1.839E-01	6.344E-02	2.642E-01	0.016	8.924E+00
xm2h	8vsd-assembly1_E	2.420E-01	2.375E-01	9.264E-02	2.689E-01	0.016	3.408E+00
xm2h	6v47-assembly1_E	2.425E-01	1.894E-01	6.948E-02	2.492E-01	0.016	2.811E+00
xm2h	5ffo-assembly1_D	2.493E-01	2.456E-01	1.005E-01	2.628E-01	0.016	3.196E+00
xm2h	5vqp-assembly1_A-2	3.133E-01	2.223E-01	7.709E-02	2.142E-01	0.016	3.634E+00
xm2h	3k8v-assembly1_A	2.645E-01	2.575E-01	1.133E-01	2.667E-01	0.016	4.406E+00
xm2h	6jif-assembly1_A	3.671E-01	1.863E-01	5.683E-02	2.505E-01	0.016	7.361E+00
xm2h	1qmh-assembly1_B	3.299E-01	2.937E-01	1.125E-01	3.434E-01	0.016	9.515E+00
xm2h	2gfo-assembly1_A	4.068E-01	1.746E-01	5.564E-02	2.452E-01	0.016	8.924E+00
xm2h	8itp-assembly2_B	4.112E-01	1.902E-01	5.379E-02	2.451E-01	0.016	7.849E+00
xm2h	4k1p-assembly4_D	3.260E-01	2.478E-01	8.982E-02	3.031E-01	0.016	8.369E+00
xm2h	1uij-assembly2_F	3.071E-01	1.890E-01	5.565E-02	2.058E-01	0.016	2.998E+00
xm2h	3zm7-assembly3_C	2.892E-01	2.065E-01	7.823E-02	2.265E-01	0.016	3.408E+00
xm2h	2efj-assembly1_A-2	3.422E-01	3.185E-01	1.010E-01	2.867E-01	0.016	7.849E+00
xm2h	7cww-assembly1_A	2.973E-01	2.458E-01	9.733E-02	3.392E-01	0.016	8.924E+00
xm2h	5h5v-assembly1_A	3.108E-01	2.350E-01	8.842E-02	2.529E-01	0.016	5.009E+00
xm2h	1ipj-assembly1_A	3.024E-01	1.870E-01	5.312E-02	2.044E-01	0.016	3.196E+00
xm2h	4ktt-assembly1_A	2.620E-01	2.147E-01	8.582E-02	3.417E-01	0.016	6.475E+00
xm2h	4ndn-assembly1_C	2.669E-01	2.188E-01	8.581E-02	3.452E-01	0.016	6.904E+00
xm2h	3i1k-assembly1_A	3.214E-01	2.042E-01	6.620E-02	2.647E-01	0.016	6.072E+00
xm2h	7r3b-assembly1_B	3.033E-01	2.556E-01	8.770E-02	3.519E-01	0.016	8.924E+00
xm2h	7r3b-assembly2_H	3.033E-01	2.557E-01	8.735E-02	3.520E-01	0.016	8.924E+00
xm2h	1uik-assembly1_C	3.149E-01	1.774E-01	6.131E-02	1.967E-01	0.016	2.998E+00
xm2h	7u1h-assembly1_A-2	3.058E-01	1.829E-01	6.221E-02	2.018E-01	0.016	3.196E+00
xm2h	6iwy-assembly1_A	3.239E-01	2.133E-01	8.224E-02	2.910E-01	0.016	7.361E+00
xm2h	3iml-assembly1_A	2.896E-01	2.136E-01	7.688E-02	3.096E-01	0.016	7.361E+00
xm2h	4prv-assembly1_A-2	3.441E-01	2.189E-01	7.168E-02	2.542E-01	0.016	6.904E+00
xm2h	7r3b-assembly1_D	3.010E-01	2.559E-01	8.633E-02	3.493E-01	0.016	8.924E+00
xm2h	6faj-assembly1_A-2	3.051E-01	2.566E-01	8.421E-02	3.455E-01	0.016	9.515E+00
xm2h	6hq7-assembly1_B	3.341E-01	2.240E-01	6.917E-02	2.252E-01	0.016	5.341E+00
xm2h	7cmp-assembly2_D	3.306E-01	2.244E-01	6.894E-02	2.541E-01	0.016	6.072E+00
xm2h	3tde-assembly1_D	3.073E-01	2.689E-01	8.675E-02	3.261E-01	0.016	8.369E+00
xm2h	8p4h-assembly2_D	2.682E-01	2.208E-01	8.638E-02	3.481E-01	0.016	7.849E+00
xm2h	3zkb-assembly3_K	2.688E-01	1.874E-01	6.550E-02	2.164E-01	0.016	2.811E+00
xm2h	8bb1-assembly1_D	2.771E-01	2.117E-01	8.598E-02	3.224E-01	0.016	6.475E+00
xm2h	1p9r-assembly1_A	2.577E-01	2.300E-01	8.033E-02	2.946E-01	0.016	5.009E+00
xm2h	6vcz-assembly1_A	2.603E-01	2.191E-01	8.326E-02	3.439E-01	0.016	6.072E+00
xm2h	5t8t-assembly1_A	2.880E-01	2.184E-01	8.590E-02	3.188E-01	0.016	7.361E+00
xm2h	6fbo-assembly1_A	2.706E-01	2.141E-01	8.294E-02	3.425E-01	0.016	6.904E+00
xm2h	8a28-assembly1_A	3.974E-01	1.977E-01	4.999E-02	2.223E-01	0.016	6.904E+00
xm2h	8jzg-assembly1_A	2.992E-01	2.525E-01	8.178E-02	3.436E-01	0.016	8.369E+00
xm2h	6e9b-assembly3_C	3.080E-01	2.493E-01	8.615E-02	2.715E-01	0.016	6.475E+00
xm2h	6olj-assembly1_C	3.164E-01	1.823E-01	5.360E-02	2.830E-01	0.016	7.361E+00
xm2h	5t8s-assembly1_A	2.876E-01	2.193E-01	8.460E-02	3.187E-01	0.016	7.361E+00
xm2h	4wd3-assembly1_B	3.228E-01	2.777E-01	1.046E-01	3.176E-01	0.016	8.924E+00
xm2h	8jzg-assembly1_B	3.250E-01	2.706E-01	8.427E-02	3.370E-01	0.016	9.515E+00
xm2h	7b5i-assembly1_AB	4.318E-01	2.044E-01	5.079E-02	2.346E-01	0.016	7.849E+00
xm2h	1q9j-assembly2_B	3.169E-01	2.883E-01	1.011E-01	3.137E-01	0.016	7.849E+00
xm2h	4dya-assembly1_A	3.515E-01	2.467E-01	7.413E-02	3.123E-01	0.016	9.515E+00
xm2h	7kmm-assembly1_A	3.249E-01	1.756E-01	4.332E-02	2.530E-01	0.016	5.695E+00
xm2h	1zq1-assembly1_B	3.891E-01	2.166E-01	5.761E-02	2.785E-01	0.016	9.515E+00
xm2h	4xyc-assembly2_J	4.669E-01	2.255E-01	5.161E-02	2.279E-01	0.016	8.924E+00
xm2h	6ona-assembly1_A	2.469E-01	1.923E-01	5.183E-02	2.542E-01	0.016	3.196E+00
xm2h	8f38-assembly1_A	2.713E-01	2.112E-01	4.967E-02	2.499E-01	0.016	3.875E+00
xm2h	6p6p-assembly2_B	3.840E-01	1.896E-01	4.245E-02	2.336E-01	0.016	6.475E+00
xm2h	8diu-assembly1_A	2.701E-01	2.107E-01	4.870E-02	2.498E-01	0.016	4.132E+00
xm2h	5lly-assembly2_B	3.616E-01	2.281E-01	4.957E-02	2.817E-01	0.016	8.924E+00
xm2h	7vnj-assembly1_A	3.151E-01	1.910E-01	4.206E-02	1.950E-01	0.016	2.811E+00
xm2h	1q3r-assembly1_A	3.271E-01	2.582E-01	5.777E-02	2.723E-01	0.016	6.904E+00
xm2h	7s8v-assembly1_B	4.164E-01	1.952E-01	3.935E-02	2.553E-01	0.016	8.369E+00
xm2h	7pua-assembly1_F6	3.259E-01	2.730E-01	8.189E-02	3.054E-01	0.016	8.924E+00
xm2h	5xda-assembly1_B	3.397E-01	3.264E-01	7.389E-02	2.798E-01	0.016	7.361E+00
xm2h	7sn7-assembly1_C	3.606E-01	2.381E-01	6.027E-02	2.318E-01	0.016	6.072E+00
xm2h	8trj-assembly1_A	4.659E-01	2.078E-01	3.442E-02	2.021E-01	0.016	7.361E+00
xm2h	6ii2-assembly3_C	3.590E-01	3.349E-01	7.602E-02	3.012E-01	0.016	9.515E+00
xm2h	6dj4-assembly1_A	3.536E-01	2.434E-01	5.050E-02	2.271E-01	0.016	5.341E+00
xm2h	2gaj-assembly2_B	3.706E-01	2.389E-01	4.777E-02	2.340E-01	0.016	6.072E+00
xm2h	7pr6-assembly1_AAA	2.759E-01	2.215E-01	5.228E-02	2.544E-01	0.016	3.875E+00
xm2h	7r1e-assembly1_A	3.580E-01	2.476E-01	4.628E-02	2.343E-01	0.016	5.341E+00
xm2h	5e1q-assembly2_B	3.081E-01	2.323E-01	4.456E-02	2.343E-01	0.016	4.698E+00
xm2h	4s3p-assembly1_A	3.482E-01	1.888E-01	2.987E-02	2.724E-01	0.016	6.904E+00
xm2h	8dcm-assembly1_C	3.282E-01	1.948E-01	3.376E-02	2.264E-01	0.016	4.406E+00
xm2h	2e26-assembly1_A	3.641E-01	2.431E-01	3.767E-02	2.365E-01	0.016	5.695E+00
xm2h	6qlb-assembly1_H	3.691E-01	1.906E-01	2.420E-01	2.371E-01	0.014	8.369E+00
xm2h	6h8d-assembly1_A-2	2.694E-01	2.146E-01	2.321E-01	3.155E-01	0.014	7.361E+00
xm2h	6h83-assembly1_A-2	2.880E-01	2.265E-01	2.397E-01	3.188E-01	0.014	8.369E+00
xm2h	6h9q-assembly1_A-2	2.833E-01	2.220E-01	2.379E-01	3.162E-01	0.014	8.924E+00
xm2h	1pug-assembly2_C	3.282E-01	2.139E-01	2.357E-01	2.905E-01	0.014	8.369E+00
xm2h	2i8f-assembly1_A	2.723E-01	2.057E-01	2.166E-01	3.053E-01	0.014	7.361E+00
xm2h	8igd-assembly1_A	3.234E-01	1.985E-01	2.097E-01	2.826E-01	0.014	8.369E+00
xm2h	6jm4-assembly2_D	3.896E-01	2.320E-01	2.426E-01	2.639E-01	0.014	9.515E+00
xm2h	6zbq-assembly2_B	2.556E-01	2.476E-01	2.532E-01	3.099E-01	0.014	7.361E+00
xm2h	8tgy-assembly1_F	4.043E-01	1.822E-01	1.859E-01	2.333E-01	0.014	9.515E+00
xm2h	1tig-assembly1_A	2.965E-01	2.605E-01	2.626E-01	3.115E-01	0.014	8.924E+00
xm2h	4gvd-assembly2_B	2.185E-01	2.103E-01	2.103E-01	2.919E-01	0.014	4.698E+00
xm2h	4uyk-assembly1_B	3.216E-01	2.403E-01	2.394E-01	2.718E-01	0.014	8.369E+00
xm2h	6lca-assembly1_C	2.838E-01	2.793E-01	2.744E-01	3.133E-01	0.014	7.849E+00
xm2h	2e12-assembly1_B	4.071E-01	2.192E-01	2.131E-01	2.313E-01	0.014	8.369E+00
xm2h	3qdr-assembly1_A	2.937E-01	2.610E-01	2.539E-01	3.144E-01	0.014	9.515E+00
xm2h	4avr-assembly1_B	3.274E-01	2.507E-01	2.416E-01	2.809E-01	0.014	8.369E+00
xm2h	2cs4-assembly1_A	4.134E-01	2.388E-01	2.254E-01	2.317E-01	0.014	9.515E+00
xm2h	5l2h-assembly4_D	3.666E-01	1.974E-01	1.867E-01	2.150E-01	0.014	6.072E+00
xm2h	5j4f-assembly1_A	2.761E-01	1.763E-01	1.618E-01	2.597E-01	0.014	6.072E+00
xm2h	2jvu-assembly1_A	3.998E-01	1.948E-01	1.802E-01	2.545E-01	0.014	9.515E+00
xm2h	3fjs-assembly2_D	2.030E-01	1.431E-01	1.284E-01	2.058E-01	0.014	1.388E+00
xm2h	6czj-assembly1_A	3.542E-01	2.042E-01	1.782E-01	2.602E-01	0.014	7.849E+00
xm2h	5fq0-assembly1_A	3.436E-01	1.973E-01	1.658E-01	2.426E-01	0.014	7.361E+00
xm2h	6gum-assembly1_B	3.303E-01	2.293E-01	1.984E-01	2.810E-01	0.014	8.924E+00
xm2h	4hpk-assembly1_B	3.361E-01	2.062E-01	1.656E-01	2.386E-01	0.014	6.475E+00
xm2h	2lnx-assembly1_A	3.498E-01	1.687E-01	1.377E-01	2.650E-01	0.014	8.924E+00
xm2h	2o8o-assembly2_B	3.178E-01	2.131E-01	1.714E-01	2.374E-01	0.014	5.695E+00
xm2h	1fnk-assembly1_A	3.203E-01	3.176E-01	2.626E-01	3.033E-01	0.014	9.515E+00
xm2h	1pqf-assembly1_B-2	2.826E-01	2.287E-01	1.938E-01	2.692E-01	0.014	5.695E+00
xm2h	6vna-assembly1_C	3.403E-01	1.830E-01	1.458E-01	2.330E-01	0.014	6.904E+00
xm2h	8syi-assembly1_G	2.843E-01	2.452E-01	2.066E-01	2.716E-01	0.014	6.904E+00
xm2h	4azd-assembly1_A	3.025E-01	2.495E-01	2.005E-01	2.485E-01	0.014	5.695E+00
xm2h	8hqu-assembly1_A	3.229E-01	1.798E-01	1.390E-01	2.729E-01	0.014	7.361E+00
xm2h	6lp4-assembly1_A	3.161E-01	1.898E-01	1.468E-01	2.670E-01	0.014	6.904E+00
xm2h	6o2k-assembly1_A	2.699E-01	1.765E-01	1.281E-01	2.137E-01	0.014	3.875E+00
xm2h	2jhv-assembly3_C	3.352E-01	1.740E-01	1.221E-01	2.149E-01	0.014	5.009E+00
xm2h	2h6l-assembly1_C	3.501E-01	2.444E-01	1.719E-01	2.594E-01	0.014	7.849E+00
xm2h	4jvf-assembly1_B	4.536E-01	1.701E-01	1.136E-01	1.891E-01	0.014	7.849E+00
xm2h	7qjk-assembly4_DDD	4.786E-01	1.876E-01	1.276E-01	1.837E-01	0.014	7.849E+00
xm2h	3t5i-assembly2_B	4.558E-01	1.709E-01	1.136E-01	1.901E-01	0.014	7.849E+00
xm2h	4jv8-assembly1_B	4.623E-01	1.702E-01	1.096E-01	1.878E-01	0.014	8.369E+00
xm2h	5tb5-assembly1_B	4.596E-01	1.707E-01	1.075E-01	1.899E-01	0.014	8.369E+00
xm2h	6jja-assembly1_A	2.144E-01	2.100E-01	1.294E-01	2.408E-01	0.014	2.811E+00
xm2h	1gui-assembly1_A	3.263E-01	1.964E-01	1.192E-01	2.190E-01	0.014	6.072E+00
xm2h	8v9l-assembly1_g	2.875E-01	2.029E-01	1.389E-01	2.599E-01	0.014	5.341E+00
xm2h	3f6m-assembly1_A	2.678E-01	2.302E-01	1.587E-01	2.787E-01	0.014	6.072E+00
xm2h	5l6w-assembly1_C	3.390E-01	1.525E-01	8.457E-02	2.375E-01	0.014	6.904E+00
xm2h	1xhn-assembly2_C	3.503E-01	1.930E-01	1.145E-01	2.378E-01	0.014	7.361E+00
xm2h	5kol-assembly2_D	2.751E-01	2.111E-01	1.245E-01	2.656E-01	0.014	5.341E+00
xm2h	6d60-assembly1_A	2.791E-01	1.766E-01	1.004E-01	2.157E-01	0.014	3.634E+00
xm2h	5ndv-assembly2_M7	3.742E-01	2.812E-01	1.532E-01	2.704E-01	0.014	9.515E+00
xm2h	6y8n-assembly2_B	2.924E-01	2.715E-01	1.767E-01	2.943E-01	0.014	7.361E+00
xm2h	5xpu-assembly1_A	3.281E-01	2.627E-01	1.652E-01	2.599E-01	0.014	7.361E+00
xm2h	5u5d-assembly1_D	2.954E-01	1.836E-01	1.018E-01	2.212E-01	0.014	4.132E+00
xm2h	4x9u-assembly1_A	3.238E-01	2.478E-01	1.470E-01	2.649E-01	0.014	7.361E+00
xm2h	6y8n-assembly1_A	2.768E-01	2.629E-01	1.671E-01	2.883E-01	0.014	7.361E+00
xm2h	5xuy-assembly2_C	2.773E-01	2.326E-01	1.599E-01	2.467E-01	0.014	4.698E+00
xm2h	5kdg-assembly1_A	3.303E-01	2.490E-01	1.485E-01	2.847E-01	0.014	8.924E+00
xm2h	1s99-assembly1_A	2.675E-01	2.291E-01	1.428E-01	3.383E-01	0.014	8.369E+00
xm2h	1xe7-assembly1_A	3.482E-01	2.093E-01	1.191E-01	2.490E-01	0.014	7.361E+00
xm2h	4mxt-assembly1_A-2	3.337E-01	1.494E-01	8.037E-02	2.026E-01	0.014	5.341E+00
xm2h	1za5-assembly1_B	3.386E-01	1.677E-01	1.005E-01	2.567E-01	0.014	7.849E+00
xm2h	7tyu-assembly2_B	3.201E-01	2.319E-01	1.231E-01	2.535E-01	0.014	7.361E+00
xm2h	1nzc-assembly2_C	3.837E-01	2.106E-01	1.083E-01	2.501E-01	0.014	9.515E+00
xm2h	8puy-assembly1_A	3.418E-01	2.398E-01	1.229E-01	2.767E-01	0.014	8.924E+00
xm2h	2rcv-assembly2_H	2.047E-01	1.218E-01	8.316E-02	2.149E-01	0.014	1.913E+00
xm2h	7w6w-assembly2_D	2.480E-01	1.424E-01	9.079E-02	2.399E-01	0.014	3.875E+00
xm2h	6ex5-assembly1_B	2.729E-01	1.658E-01	9.186E-02	2.563E-01	0.014	5.695E+00
xm2h	8afo-assembly1_A	4.010E-01	1.786E-01	9.022E-02	2.428E-01	0.014	9.515E+00
xm2h	7ay2-assembly2_E	3.562E-01	1.756E-01	8.436E-02	1.924E-01	0.014	5.341E+00
xm2h	6h00-assembly1_A-2	3.190E-01	1.792E-01	1.055E-01	2.578E-01	0.014	6.475E+00
xm2h	3jvb-assembly1_A	1.981E-01	1.905E-01	1.060E-01	2.494E-01	0.014	2.175E+00
xm2h	2wux-assembly1_A	2.792E-01	2.700E-01	1.420E-01	2.681E-01	0.014	6.072E+00
xm2h	9b9s-assembly1_A-2	3.549E-01	1.991E-01	9.756E-02	2.269E-01	0.014	6.904E+00
xm2h	6ihu-assembly1_A	2.494E-01	2.146E-01	1.105E-01	2.403E-01	0.014	3.408E+00
xm2h	4ucd-assembly1_A	2.382E-01	1.906E-01	9.286E-02	2.489E-01	0.014	3.408E+00
xm2h	5gn0-assembly4_D	3.258E-01	2.338E-01	1.088E-01	2.655E-01	0.014	8.369E+00
xm2h	4uc8-assembly2_A	2.374E-01	1.904E-01	8.990E-02	2.544E-01	0.014	3.875E+00
xm2h	5k1a-assembly4_G	2.684E-01	2.367E-01	1.113E-01	2.469E-01	0.014	4.698E+00
xm2h	3nei-assembly1_A	3.263E-01	2.849E-01	1.379E-01	2.698E-01	0.014	8.369E+00
xm2h	2qbu-assembly1_B	2.182E-01	1.885E-01	1.053E-01	2.194E-01	0.014	2.473E+00
xm2h	3dnh-assembly1_B	3.930E-01	1.957E-01	8.519E-02	2.339E-01	0.014	8.369E+00
xm2h	7t34-assembly1_A	3.154E-01	2.569E-01	1.072E-01	2.850E-01	0.014	8.924E+00
xm2h	8xj3-assembly1_B	3.020E-01	2.378E-01	1.296E-01	2.800E-01	0.014	7.361E+00
xm2h	2l3j-assembly1_A	3.250E-01	2.217E-01	1.164E-01	3.138E-01	0.014	9.515E+00
xm2h	2e0n-assembly1_B	3.036E-01	2.377E-01	1.278E-01	2.787E-01	0.014	7.849E+00
xm2h	5k1a-assembly1_A	2.990E-01	2.409E-01	1.054E-01	2.203E-01	0.014	5.009E+00
xm2h	8sln-assembly1_A-2	2.912E-01	2.636E-01	1.206E-01	3.004E-01	0.014	7.849E+00
xm2h	1m1g-assembly3_C	2.422E-01	1.792E-01	8.659E-02	2.431E-01	0.014	3.408E+00
xm2h	4mvt-assembly1_A	2.164E-01	2.140E-01	9.731E-02	2.311E-01	0.014	2.473E+00
xm2h	7rqh-assembly1_A	2.562E-01	2.127E-01	9.712E-02	2.963E-01	0.014	5.695E+00
xm2h	5vku-assembly1_g	2.104E-01	2.021E-01	9.892E-02	3.280E-01	0.014	5.341E+00
xm2h	5k1b-assembly1_A	2.596E-01	2.292E-01	9.498E-02	2.524E-01	0.014	4.698E+00
xm2h	6ll9-assembly1_B	3.092E-01	2.147E-01	9.619E-02	2.775E-01	0.014	6.904E+00
xm2h	5w7m-assembly1_A	3.126E-01	2.750E-01	1.275E-01	3.007E-01	0.014	9.515E+00
xm2h	4blv-assembly2_B	3.041E-01	2.945E-01	1.267E-01	3.141E-01	0.014	9.515E+00
xm2h	4blw-assembly2_B	2.805E-01	2.727E-01	1.224E-01	2.982E-01	0.014	6.904E+00
xm2h	4mzu-assembly2_K	2.956E-01	1.908E-01	7.225E-02	2.343E-01	0.014	5.341E+00
xm2h	5u5o-assembly1_A	3.692E-01	1.709E-01	6.460E-02	2.479E-01	0.014	9.515E+00
xm2h	4wrr-assembly1_B	2.649E-01	1.712E-01	7.467E-02	2.549E-01	0.014	4.698E+00
xm2h	4fqj-assembly1_A	2.597E-01	2.162E-01	7.505E-02	2.197E-01	0.014	3.875E+00
xm2h	8yh9-assembly1_E	3.043E-01	2.663E-01	1.047E-01	2.646E-01	0.014	6.904E+00
xm2h	4f3z-assembly1_C	2.568E-01	1.839E-01	7.443E-02	2.482E-01	0.014	4.698E+00
xm2h	5ig9-assembly4_F	3.183E-01	2.638E-01	1.146E-01	2.784E-01	0.014	7.361E+00
xm2h	8om4-assembly1_4	3.121E-01	2.139E-01	7.232E-02	2.404E-01	0.014	6.475E+00
xm2h	5ffo-assembly1_C	2.731E-01	2.262E-01	8.738E-02	2.341E-01	0.014	4.406E+00
xm2h	5a7x-assembly1_A	3.303E-01	2.329E-01	8.745E-02	2.505E-01	0.014	7.361E+00
xm2h	5ig9-assembly2_D	3.176E-01	2.675E-01	1.135E-01	2.785E-01	0.014	8.369E+00
xm2h	6k5z-assembly1_A	3.528E-01	2.963E-01	1.108E-01	2.743E-01	0.014	9.515E+00
xm2h	5ig9-assembly3_E	3.390E-01	2.736E-01	1.152E-01	2.901E-01	0.014	8.924E+00
xm2h	6d7c-assembly1_E	3.561E-01	2.209E-01	7.312E-02	2.130E-01	0.014	6.072E+00
xm2h	8ut9-assembly1_E	2.859E-01	2.241E-01	7.749E-02	2.289E-01	0.014	4.698E+00
xm2h	8tj4-assembly1_A	3.880E-01	1.850E-01	6.424E-02	2.619E-01	0.014	9.515E+00
xm2h	6tvr-assembly1_I	3.305E-01	2.050E-01	6.861E-02	1.940E-01	0.014	4.132E+00
xm2h	3ubq-assembly1_C	2.428E-01	1.894E-01	7.299E-02	2.482E-01	0.014	3.875E+00
xm2h	5m4o-assembly1_D	3.708E-01	1.898E-01	6.204E-02	2.427E-01	0.014	8.924E+00
xm2h	8dis-assembly1_F	2.469E-01	1.927E-01	6.848E-02	2.470E-01	0.014	3.634E+00
xm2h	8z9m-assembly1_C	3.346E-01	2.275E-01	8.574E-02	2.440E-01	0.014	6.904E+00
xm2h	5h5v-assembly1_F	3.321E-01	2.523E-01	9.842E-02	2.610E-01	0.014	7.361E+00
xm2h	2j0r-assembly1_A	3.952E-01	1.969E-01	7.440E-02	2.292E-01	0.014	8.369E+00
xm2h	2hyx-assembly2_C	2.857E-01	1.942E-01	6.461E-02	2.052E-01	0.014	3.634E+00
xm2h	3pnq-assembly2_C	2.963E-01	2.359E-01	8.030E-02	2.842E-01	0.014	7.849E+00
xm2h	7w3u-assembly2_B	2.995E-01	1.362E-01	4.513E-02	1.966E-01	0.014	3.634E+00
xm2h	5h5v-assembly1_B	3.230E-01	2.419E-01	9.150E-02	2.488E-01	0.014	7.361E+00
xm2h	5sbe-assembly1_F	3.186E-01	2.531E-01	1.045E-01	2.921E-01	0.014	8.924E+00
xm2h	4k1p-assembly2_B	2.994E-01	2.453E-01	9.446E-02	2.834E-01	0.014	7.361E+00
xm2h	8xpn-assembly2_B	4.463E-01	1.854E-01	6.258E-02	2.284E-01	0.014	9.515E+00
xm2h	6b4s-assembly1_B	3.768E-01	2.098E-01	6.426E-02	2.341E-01	0.014	7.849E+00
xm2h	3zm7-assembly2_B	2.768E-01	1.818E-01	6.425E-02	2.099E-01	0.014	3.634E+00
xm2h	3zm7-assembly6_F	2.826E-01	1.831E-01	6.418E-02	2.091E-01	0.014	3.634E+00
xm2h	7u1i-assembly1_A	3.007E-01	1.827E-01	5.462E-02	2.338E-01	0.014	5.009E+00
xm2h	4prx-assembly1_A-2	3.473E-01	2.214E-01	7.275E-02	2.543E-01	0.014	7.849E+00
xm2h	3s7i-assembly2_B	3.133E-01	1.905E-01	5.558E-02	2.272E-01	0.014	5.009E+00
xm2h	6fwb-assembly2_C	2.625E-01	2.152E-01	8.515E-02	3.408E-01	0.014	7.849E+00
xm2h	3i26-assembly1_B	3.660E-01	2.324E-01	6.739E-02	2.468E-01	0.014	8.369E+00
xm2h	7d8v-assembly1_A-2	3.441E-01	2.840E-01	9.721E-02	2.838E-01	0.014	8.924E+00
xm2h	6fwb-assembly2_D	2.708E-01	2.190E-01	8.535E-02	3.454E-01	0.014	8.369E+00
xm2h	3s7i-assembly1_A-3	3.131E-01	1.900E-01	5.467E-02	2.268E-01	0.014	5.695E+00
xm2h	1d2p-assembly1_A	3.747E-01	1.919E-01	6.001E-02	2.596E-01	0.014	8.924E+00
xm2h	8xj2-assembly1_B	2.685E-01	2.138E-01	8.652E-02	3.462E-01	0.014	8.369E+00
xm2h	5tsh-assembly1_A	3.667E-01	2.290E-01	6.768E-02	2.702E-01	0.014	9.515E+00
xm2h	3zkb-assembly7_I	2.708E-01	1.836E-01	6.479E-02	2.146E-01	0.014	3.408E+00
xm2h	5tsh-assembly1_B	3.188E-01	1.973E-01	5.878E-02	2.864E-01	0.014	7.849E+00
xm2h	3zkb-assembly2_P	2.643E-01	1.790E-01	6.109E-02	2.105E-01	0.014	3.408E+00
xm2h	3zkd-assembly4_A	2.878E-01	2.094E-01	7.265E-02	2.275E-01	0.014	4.698E+00
xm2h	6p9v-assembly1_A-2	2.632E-01	2.231E-01	8.307E-02	3.447E-01	0.014	8.369E+00
xm2h	4rb4-assembly1_D	3.681E-01	1.875E-01	5.071E-02	2.519E-01	0.014	9.515E+00
xm2h	2evx-assembly1_A	3.725E-01	1.937E-01	5.583E-02	2.383E-01	0.014	8.924E+00
xm2h	8jzi-assembly1_D	2.774E-01	2.335E-01	8.038E-02	3.073E-01	0.014	6.904E+00
xm2h	6e57-assembly2_B	2.902E-01	2.166E-01	7.412E-02	2.405E-01	0.014	5.695E+00
xm2h	2e9q-assembly1_A	3.711E-01	1.936E-01	5.541E-02	2.361E-01	0.014	8.369E+00
xm2h	7rwh-assembly1_A	2.669E-01	2.211E-01	8.215E-02	3.474E-01	0.014	8.924E+00
xm2h	8jzg-assembly1_D	2.691E-01	2.277E-01	8.139E-02	3.149E-01	0.014	6.904E+00
xm2h	3kl5-assembly3_C	2.737E-01	1.879E-01	5.937E-02	2.166E-01	0.014	3.634E+00
xm2h	5zzw-assembly2_A	3.001E-01	2.607E-01	7.610E-02	2.785E-01	0.014	7.849E+00
xm2h	7aoi-assembly1_XH	3.678E-01	1.851E-01	4.845E-02	2.158E-01	0.014	6.904E+00
xm2h	7pc7-assembly2_B	2.592E-01	2.503E-01	8.517E-02	3.140E-01	0.014	6.475E+00
xm2h	4mt0-assembly1_A	3.396E-01	2.521E-01	5.657E-02	2.464E-01	0.014	7.361E+00
xm2h	4dys-assembly1_B	2.829E-01	2.161E-01	7.703E-02	3.215E-01	0.014	8.369E+00
xm2h	6qd6-assembly1_A	3.624E-01	2.712E-01	8.463E-02	2.571E-01	0.014	9.515E+00
xm2h	5b0o-assembly4_D	4.005E-01	1.776E-01	3.964E-02	2.335E-01	0.014	9.515E+00
xm2h	2wgs-assembly1_A	4.314E-01	2.253E-01	5.187E-02	2.148E-01	0.014	8.369E+00
xm2h	8b5l-assembly1_s	2.820E-01	1.928E-01	4.891E-02	3.040E-01	0.014	6.904E+00
xm2h	6fuk-assembly1_A	3.212E-01	2.593E-01	7.758E-02	2.859E-01	0.014	8.369E+00
xm2h	2f1z-assembly2_B	4.136E-01	1.829E-01	3.558E-02	2.155E-01	0.014	8.369E+00
xm2h	2wre-assembly1_C	2.521E-01	1.952E-01	5.205E-02	2.538E-01	0.014	4.698E+00
xm2h	6idd-assembly1_A	2.841E-01	2.247E-01	5.669E-02	2.398E-01	0.014	4.698E+00
xm2h	7vdf-assembly1_A	2.771E-01	2.135E-01	4.987E-02	2.469E-01	0.014	5.341E+00
xm2h	8dim-assembly1_D	2.417E-01	1.884E-01	5.107E-02	2.502E-01	0.014	3.408E+00
xm2h	6xpo-assembly1_C	3.447E-01	2.850E-01	6.086E-02	2.831E-01	0.014	8.924E+00
xm2h	7kh1-assembly1_A6	2.300E-01	2.171E-01	6.882E-02	2.672E-01	0.014	4.406E+00
xm2h	2yih-assembly1_A	2.248E-01	1.631E-01	4.261E-02	1.934E-01	0.014	2.040E+00
xm2h	5xda-assembly1_F	3.758E-01	2.331E-01	4.855E-02	2.465E-01	0.014	8.924E+00
xm2h	8trk-assembly1_A	4.690E-01	2.083E-01	3.417E-02	2.047E-01	0.014	8.924E+00
xm2h	8tr6-assembly1_A	4.557E-01	2.079E-01	3.471E-02	1.997E-01	0.014	8.369E+00
xm2h	6lel-assembly1_B	2.508E-01	1.910E-01	4.595E-02	2.303E-01	0.014	3.196E+00
xm2h	1i5p-assembly1_A	2.913E-01	2.319E-01	4.497E-02	2.311E-01	0.014	4.406E+00
xm2h	8pxt-assembly1_C	3.130E-01	2.060E-01	3.744E-02	2.465E-01	0.014	6.904E+00
xm2h	7vnn-assembly1_D	3.188E-01	1.947E-01	3.527E-02	1.758E-01	0.014	3.196E+00
xm2h	1acc-assembly1_A	2.940E-01	2.081E-01	4.136E-02	2.208E-01	0.014	4.698E+00
xm2h	8xqx-assembly1_F	3.184E-01	1.901E-01	3.326E-02	2.762E-01	0.014	7.849E+00
xm2h	5b4x-assembly2_C	3.666E-01	2.416E-01	3.605E-02	2.311E-01	0.014	8.369E+00
xm2h	7wrg-assembly2_B	2.648E-01	1.674E-01	2.765E-02	2.348E-01	0.014	4.406E+00
xm2h	9bog-assembly1_D	3.560E-01	1.846E-01	2.528E-02	2.493E-01	0.014	7.361E+00
xm2h	7e8t-assembly1_J	3.829E-01	1.962E-01	2.475E-02	2.459E-01	0.014	9.515E+00
xm2h	7ea3-assembly1_W	3.829E-01	1.962E-01	2.472E-02	2.465E-01	0.014	9.515E+00
xm2h	7q61-assembly1_A	3.179E-01	2.041E-01	1.880E-02	2.354E-01	0.014	5.695E+00
xm2h	7q60-assembly1_A	3.081E-01	2.052E-01	1.881E-02	2.354E-01	0.014	6.072E+00
xm2h	8atm-assembly1_B	3.317E-01	2.028E-01	1.301E-02	2.177E-01	0.014	5.341E+00
xm2h	4v9f-assembly1_6	3.246E-01	1.846E-01	2.452E-01	2.289E-01	0.011	6.904E+00
xm2h	6wmk-assembly2_C	2.892E-01	2.249E-01	2.743E-01	2.768E-01	0.011	7.849E+00
xm2h	5jmv-assembly1_E	2.776E-01	2.262E-01	2.654E-01	3.072E-01	0.011	9.515E+00
xm2h	5yk5-assembly1_A	2.821E-01	2.091E-01	2.181E-01	2.854E-01	0.011	9.515E+00
xm2h	2vsd-assembly1_A-2	3.137E-01	1.626E-01	1.567E-01	2.498E-01	0.011	8.369E+00
xm2h	6han-assembly1_A	2.719E-01	2.161E-01	2.082E-01	3.161E-01	0.011	9.515E+00
xm2h	1nqj-assembly1_A	3.320E-01	2.067E-01	1.928E-01	2.356E-01	0.011	7.361E+00
xm2h	2xzz-assembly1_A	4.177E-01	1.727E-01	1.607E-01	2.031E-01	0.011	8.924E+00
xm2h	7fcn-assembly4_D	3.854E-01	2.467E-01	2.228E-01	2.323E-01	0.011	9.515E+00
xm2h	4cry-assembly1_G	2.897E-01	1.587E-01	1.454E-01	2.176E-01	0.011	6.072E+00
xm2h	8awo-assembly1_A	2.881E-01	1.987E-01	1.690E-01	2.349E-01	0.011	5.695E+00
xm2h	2ozj-assembly2_B-3	3.142E-01	1.905E-01	1.600E-01	2.346E-01	0.011	7.361E+00
xm2h	7eue-assembly1_B	2.766E-01	1.768E-01	1.462E-01	2.157E-01	0.011	5.009E+00
xm2h	1nqj-assembly2_B	3.182E-01	2.075E-01	1.652E-01	2.343E-01	0.011	8.369E+00
xm2h	1nc7-assembly1_C	3.429E-01	2.381E-01	1.959E-01	2.291E-01	0.011	7.361E+00
xm2h	4jp7-assembly2_B	2.742E-01	2.165E-01	1.767E-01	2.497E-01	0.011	6.072E+00
xm2h	2mzn-assembly1_A	1.653E-01	1.638E-01	1.288E-01	2.402E-01	0.011	2.175E+00
xm2h	3but-assembly1_A-2	3.022E-01	1.394E-01	1.038E-01	1.997E-01	0.011	4.406E+00
xm2h	4axo-assembly1_A	2.771E-01	2.011E-01	1.511E-01	2.538E-01	0.011	6.904E+00
xm2h	6p8o-assembly1_A	2.965E-01	2.068E-01	1.560E-01	2.761E-01	0.011	8.369E+00
xm2h	6p8o-assembly2_B	2.782E-01	2.598E-01	2.096E-01	2.662E-01	0.011	6.904E+00
xm2h	7oln-assembly1_AAA	2.901E-01	1.949E-01	1.396E-01	2.284E-01	0.011	6.475E+00
xm2h	6o2d-assembly1_A	2.179E-01	1.461E-01	1.002E-01	1.914E-01	0.011	2.473E+00
xm2h	2p6c-assembly1_A	2.423E-01	2.383E-01	1.786E-01	2.486E-01	0.011	5.341E+00
xm2h	2jhy-assembly1_A	3.699E-01	1.787E-01	1.243E-01	2.265E-01	0.011	8.924E+00
xm2h	6g52-assembly8_H	3.215E-01	1.433E-01	9.631E-02	2.049E-01	0.011	6.072E+00
xm2h	6fib-assembly1_B	2.923E-01	2.054E-01	1.411E-01	2.084E-01	0.011	5.341E+00
xm2h	5ixm-assembly1_B	3.050E-01	2.687E-01	1.806E-01	2.457E-01	0.011	6.904E+00
xm2h	3ba3-assembly1_A	2.842E-01	2.135E-01	1.496E-01	2.522E-01	0.011	6.904E+00
xm2h	4x9u-assembly2_B	3.111E-01	2.386E-01	1.707E-01	2.505E-01	0.011	8.369E+00
xm2h	3ern-assembly2_F	2.869E-01	2.464E-01	1.710E-01	2.992E-01	0.011	9.515E+00
xm2h	4z5v-assembly1_B	2.989E-01	2.550E-01	1.668E-01	2.656E-01	0.011	8.369E+00
xm2h	3ern-assembly1_C	2.643E-01	2.312E-01	1.614E-01	2.856E-01	0.011	7.849E+00
xm2h	6pgv-assembly1_A	2.341E-01	2.173E-01	1.635E-01	3.119E-01	0.011	6.475E+00
xm2h	4c8g-assembly1_A	2.665E-01	2.310E-01	1.615E-01	2.845E-01	0.011	7.849E+00
xm2h	8qfo-assembly1_B	3.604E-01	2.133E-01	1.299E-01	2.222E-01	0.011	8.924E+00
xm2h	6wua-assembly1_g	2.695E-01	1.540E-01	1.046E-01	2.628E-01	0.011	6.072E+00
xm2h	4zbg-assembly1_A	2.586E-01	2.326E-01	1.575E-01	2.563E-01	0.011	6.072E+00
xm2h	8fmw-assembly1_G	2.939E-01	2.011E-01	1.320E-01	2.771E-01	0.011	8.369E+00
xm2h	4m4e-assembly1_B	3.471E-01	2.674E-01	1.646E-01	2.330E-01	0.011	8.369E+00
xm2h	2bt8-assembly1_A	2.918E-01	1.563E-01	9.368E-02	2.056E-01	0.011	5.009E+00
xm2h	5u58-assembly1_D	2.671E-01	1.766E-01	1.007E-01	2.128E-01	0.011	5.009E+00
xm2h	5v27-assembly1_A	2.800E-01	1.771E-01	1.006E-01	2.144E-01	0.011	5.009E+00
xm2h	6uja-assembly1_D	2.599E-01	2.531E-01	1.483E-01	2.766E-01	0.011	7.361E+00
xm2h	5u57-assembly1_D	2.783E-01	1.754E-01	9.761E-02	2.099E-01	0.011	4.698E+00
xm2h	1zz6-assembly1_A-2	2.497E-01	1.776E-01	1.022E-01	2.228E-01	0.011	4.406E+00
xm2h	5fli-assembly1_L	2.771E-01	1.786E-01	9.780E-02	2.160E-01	0.011	5.341E+00
xm2h	6m1s-assembly1_A	2.579E-01	2.520E-01	1.578E-01	2.807E-01	0.011	7.849E+00
xm2h	6s69-assembly1_A	3.156E-01	2.265E-01	1.189E-01	2.327E-01	0.011	7.849E+00
xm2h	7svs-assembly1_G	2.863E-01	1.863E-01	1.096E-01	2.563E-01	0.011	7.849E+00
xm2h	8pom-assembly2_A	3.168E-01	2.254E-01	1.178E-01	2.577E-01	0.011	7.849E+00
xm2h	6qv8-assembly1_B	2.716E-01	1.640E-01	9.183E-02	2.576E-01	0.011	7.361E+00
xm2h	2m65-assembly1_A	3.178E-01	1.452E-01	7.354E-02	2.012E-01	0.011	5.341E+00
xm2h	5xv3-assembly2_D	2.431E-01	2.414E-01	1.386E-01	2.414E-01	0.011	4.132E+00
xm2h	6e5g-assembly1_B	3.253E-01	2.362E-01	1.174E-01	2.648E-01	0.011	9.515E+00
xm2h	2wuy-assembly1_A	2.497E-01	2.430E-01	1.413E-01	2.794E-01	0.011	7.361E+00
xm2h	4igj-assembly1_B	2.830E-01	2.291E-01	1.235E-01	2.815E-01	0.011	8.924E+00
xm2h	6cyp-assembly1_E	2.963E-01	1.824E-01	1.005E-01	2.483E-01	0.011	6.904E+00
xm2h	8rdw-assembly1_Dm	2.154E-01	1.939E-01	1.055E-01	2.705E-01	0.011	4.132E+00
xm2h	8k4l-assembly1_A	2.343E-01	1.802E-01	1.039E-01	2.990E-01	0.011	6.072E+00
xm2h	6jkv-assembly2_B	2.558E-01	2.120E-01	8.675E-02	2.447E-01	0.011	5.695E+00
xm2h	5mqh-assembly1_A	2.492E-01	2.388E-01	1.005E-01	2.916E-01	0.011	7.849E+00
xm2h	7xc8-assembly1_A	2.197E-01	2.164E-01	1.166E-01	2.518E-01	0.011	4.406E+00
xm2h	6j8n-assembly2_D	3.051E-01	1.662E-01	7.303E-02	2.232E-01	0.011	6.475E+00
xm2h	8jr6-assembly1_A	4.141E-01	1.922E-01	8.159E-02	2.196E-01	0.011	9.515E+00
xm2h	2arz-assembly1_A	3.525E-01	1.876E-01	8.103E-02	2.323E-01	0.011	8.369E+00
xm2h	2e0k-assembly1_A	2.762E-01	2.235E-01	1.259E-01	2.741E-01	0.011	6.904E+00
xm2h	3dti-assembly1_A	2.540E-01	2.314E-01	1.102E-01	2.807E-01	0.011	7.361E+00
xm2h	4mvt-assembly4_D	2.250E-01	2.192E-01	9.528E-02	2.512E-01	0.011	4.698E+00
xm2h	4mvt-assembly2_B	2.179E-01	2.144E-01	9.703E-02	2.287E-01	0.011	3.196E+00
xm2h	7rpq-assembly1_A	2.556E-01	2.140E-01	9.701E-02	2.938E-01	0.011	7.849E+00
xm2h	7ccg-assembly1_A	2.784E-01	2.003E-01	9.767E-02	2.400E-01	0.011	6.072E+00
xm2h	6v5e-assembly1_A	3.499E-01	2.069E-01	9.334E-02	2.339E-01	0.011	8.924E+00
xm2h	3n0s-assembly1_A	2.081E-01	1.917E-01	9.559E-02	2.297E-01	0.011	3.408E+00
xm2h	2gqu-assembly1_A	2.834E-01	1.501E-01	6.330E-02	2.134E-01	0.011	5.341E+00
xm2h	6bqw-assembly1_A	3.096E-01	1.583E-01	7.191E-02	2.623E-01	0.011	8.369E+00
xm2h	6f39-assembly1_A	3.062E-01	2.537E-01	9.006E-02	2.586E-01	0.011	8.369E+00
xm2h	4dk1-assembly1_A	3.177E-01	2.321E-01	9.557E-02	2.284E-01	0.011	6.904E+00
xm2h	4wrr-assembly1_C	2.784E-01	1.620E-01	6.128E-02	2.138E-01	0.011	5.009E+00
xm2h	6qe7-assembly2_B	2.367E-01	1.795E-01	7.582E-02	2.523E-01	0.011	5.341E+00
xm2h	6qe7-assembly1_A	2.360E-01	1.793E-01	7.505E-02	2.518E-01	0.011	4.698E+00
xm2h	3ujk-assembly1_A	3.452E-01	2.008E-01	7.494E-02	2.313E-01	0.011	7.849E+00
xm2h	5ig8-assembly1_A-2	3.324E-01	2.775E-01	1.116E-01	2.528E-01	0.011	9.515E+00
xm2h	5e6w-assembly1_A	2.909E-01	2.078E-01	6.970E-02	2.806E-01	0.011	8.924E+00
xm2h	6id3-assembly1_A	2.773E-01	2.219E-01	7.586E-02	2.436E-01	0.011	6.072E+00
xm2h	6id9-assembly1_A	3.649E-01	2.174E-01	7.187E-02	2.204E-01	0.011	9.515E+00
xm2h	6d7u-assembly1_E	2.802E-01	2.292E-01	8.519E-02	2.450E-01	0.011	6.475E+00
xm2h	4ln4-assembly1_A	2.831E-01	2.236E-01	7.707E-02	2.457E-01	0.011	6.475E+00
xm2h	6ugk-assembly1_A	3.444E-01	2.306E-01	8.081E-02	2.505E-01	0.011	9.515E+00
xm2h	2cyb-assembly1_B	2.448E-01	1.785E-01	7.993E-02	2.829E-01	0.011	6.072E+00
xm2h	6idb-assembly1_A	2.864E-01	2.305E-01	8.404E-02	2.439E-01	0.011	6.475E+00
xm2h	5v2a-assembly1_A	2.754E-01	2.219E-01	8.182E-02	2.311E-01	0.011	6.072E+00
xm2h	4hfu-assembly1_A	2.611E-01	2.066E-01	6.944E-02	2.230E-01	0.011	5.009E+00
xm2h	3ubq-assembly1_E	2.733E-01	2.581E-01	8.559E-02	2.514E-01	0.011	6.072E+00
xm2h	3ku6-assembly1_A	2.629E-01	2.070E-01	6.725E-02	2.453E-01	0.011	5.009E+00
xm2h	7jpd-assembly2_C	2.471E-01	1.924E-01	7.062E-02	2.545E-01	0.011	6.072E+00
xm2h	9fiq-assembly1_A	3.792E-01	1.660E-01	4.953E-02	2.144E-01	0.011	9.515E+00
xm2h	4kpq-assembly1_A	3.176E-01	2.998E-01	9.628E-02	2.547E-01	0.011	8.369E+00
xm2h	8dyp-assembly1_A	2.961E-01	2.026E-01	6.862E-02	2.431E-01	0.011	7.849E+00
xm2h	5m21-assembly1_D	3.610E-01	1.871E-01	5.992E-02	2.468E-01	0.011	9.515E+00
xm2h	6zrk-assembly1_C	2.413E-01	1.938E-01	6.702E-02	2.338E-01	0.011	3.875E+00
xm2h	3pnq-assembly2_D	3.104E-01	2.470E-01	7.694E-02	2.816E-01	0.011	8.924E+00
xm2h	2cau-assembly1_A	3.261E-01	1.777E-01	6.046E-02	1.968E-01	0.011	5.695E+00
xm2h	6zt5-assembly1_C	2.883E-01	2.051E-01	7.785E-02	2.234E-01	0.011	5.695E+00
xm2h	2qyo-assembly1_B	2.869E-01	2.549E-01	8.440E-02	2.725E-01	0.011	8.924E+00
xm2h	3nuh-assembly1_B-2	2.636E-01	2.454E-01	7.850E-02	2.242E-01	0.011	5.341E+00
xm2h	5h5v-assembly1_C	3.112E-01	2.353E-01	8.764E-02	2.520E-01	0.011	7.361E+00
xm2h	1zkd-assembly1_A	2.515E-01	1.956E-01	8.118E-02	2.653E-01	0.011	6.475E+00
xm2h	3smh-assembly2_B	3.135E-01	1.899E-01	5.521E-02	2.274E-01	0.011	7.361E+00
xm2h	8i7r-assembly1_D	2.966E-01	2.597E-01	9.605E-02	2.932E-01	0.011	9.515E+00
xm2h	3smh-assembly1_A	3.141E-01	1.902E-01	5.415E-02	2.280E-01	0.011	7.361E+00
xm2h	3smh-assembly1_D	3.135E-01	1.898E-01	5.410E-02	2.276E-01	0.011	7.361E+00
xm2h	3zkb-assembly8_N	2.669E-01	1.832E-01	6.493E-02	2.142E-01	0.011	4.698E+00
xm2h	5fxt-assembly1_A	2.285E-01	2.177E-01	7.453E-02	2.488E-01	0.011	4.132E+00
xm2h	1kt1-assembly1_A	2.756E-01	2.136E-01	8.449E-02	2.543E-01	0.011	7.361E+00
xm2h	6hq7-assembly1_A	3.346E-01	2.226E-01	6.626E-02	2.177E-01	0.011	6.475E+00
xm2h	5wpw-assembly1_B	3.638E-01	1.870E-01	5.393E-02	2.334E-01	0.011	8.924E+00
xm2h	3zkb-assembly6_G	2.717E-01	1.872E-01	6.442E-02	2.148E-01	0.011	5.009E+00
xm2h	7low-assembly1_B	2.748E-01	2.119E-01	8.455E-02	3.163E-01	0.011	8.924E+00
xm2h	4odj-assembly1_A-2	2.820E-01	2.141E-01	7.450E-02	3.149E-01	0.011	9.515E+00
xm2h	6e57-assembly3_C	2.891E-01	2.162E-01	7.338E-02	2.341E-01	0.011	6.904E+00
xm2h	3zkb-assembly1_D	2.705E-01	1.834E-01	6.296E-02	2.137E-01	0.011	4.698E+00
xm2h	7q06-assembly1_E	2.407E-01	1.810E-01	7.296E-02	2.443E-01	0.011	5.009E+00
xm2h	7dkg-assembly1_B	3.016E-01	2.505E-01	8.713E-02	2.957E-01	0.011	9.515E+00
xm2h	2vrt-assembly3_C	2.602E-01	2.311E-01	6.961E-02	2.899E-01	0.011	7.849E+00
xm2h	7ffq-assembly1_R	3.161E-01	1.696E-01	4.759E-02	2.488E-01	0.011	8.369E+00
xm2h	8qru-assembly1_B	2.866E-01	1.947E-01	5.069E-02	2.668E-01	0.011	7.849E+00
xm2h	7byx-assembly4_D	3.102E-01	2.345E-01	6.668E-02	2.548E-01	0.011	8.924E+00
xm2h	3deb-assembly1_A	2.985E-01	2.135E-01	5.829E-02	2.603E-01	0.011	8.369E+00
xm2h	5okn-assembly1_A	3.412E-01	2.052E-01	5.133E-02	2.457E-01	0.011	8.924E+00
xm2h	7jrm-assembly1_A	3.233E-01	2.357E-01	5.712E-02	2.185E-01	0.011	6.904E+00
xm2h	3f85-assembly1_A	2.200E-01	2.055E-01	6.131E-02	2.692E-01	0.011	5.341E+00
xm2h	7uyi-assembly1_E	2.475E-01	1.926E-01	5.251E-02	2.533E-01	0.011	6.072E+00
xm2h	6osr-assembly2_E	2.517E-01	1.952E-01	5.219E-02	2.542E-01	0.011	5.695E+00
xm2h	9bdf-assembly1_G	3.019E-01	2.381E-01	5.385E-02	2.958E-01	0.011	9.515E+00
xm2h	8tp6-assembly1_E	2.571E-01	2.033E-01	4.943E-02	2.454E-01	0.011	6.072E+00
xm2h	6osr-assembly2_D	2.520E-01	1.954E-01	5.192E-02	2.545E-01	0.011	5.009E+00
xm2h	6ona-assembly1_C	2.479E-01	1.928E-01	5.158E-02	2.598E-01	0.011	5.341E+00
xm2h	5wp4-assembly1_A	2.322E-01	2.177E-01	6.665E-02	3.167E-01	0.011	7.849E+00
xm2h	2wre-assembly1_B	2.522E-01	1.953E-01	5.158E-02	2.533E-01	0.011	5.695E+00
xm2h	6mxu-assembly1_C	2.484E-01	1.916E-01	5.255E-02	2.647E-01	0.011	5.341E+00
xm2h	6p6p-assembly1_D	3.075E-01	2.426E-01	5.156E-02	2.695E-01	0.011	8.924E+00
xm2h	8g5a-assembly1_A	2.956E-01	2.332E-01	4.973E-02	2.531E-01	0.011	8.369E+00
xm2h	8yb4-assembly1_B	2.572E-01	2.253E-01	5.209E-02	2.770E-01	0.011	6.475E+00
xm2h	6lej-assembly1_B	3.276E-01	1.998E-01	4.482E-02	2.213E-01	0.011	7.849E+00
xm2h	6lej-assembly1_A	2.748E-01	2.215E-01	4.990E-02	2.389E-01	0.011	6.072E+00
xm2h	5ta0-assembly2_B	3.494E-01	2.153E-01	4.283E-02	2.391E-01	0.011	8.924E+00
xm2h	6ld0-assembly1_A	2.942E-01	2.374E-01	5.067E-02	2.624E-01	0.011	7.849E+00
xm2h	5z1b-assembly1_B	2.943E-01	2.387E-01	4.850E-02	2.688E-01	0.011	8.369E+00
xm2h	7r1e-assembly1_B	3.617E-01	2.524E-01	4.797E-02	2.271E-01	0.011	8.924E+00
xm2h	3a24-assembly1_A	3.127E-01	2.333E-01	4.476E-02	2.372E-01	0.011	6.904E+00
xm2h	6uwi-assembly1_A	3.129E-01	1.808E-01	3.251E-02	1.825E-01	0.011	4.698E+00
xm2h	6uwi-assembly2_d	3.123E-01	1.806E-01	3.246E-02	1.829E-01	0.011	4.698E+00
xm2h	6uwi-assembly1_E	3.128E-01	1.808E-01	3.241E-02	1.825E-01	0.011	4.698E+00
xm2h	6uwi-assembly2_g	3.129E-01	1.808E-01	3.228E-02	1.825E-01	0.011	4.698E+00
xm2h	6uwr-assembly1_A	3.245E-01	1.999E-01	3.438E-02	1.873E-01	0.011	4.698E+00
xm2h	3q8a-assembly1_A	3.091E-01	2.073E-01	3.710E-02	2.196E-01	0.011	6.475E+00
xm2h	8wg0-assembly2_C	2.874E-01	2.399E-01	5.013E-02	2.341E-01	0.011	6.475E+00
xm2h	5by3-assembly1_A	2.637E-01	1.977E-01	3.924E-02	2.086E-01	0.011	3.634E+00
xm2h	2xvg-assembly1_A	2.849E-01	1.881E-01	2.360E-02	2.092E-01	0.011	5.341E+00
xm2h	5ifp-assembly1_A	1.969E-01	1.486E-01	2.390E-02	1.847E-01	0.011	1.794E+00
xm2h	6se8-assembly1_A	3.415E-01	2.439E-01	3.146E-02	2.294E-01	0.011	8.369E+00
xm2h	6za2-assembly1_A	2.639E-01	2.157E-01	2.662E-02	2.038E-01	0.011	3.875E+00
xm2h	7q1y-assembly2_B	3.190E-01	2.029E-01	2.034E-02	2.272E-01	0.011	6.904E+00
xm2h	8atm-assembly1_A	3.301E-01	2.021E-01	1.257E-02	2.177E-01	0.011	6.475E+00
xm2h	7e4v-assembly1_A	2.692E-01	1.972E-01	2.263E-01	2.631E-01	0.010	8.924E+00
xm2h	4hbo-assembly2_B-3	2.904E-01	2.191E-01	2.425E-01	2.428E-01	0.010	8.924E+00
xm2h	1th7-assembly1_A	3.256E-01	1.772E-01	1.910E-01	2.271E-01	0.010	9.515E+00
xm2h	2obp-assembly2_B	2.563E-01	1.718E-01	1.854E-01	2.725E-01	0.010	8.924E+00
xm2h	8pw4-assembly2_B	2.071E-01	1.711E-01	1.792E-01	2.330E-01	0.010	4.698E+00
xm2h	7zc8-assembly1_B	2.488E-01	1.515E-01	1.553E-01	2.714E-01	0.010	8.369E+00
xm2h	5oxz-assembly1_A	2.996E-01	1.230E-01	1.219E-01	1.851E-01	0.010	5.341E+00
xm2h	1pyu-assembly1_D-2	2.908E-01	1.593E-01	1.570E-01	2.178E-01	0.010	7.849E+00
xm2h	7eyp-assembly1_B	2.615E-01	1.742E-01	1.658E-01	2.427E-01	0.010	6.475E+00
xm2h	5fu3-assembly1_A	2.446E-01	1.849E-01	1.788E-01	1.785E-01	0.010	3.634E+00
xm2h	2oyz-assembly1_A-2	2.510E-01	1.700E-01	1.631E-01	2.198E-01	0.010	5.341E+00
xm2h	5wse-assembly1_D	2.399E-01	1.644E-01	1.401E-01	2.060E-01	0.010	5.009E+00
xm2h	5fpz-assembly1_A-2	3.265E-01	1.881E-01	1.582E-01	2.223E-01	0.010	8.924E+00
xm2h	8acx-assembly2_G	2.409E-01	2.391E-01	2.067E-01	3.061E-01	0.010	9.515E+00
xm2h	8e79-assembly1_N	2.654E-01	2.254E-01	1.953E-01	2.585E-01	0.010	7.361E+00
xm2h	2nmm-assembly4_A	3.099E-01	1.918E-01	1.648E-01	2.510E-01	0.010	9.515E+00
xm2h	7eup-assembly1_B	2.758E-01	1.764E-01	1.426E-01	2.136E-01	0.010	6.904E+00
xm2h	8ah9-assembly1_A	3.003E-01	1.746E-01	1.463E-01	2.332E-01	0.010	8.369E+00
xm2h	7euz-assembly1_B	2.780E-01	1.764E-01	1.415E-01	2.141E-01	0.010	6.904E+00
xm2h	8hjx-assembly1_B	2.466E-01	1.661E-01	1.354E-01	2.065E-01	0.010	5.009E+00
xm2h	6em3-assembly1_P	2.317E-01	2.244E-01	1.916E-01	3.166E-01	0.010	8.369E+00
xm2h	4n8p-assembly1_A-2	2.746E-01	1.862E-01	1.473E-01	1.909E-01	0.010	4.406E+00
xm2h	5c9b-assembly1_C	2.552E-01	1.597E-01	1.270E-01	2.130E-01	0.010	5.009E+00
xm2h	3fkh-assembly1_A	3.517E-01	1.797E-01	1.351E-01	2.070E-01	0.010	8.369E+00
xm2h	4cs0-assembly1_A	2.940E-01	2.397E-01	1.897E-01	2.717E-01	0.010	9.515E+00
xm2h	2xbz-assembly1_A-2	3.073E-01	2.317E-01	1.635E-01	2.217E-01	0.010	7.849E+00
xm2h	3k8u-assembly1_A	2.587E-01	2.338E-01	1.687E-01	2.761E-01	0.010	7.849E+00
xm2h	3mu3-assembly2_B	2.175E-01	1.328E-01	1.048E-01	1.555E-01	0.010	1.913E+00
xm2h	2ig6-assembly1_A	2.575E-01	2.186E-01	1.409E-01	2.688E-01	0.010	7.361E+00
xm2h	6mge-assembly1_C	2.917E-01	2.043E-01	1.379E-01	2.161E-01	0.010	6.475E+00
xm2h	6dj3-assembly1_A-2	3.158E-01	1.422E-01	9.286E-02	2.013E-01	0.010	7.361E+00
xm2h	3f0g-assembly2_E	2.644E-01	2.275E-01	1.639E-01	2.730E-01	0.010	8.924E+00
xm2h	7nhm-assembly1_h	3.024E-01	1.812E-01	1.125E-01	2.290E-01	0.010	8.924E+00
xm2h	4uap-assembly2_B	3.155E-01	1.776E-01	1.169E-01	2.287E-01	0.010	8.369E+00
xm2h	7jss-assembly1_L	2.490E-01	1.945E-01	1.208E-01	2.588E-01	0.010	6.475E+00
xm2h	8p7y-assembly1_F	2.466E-01	1.831E-01	1.196E-01	2.374E-01	0.010	6.475E+00
xm2h	3ir9-assembly1_B	3.196E-01	1.957E-01	1.194E-01	2.395E-01	0.010	8.924E+00
xm2h	6dj3-assembly1_B	2.975E-01	1.366E-01	8.286E-02	2.067E-01	0.010	6.904E+00
xm2h	6p7j-assembly1_A-2	3.142E-01	2.216E-01	1.375E-01	2.130E-01	0.010	7.361E+00
xm2h	7u3k-assembly1_A	2.872E-01	1.544E-01	9.366E-02	2.426E-01	0.010	8.924E+00
xm2h	1wc8-assembly1_A-2	2.658E-01	2.408E-01	1.554E-01	2.743E-01	0.010	8.924E+00
xm2h	4zxa-assembly1_A	2.689E-01	1.899E-01	1.161E-01	2.178E-01	0.010	6.475E+00
xm2h	6usm-assembly1_B	2.463E-01	1.707E-01	1.229E-01	2.480E-01	0.010	6.072E+00
xm2h	4bex-assembly1_1-2	2.676E-01	1.730E-01	9.760E-02	2.624E-01	0.010	8.924E+00
xm2h	4hsl-assembly1_A-2	2.826E-01	1.797E-01	1.018E-01	2.094E-01	0.010	6.904E+00
xm2h	4xom-assembly2_D	2.509E-01	2.454E-01	1.256E-01	2.766E-01	0.010	8.369E+00
xm2h	8oyv-assembly2_B	2.489E-01	1.791E-01	9.673E-02	2.069E-01	0.010	5.341E+00
xm2h	6y8l-assembly1_B	2.829E-01	2.034E-01	1.256E-01	2.272E-01	0.010	6.904E+00
xm2h	8oyv-assembly1_A	2.515E-01	1.798E-01	9.559E-02	2.083E-01	0.010	4.406E+00
xm2h	4heb-assembly1_B	2.630E-01	1.992E-01	1.132E-01	2.569E-01	0.010	8.924E+00
xm2h	7ptg-assembly1_A	3.008E-01	2.076E-01	1.233E-01	2.332E-01	0.010	8.924E+00
xm2h	5v00-assembly1_A	2.185E-01	1.665E-01	1.006E-01	2.301E-01	0.010	4.132E+00
xm2h	4v8m-assembly1_A2	2.721E-01	1.957E-01	1.091E-01	2.545E-01	0.010	7.361E+00
xm2h	3jw6-assembly1_A	2.125E-01	1.866E-01	1.224E-01	2.452E-01	0.010	4.406E+00
xm2h	1uer-assembly1_B	2.786E-01	1.799E-01	1.030E-01	2.451E-01	0.010	7.849E+00
xm2h	1yq8-assembly1_A	3.442E-01	2.304E-01	1.177E-01	2.029E-01	0.010	7.849E+00
xm2h	2amh-assembly1_A	2.528E-01	2.189E-01	1.292E-01	2.470E-01	0.010	6.475E+00
xm2h	2cw2-assembly1_B	2.485E-01	1.613E-01	9.081E-02	2.289E-01	0.010	6.475E+00
xm2h	6cyl-assembly1_A	2.615E-01	1.346E-01	8.449E-02	2.108E-01	0.010	6.072E+00
xm2h	3esf-assembly2_D	2.382E-01	1.414E-01	9.027E-02	2.381E-01	0.010	6.475E+00
xm2h	6qv9-assembly1_B	2.287E-01	1.427E-01	9.163E-02	2.437E-01	0.010	6.072E+00
xm2h	2rcv-assembly3_D	2.219E-01	1.274E-01	8.301E-02	2.133E-01	0.010	3.634E+00
xm2h	7wnl-assembly2_C	2.262E-01	1.415E-01	9.076E-02	2.453E-01	0.010	5.341E+00
xm2h	3w40-assembly2_B	2.576E-01	1.964E-01	1.106E-01	1.992E-01	0.010	4.406E+00
xm2h	1xuq-assembly1_B	2.266E-01	1.348E-01	8.943E-02	2.402E-01	0.010	5.695E+00
xm2h	1jr9-assembly1_A-2	2.233E-01	1.444E-01	9.097E-02	2.368E-01	0.010	5.009E+00
xm2h	7jp4-assembly2_B	2.964E-01	2.794E-01	1.336E-01	2.427E-01	0.010	8.369E+00
xm2h	1vlm-assembly1_A	2.451E-01	2.402E-01	1.429E-01	2.696E-01	0.010	6.904E+00
xm2h	6dqy-assembly1_C	2.977E-01	1.820E-01	1.018E-01	2.473E-01	0.010	9.515E+00
xm2h	6cys-assembly1_D	2.799E-01	1.751E-01	1.023E-01	2.458E-01	0.010	7.849E+00
xm2h	6uyc-assembly1_A	2.532E-01	1.815E-01	9.657E-02	2.474E-01	0.010	6.904E+00
xm2h	5d80-assembly2_g	2.449E-01	1.910E-01	9.876E-02	2.710E-01	0.010	7.361E+00
xm2h	5sy8-assembly1_L	2.902E-01	2.166E-01	1.036E-01	2.501E-01	0.010	8.924E+00
xm2h	7bjk-assembly3_E-2	2.980E-01	1.802E-01	9.103E-02	2.466E-01	0.010	9.515E+00
xm2h	4uc7-assembly1_A	2.366E-01	1.899E-01	9.504E-02	2.507E-01	0.010	6.475E+00
xm2h	4uca-assembly1_A	2.375E-01	1.902E-01	9.522E-02	2.492E-01	0.010	6.475E+00
xm2h	8bv8-assembly1_A	2.036E-01	1.862E-01	9.427E-02	2.568E-01	0.010	5.009E+00
xm2h	3mpb-assembly1_A	2.670E-01	1.951E-01	8.984E-02	2.555E-01	0.010	8.924E+00
xm2h	4f15-assembly1_A	2.387E-01	1.949E-01	9.267E-02	2.204E-01	0.010	4.698E+00
xm2h	5k1a-assembly2_C	2.683E-01	2.371E-01	1.066E-01	2.453E-01	0.010	7.849E+00
xm2h	7wzg-assembly1_A	2.275E-01	1.630E-01	7.473E-02	2.105E-01	0.010	4.698E+00
xm2h	8f5y-assembly1_B	2.730E-01	1.806E-01	7.598E-02	2.565E-01	0.010	8.369E+00
xm2h	3g2p-assembly1_B	2.155E-01	2.095E-01	9.269E-02	2.638E-01	0.010	6.072E+00
xm2h	2f1m-assembly2_C	2.364E-01	1.935E-01	9.763E-02	2.855E-01	0.010	8.924E+00
xm2h	3aix-assembly1_B	2.175E-01	2.075E-01	1.008E-01	2.408E-01	0.010	5.009E+00
xm2h	5xgp-assembly1_A	2.641E-01	1.829E-01	8.818E-02	2.888E-01	0.010	9.515E+00
xm2h	8udz-assembly1_A	2.216E-01	1.876E-01	9.133E-02	2.618E-01	0.010	6.475E+00
xm2h	3vsj-assembly1_C	2.952E-01	1.814E-01	8.230E-02	2.048E-01	0.010	6.072E+00
xm2h	4we7-assembly4_D	3.681E-01	1.910E-01	7.115E-02	2.154E-01	0.010	9.515E+00
xm2h	3r4r-assembly1_A	3.670E-01	2.033E-01	7.199E-02	2.075E-01	0.010	9.515E+00
xm2h	3gu3-assembly1_B	3.240E-01	2.227E-01	9.428E-02	2.326E-01	0.010	8.924E+00
xm2h	8svn-assembly1_B	3.529E-01	1.767E-01	6.551E-02	2.169E-01	0.010	9.515E+00
xm2h	3s40-assembly5_B	2.790E-01	1.654E-01	7.145E-02	2.263E-01	0.010	7.361E+00
xm2h	6n7e-assembly2_C	3.049E-01	1.402E-01	4.722E-02	2.060E-01	0.010	7.849E+00
xm2h	3op1-assembly1_B	2.738E-01	1.475E-01	5.417E-02	2.550E-01	0.010	9.515E+00
xm2h	7zub-assembly1_C	2.520E-01	2.050E-01	9.972E-02	2.464E-01	0.010	6.072E+00
xm2h	8evv-assembly2_B	2.458E-01	1.913E-01	7.808E-02	2.629E-01	0.010	7.849E+00
xm2h	6e7h-assembly1_E	2.303E-01	1.877E-01	7.151E-02	2.337E-01	0.010	5.695E+00
xm2h	6id5-assembly1_A	2.660E-01	2.158E-01	7.529E-02	2.302E-01	0.010	6.072E+00
xm2h	4lki-assembly1_A	2.703E-01	2.197E-01	7.556E-02	2.391E-01	0.010	7.849E+00
xm2h	5vjl-assembly1_A	2.743E-01	2.190E-01	7.400E-02	2.261E-01	0.010	6.904E+00
xm2h	7t1v-assembly1_A	2.859E-01	2.261E-01	7.704E-02	2.150E-01	0.010	6.475E+00
xm2h	4bsa-assembly1_A	2.731E-01	2.145E-01	7.304E-02	2.233E-01	0.010	7.361E+00
xm2h	6tjy-assembly1_G	2.506E-01	1.961E-01	6.676E-02	2.186E-01	0.010	5.695E+00
xm2h	4hg4-assembly1_B	2.659E-01	2.116E-01	7.347E-02	2.259E-01	0.010	6.072E+00
xm2h	3vun-assembly1_E	2.565E-01	2.003E-01	7.073E-02	2.537E-01	0.010	6.904E+00
xm2h	4f3z-assembly1_E	2.918E-01	2.760E-01	9.320E-02	2.411E-01	0.010	7.849E+00
xm2h	3ku5-assembly1_A	2.617E-01	2.062E-01	6.719E-02	2.469E-01	0.010	6.904E+00
xm2h	6v46-assembly1_E	2.243E-01	1.810E-01	6.717E-02	2.382E-01	0.010	5.341E+00
xm2h	1ruy-assembly1_L	2.800E-01	2.642E-01	8.505E-02	2.563E-01	0.010	8.924E+00
xm2h	1rvt-assembly1_J	2.502E-01	1.951E-01	7.244E-02	2.576E-01	0.010	6.904E+00
xm2h	4yy0-assembly1_C	2.689E-01	2.144E-01	7.391E-02	2.405E-01	0.010	6.904E+00
xm2h	4xkf-assembly1_C	2.696E-01	2.140E-01	7.324E-02	2.382E-01	0.010	7.849E+00
xm2h	1u9t-assembly1_A-2	3.474E-01	1.808E-01	6.850E-02	2.093E-01	0.010	8.369E+00
xm2h	3gbn-assembly1_A	2.643E-01	2.079E-01	6.796E-02	2.249E-01	0.010	6.904E+00
xm2h	6lvs-assembly4_D	3.271E-01	1.809E-01	6.371E-02	2.159E-01	0.010	8.369E+00
xm2h	6lvs-assembly2_B	2.445E-01	2.298E-01	8.736E-02	2.526E-01	0.010	6.072E+00
xm2h	6lvs-assembly3_C	3.276E-01	1.811E-01	6.325E-02	2.140E-01	0.010	8.924E+00
xm2h	6dkn-assembly2_B	2.961E-01	1.784E-01	5.379E-02	2.468E-01	0.010	8.369E+00
xm2h	1gqg-assembly1_C	2.617E-01	1.715E-01	5.698E-02	2.176E-01	0.010	6.072E+00
xm2h	1juh-assembly2_B	3.028E-01	1.815E-01	5.660E-02	2.257E-01	0.010	8.924E+00
xm2h	3pnm-assembly1_B	2.699E-01	2.219E-01	7.664E-02	2.652E-01	0.010	8.924E+00
xm2h	4yrd-assembly1_A	3.303E-01	2.046E-01	6.206E-02	2.243E-01	0.010	8.369E+00
xm2h	4yrd-assembly1_B	3.299E-01	2.045E-01	6.125E-02	2.253E-01	0.010	8.924E+00
xm2h	7a27-assembly1_GGG	2.471E-01	2.146E-01	7.952E-02	2.821E-01	0.010	8.924E+00
xm2h	4kqv-assembly1_A	2.638E-01	1.885E-01	6.688E-02	1.860E-01	0.010	4.698E+00
xm2h	4lej-assembly1_A	3.208E-01	1.822E-01	5.139E-02	2.125E-01	0.010	7.361E+00
xm2h	1zkd-assembly1_B	2.399E-01	1.865E-01	8.075E-02	2.666E-01	0.010	6.904E+00
xm2h	5frq-assembly1_D	2.141E-01	2.037E-01	7.965E-02	2.485E-01	0.010	5.695E+00
xm2h	5e1r-assembly1_C	3.190E-01	1.800E-01	5.136E-02	2.083E-01	0.010	7.361E+00
xm2h	5frq-assembly1_A	2.294E-01	2.183E-01	7.948E-02	2.524E-01	0.010	5.341E+00
xm2h	8iuo-assembly1_C	2.333E-01	1.854E-01	7.002E-02	2.461E-01	0.010	5.341E+00
xm2h	5vf5-assembly1_A	2.744E-01	1.875E-01	5.815E-02	2.367E-01	0.010	8.369E+00
xm2h	8dt6-assembly1_D	2.313E-01	2.206E-01	7.507E-02	2.479E-01	0.010	5.695E+00
xm2h	3zkd-assembly3_E	2.858E-01	2.074E-01	7.186E-02	2.303E-01	0.010	7.361E+00
xm2h	3zkb-assembly1_C	2.696E-01	1.845E-01	6.374E-02	2.175E-01	0.010	6.072E+00
xm2h	7dvl-assembly1_A	2.622E-01	2.061E-01	5.831E-02	2.368E-01	0.010	7.361E+00
xm2h	8qro-assembly1_A	2.820E-01	2.177E-01	5.823E-02	2.535E-01	0.010	8.369E+00
xm2h	4dyp-assembly2_B	2.256E-01	1.789E-01	7.072E-02	2.936E-01	0.010	6.904E+00
xm2h	8xcj-assembly1_F	2.618E-01	1.536E-01	4.651E-02	1.677E-01	0.010	3.875E+00
xm2h	5b7b-assembly1_B	2.276E-01	1.926E-01	7.739E-02	2.791E-01	0.010	6.475E+00
xm2h	3ro5-assembly1_B	2.122E-01	1.703E-01	6.608E-02	2.689E-01	0.010	6.475E+00
xm2h	2d6f-assembly1_A	2.379E-01	1.742E-01	5.728E-02	2.455E-01	0.010	6.072E+00
xm2h	7cec-assembly1_B	3.049E-01	2.149E-01	4.931E-02	2.489E-01	0.010	9.515E+00
xm2h	2xue-assembly1_A	2.450E-01	1.945E-01	7.371E-02	2.709E-01	0.010	7.849E+00
xm2h	3gza-assembly1_B	3.409E-01	1.952E-01	5.332E-02	2.117E-01	0.010	9.515E+00
xm2h	2xtl-assembly1_A	2.888E-01	1.997E-01	5.974E-02	2.558E-01	0.010	8.924E+00
xm2h	4s17-assembly1_E-2	3.215E-01	1.679E-01	5.112E-02	2.012E-01	0.010	7.361E+00
xm2h	4s17-assembly1_B-2	3.191E-01	1.666E-01	5.100E-02	2.024E-01	0.010	7.849E+00
xm2h	7uyi-assembly2_D	2.491E-01	1.936E-01	5.381E-02	2.536E-01	0.010	6.475E+00
xm2h	4xyc-assembly2_W	3.053E-01	1.671E-01	4.945E-02	2.019E-01	0.010	7.361E+00
xm2h	2wr7-assembly1_A	2.614E-01	2.069E-01	4.947E-02	2.198E-01	0.010	5.695E+00
xm2h	6nal-assembly1_A	3.145E-01	2.530E-01	6.450E-02	2.324E-01	0.010	8.924E+00
xm2h	6d8w-assembly2_C	2.314E-01	1.862E-01	5.278E-02	2.519E-01	0.010	6.904E+00
xm2h	6n41-assembly1_C	2.482E-01	1.930E-01	5.223E-02	2.535E-01	0.010	7.361E+00
xm2h	7uyi-assembly1_C	2.485E-01	1.931E-01	5.183E-02	2.548E-01	0.010	6.475E+00
xm2h	7uyi-assembly1_A	2.452E-01	1.911E-01	5.156E-02	2.527E-01	0.010	6.475E+00
xm2h	6mxu-assembly1_A	2.480E-01	1.916E-01	5.225E-02	2.627E-01	0.010	7.361E+00
xm2h	8xhf-assembly1_C	2.587E-01	2.041E-01	4.823E-02	2.441E-01	0.010	6.475E+00
xm2h	8xhg-assembly1_A	2.612E-01	2.055E-01	4.803E-02	2.419E-01	0.010	7.361E+00
xm2h	5xla-assembly2_B	2.669E-01	2.063E-01	4.804E-02	2.217E-01	0.010	6.072E+00
xm2h	4wa2-assembly1_A	2.556E-01	1.998E-01	5.028E-02	2.553E-01	0.010	6.904E+00
xm2h	2y3r-assembly2_D	2.352E-01	2.288E-01	7.746E-02	3.342E-01	0.010	9.515E+00
xm2h	3whe-assembly2_D	2.545E-01	1.999E-01	5.229E-02	2.530E-01	0.010	7.849E+00
xm2h	1ha0-assembly1_A	2.380E-01	1.911E-01	4.902E-02	2.232E-01	0.010	5.009E+00
xm2h	2j42-assembly1_A	2.917E-01	2.119E-01	4.868E-02	2.359E-01	0.010	8.369E+00
xm2h	2yjq-assembly2_B	2.762E-01	1.559E-01	3.627E-02	2.026E-01	0.010	5.695E+00
xm2h	2eex-assembly1_A	2.302E-01	1.586E-01	4.219E-02	2.032E-01	0.010	3.408E+00
xm2h	3ik2-assembly1_A	2.292E-01	1.604E-01	4.006E-02	1.916E-01	0.010	3.875E+00
xm2h	6ncx-assembly1_D	2.727E-01	1.876E-01	4.116E-02	2.669E-01	0.010	8.924E+00
xm2h	4aw7-assembly1_A	3.043E-01	2.055E-01	4.883E-02	2.206E-01	0.010	7.361E+00
xm2h	6yg8-assembly1_E	3.658E-01	1.932E-01	3.962E-02	1.897E-01	0.010	7.849E+00
xm2h	3k4a-assembly1_B-2	2.858E-01	1.579E-01	3.164E-02	1.820E-01	0.010	5.009E+00
xm2h	5czk-assembly1_B	2.764E-01	2.237E-01	5.180E-02	2.537E-01	0.010	9.515E+00
xm2h	3hn3-assembly1_B	2.773E-01	2.301E-01	5.007E-02	2.471E-01	0.010	7.361E+00
xm2h	8k7u-assembly1_D	3.117E-01	2.164E-01	4.826E-02	2.164E-01	0.010	7.849E+00
xm2h	7kgz-assembly1_B	3.501E-01	2.203E-01	4.095E-02	2.210E-01	0.010	9.515E+00
xm2h	6nob-assembly1_A	2.729E-01	1.660E-01	3.348E-02	1.782E-01	0.010	4.132E+00
xm2h	8pxu-assembly2_B	2.965E-01	2.021E-01	3.873E-02	2.381E-01	0.010	8.369E+00
xm2h	3q8c-assembly1_A	3.091E-01	2.207E-01	3.979E-02	2.308E-01	0.010	8.924E+00
xm2h	8xw0-assembly1_A	2.561E-01	2.331E-01	5.139E-02	2.783E-01	0.010	9.515E+00
xm2h	7exh-assembly2_A	2.541E-01	2.125E-01	4.489E-02	2.386E-01	0.010	7.361E+00
xm2h	6sms-assembly1_A	2.763E-01	2.029E-01	3.659E-02	2.442E-01	0.010	7.849E+00
xm2h	4c91-assembly1_A	2.870E-01	1.858E-01	2.479E-02	2.019E-01	0.010	6.072E+00
xm2h	6zjp-assembly1_A	3.286E-01	2.351E-01	3.101E-02	2.114E-01	0.010	7.849E+00
xm2h	6wxv-assembly1_A	2.883E-01	2.128E-01	2.897E-02	2.513E-01	0.010	8.369E+00
xm2h	7u06-assembly1_a	2.720E-01	1.816E-01	2.710E-02	2.015E-01	0.010	5.695E+00
xm2h	6gav-assembly1_B	2.878E-01	2.064E-01	2.833E-02	2.258E-01	0.010	6.904E+00
xm2h	6dcf-assembly1_D	2.768E-01	2.295E-01	3.195E-02	2.451E-01	0.010	8.924E+00
xm2h	7vf9-assembly1_D	2.701E-01	2.252E-01	2.887E-02	2.501E-01	0.010	8.924E+00
xm2h	8ato-assembly1_A	2.513E-01	1.655E-01	9.963E-03	1.807E-01	0.010	4.132E+00
xm2h	8ivq-assembly1_B	3.204E-01	1.998E-01	9.046E-03	1.974E-01	0.010	6.904E+00
xm2h	6kz7-assembly2_D	2.517E-01	1.544E-01	1.665E-01	2.572E-01	0.009	9.515E+00
xm2h	4gvc-assembly1_A	1.933E-01	1.881E-01	1.838E-01	3.003E-01	0.009	7.849E+00
xm2h	3tm7-assembly1_B	2.779E-01	1.788E-01	1.730E-01	2.083E-01	0.009	8.369E+00
xm2h	4d7z-assembly1_B	2.902E-01	1.590E-01	1.525E-01	2.198E-01	0.009	8.924E+00
xm2h	1uhe-assembly1_A	2.963E-01	1.637E-01	1.532E-01	2.118E-01	0.009	8.924E+00
xm2h	6l2u-assembly1_B	2.451E-01	1.818E-01	1.640E-01	2.233E-01	0.009	7.361E+00
xm2h	7qha-assembly1_C	2.541E-01	2.014E-01	1.767E-01	2.455E-01	0.009	8.369E+00
xm2h	6zu5-assembly1_LFF	2.806E-01	1.654E-01	1.479E-01	2.053E-01	0.009	8.369E+00
xm2h	3oug-assembly1_C	2.587E-01	2.548E-01	2.288E-01	2.398E-01	0.009	8.924E+00
xm2h	5wsf-assembly1_D	2.390E-01	1.632E-01	1.386E-01	2.042E-01	0.009	5.341E+00
xm2h	6rqm-assembly1_A	2.313E-01	1.682E-01	1.378E-01	2.181E-01	0.009	6.072E+00
xm2h	5uqp-assembly1_B	2.685E-01	2.252E-01	1.896E-01	2.460E-01	0.009	9.515E+00
xm2h	2d8i-assembly1_A	2.084E-01	1.922E-01	1.547E-01	2.911E-01	0.009	8.924E+00
xm2h	6l2f-assembly1_B	2.449E-01	1.665E-01	1.359E-01	2.073E-01	0.009	5.341E+00
xm2h	8zyg-assembly1_B	2.361E-01	1.616E-01	1.322E-01	2.047E-01	0.009	6.072E+00
xm2h	8zyh-assembly1_B	2.351E-01	1.616E-01	1.310E-01	2.051E-01	0.009	5.009E+00
xm2h	6eci-assembly9_Q	2.787E-01	2.064E-01	1.632E-01	2.182E-01	0.009	8.924E+00
xm2h	8hjz-assembly1_B	2.468E-01	1.663E-01	1.344E-01	2.067E-01	0.009	5.695E+00
xm2h	6l2e-assembly1_B	2.365E-01	1.621E-01	1.307E-01	2.047E-01	0.009	6.072E+00
xm2h	1pm4-assembly1_C	2.125E-01	2.054E-01	1.716E-01	1.813E-01	0.009	3.875E+00
xm2h	1pt1-assembly1_A	2.728E-01	2.233E-01	1.860E-01	2.549E-01	0.009	9.515E+00
xm2h	4bhu-assembly1_J	2.501E-01	1.664E-01	1.275E-01	2.275E-01	0.009	7.361E+00
xm2h	7eqk-assembly1_A	2.861E-01	1.779E-01	1.383E-01	2.121E-01	0.009	7.849E+00
xm2h	5c9b-assembly1_A	2.765E-01	1.667E-01	1.244E-01	2.138E-01	0.009	7.361E+00
xm2h	5c9f-assembly1_D	2.643E-01	1.618E-01	1.216E-01	2.133E-01	0.009	7.849E+00
xm2h	1pqf-assembly1_A-2	2.673E-01	2.158E-01	1.755E-01	2.334E-01	0.009	7.849E+00
xm2h	4zr2-assembly1_B	2.829E-01	1.863E-01	1.329E-01	2.421E-01	0.009	9.515E+00
xm2h	1ve0-assembly1_A	1.901E-01	1.885E-01	1.425E-01	2.502E-01	0.009	4.698E+00
xm2h	6g52-assembly6_F	2.767E-01	1.414E-01	1.069E-01	1.714E-01	0.009	5.695E+00
xm2h	4axo-assembly1_B	2.340E-01	1.782E-01	1.281E-01	2.641E-01	0.009	9.515E+00
xm2h	6dfd-assembly1_A	2.317E-01	1.583E-01	1.109E-01	2.189E-01	0.009	5.341E+00
xm2h	8jj5-assembly1_B	2.860E-01	1.554E-01	1.070E-01	1.654E-01	0.009	5.341E+00
xm2h	8uu9-assembly1_g	2.913E-01	1.881E-01	1.207E-01	2.279E-01	0.009	9.515E+00
xm2h	6mgp-assembly1_A	2.450E-01	2.062E-01	1.354E-01	2.391E-01	0.009	8.924E+00
xm2h	6wd8-assembly1_L	2.571E-01	2.059E-01	1.491E-01	2.456E-01	0.009	8.369E+00
xm2h	6nwo-assembly1_A	1.875E-01	1.191E-01	8.250E-02	1.861E-01	0.009	2.998E+00
xm2h	7ph9-assembly1_F	2.555E-01	1.785E-01	1.086E-01	2.708E-01	0.009	9.515E+00
xm2h	7phb-assembly1_F	2.188E-01	1.541E-01	1.093E-01	2.211E-01	0.009	6.072E+00
xm2h	1xja-assembly1_B	2.127E-01	1.927E-01	1.270E-01	2.225E-01	0.009	5.009E+00
xm2h	1xja-assembly3_E-2	2.572E-01	2.233E-01	1.387E-01	2.500E-01	0.009	8.369E+00
xm2h	5v28-assembly1_A	2.752E-01	1.800E-01	1.027E-01	2.160E-01	0.009	8.369E+00
xm2h	2bsf-assembly1_A	2.960E-01	1.572E-01	9.067E-02	2.077E-01	0.009	7.849E+00
xm2h	1d2o-assembly1_B	2.276E-01	1.501E-01	8.789E-02	1.946E-01	0.009	4.698E+00
xm2h	3jua-assembly4_G	2.383E-01	1.703E-01	9.151E-02	2.086E-01	0.009	6.475E+00
xm2h	6yam-assembly1_H	2.041E-01	1.721E-01	1.105E-01	2.781E-01	0.009	7.361E+00
xm2h	1dt0-assembly2_C-2	2.438E-01	2.002E-01	1.322E-01	2.748E-01	0.009	8.924E+00
xm2h	6weo-assembly7_H	2.827E-01	1.425E-01	7.925E-02	1.766E-01	0.009	5.695E+00
xm2h	4ctf-assembly1_C0	2.446E-01	1.737E-01	9.283E-02	2.155E-01	0.009	6.072E+00
xm2h	7ddw-assembly1_A	2.290E-01	1.425E-01	9.115E-02	2.440E-01	0.009	7.849E+00
xm2h	6m30-assembly3_F	2.239E-01	1.417E-01	9.095E-02	2.436E-01	0.009	7.849E+00
xm2h	1var-assembly1_A	2.589E-01	1.350E-01	8.663E-02	1.899E-01	0.009	6.072E+00
xm2h	2et1-assembly1_A	2.980E-01	1.960E-01	9.744E-02	2.268E-01	0.009	9.515E+00
xm2h	1xre-assembly1_B	2.196E-01	1.389E-01	8.907E-02	2.380E-01	0.009	6.072E+00
xm2h	3opd-assembly3_C	2.459E-01	1.908E-01	1.022E-01	2.377E-01	0.009	8.924E+00
xm2h	5f3k-assembly1_B	2.095E-01	2.024E-01	1.294E-01	2.219E-01	0.009	5.695E+00
xm2h	2cmr-assembly1_H	2.393E-01	1.921E-01	1.035E-01	2.332E-01	0.009	7.361E+00
xm2h	6gsc-assembly1_A	1.944E-01	1.523E-01	8.855E-02	2.671E-01	0.009	6.475E+00
xm2h	5ggz-assembly2_C	2.704E-01	2.142E-01	1.025E-01	2.498E-01	0.009	9.515E+00
xm2h	4wzg-assembly1_A	2.698E-01	2.329E-01	1.121E-01	2.483E-01	0.009	8.924E+00
xm2h	3mlh-assembly2_B	2.297E-01	1.834E-01	9.285E-02	2.352E-01	0.009	6.072E+00
xm2h	7zhg-assembly1_H	2.463E-01	1.655E-01	7.816E-02	2.656E-01	0.009	8.924E+00
xm2h	4ucb-assembly2_A	2.377E-01	1.906E-01	9.426E-02	2.488E-01	0.009	7.361E+00
xm2h	9e7f-assembly1_BH	2.731E-01	1.695E-01	8.701E-02	2.335E-01	0.009	9.515E+00
xm2h	4uc6-assembly2_B	2.480E-01	1.857E-01	9.433E-02	2.504E-01	0.009	7.849E+00
xm2h	3o14-assembly2_B	2.632E-01	1.630E-01	8.422E-02	2.192E-01	0.009	6.904E+00
xm2h	5d80-assembly1_G	2.214E-01	1.772E-01	1.021E-01	2.731E-01	0.009	8.369E+00
xm2h	1q3t-assembly1_A	2.294E-01	1.799E-01	8.956E-02	2.513E-01	0.009	7.849E+00
xm2h	4p5a-assembly1_D	1.980E-01	1.942E-01	9.586E-02	2.099E-01	0.009	4.698E+00
xm2h	4p5a-assembly1_A	2.056E-01	2.016E-01	9.324E-02	2.065E-01	0.009	4.698E+00
xm2h	4hy1-assembly2_B	3.382E-01	1.973E-01	8.785E-02	1.971E-01	0.009	9.515E+00
xm2h	4mvt-assembly3_C	2.087E-01	2.036E-01	9.408E-02	2.265E-01	0.009	5.009E+00
xm2h	5bkc-assembly1_B	2.313E-01	2.175E-01	8.955E-02	2.447E-01	0.009	7.849E+00
xm2h	5awu-assembly1_A	2.266E-01	1.833E-01	8.282E-02	2.319E-01	0.009	6.072E+00
xm2h	4hxz-assembly2_B	2.658E-01	1.896E-01	7.924E-02	1.839E-01	0.009	5.341E+00
xm2h	5ig9-assembly1_B	2.754E-01	2.386E-01	1.081E-01	2.533E-01	0.009	9.515E+00
xm2h	2c9o-assembly2_C	2.359E-01	1.834E-01	8.625E-02	2.475E-01	0.009	7.849E+00
xm2h	6id8-assembly1_A	2.797E-01	2.259E-01	8.314E-02	2.372E-01	0.009	9.515E+00
xm2h	6twh-assembly1_A	3.360E-01	1.833E-01	6.107E-02	1.747E-01	0.009	7.849E+00
xm2h	8tj6-assembly1_A	2.384E-01	1.876E-01	6.912E-02	2.471E-01	0.009	7.361E+00
xm2h	8tj7-assembly1_A	2.395E-01	1.830E-01	7.239E-02	2.443E-01	0.009	8.924E+00
xm2h	4uo5-assembly1_E	2.590E-01	2.006E-01	6.723E-02	2.267E-01	0.009	8.369E+00
xm2h	3sdy-assembly1_A	2.753E-01	2.143E-01	6.973E-02	2.331E-01	0.009	9.515E+00
xm2h	6v44-assembly1_E	2.438E-01	1.849E-01	6.933E-02	2.555E-01	0.009	9.515E+00
xm2h	6tvr-assembly1_A	3.094E-01	1.830E-01	6.015E-02	1.884E-01	0.009	8.369E+00
xm2h	5vmg-assembly1_A	2.175E-01	1.746E-01	7.291E-02	2.436E-01	0.009	6.904E+00
xm2h	5vtq-assembly1_A	2.478E-01	1.894E-01	7.224E-02	2.478E-01	0.009	9.515E+00
xm2h	4we5-assembly1_A	2.450E-01	1.862E-01	5.991E-02	2.298E-01	0.009	6.904E+00
xm2h	7a9d-assembly1_A	2.463E-01	1.919E-01	6.629E-02	2.352E-01	0.009	7.849E+00
xm2h	3qqo-assembly1_E	2.366E-01	1.835E-01	6.938E-02	2.537E-01	0.009	8.924E+00
xm2h	6twh-assembly1_E	3.110E-01	1.780E-01	5.766E-02	1.843E-01	0.009	7.361E+00
xm2h	5e32-assembly1_A	2.232E-01	1.813E-01	6.629E-02	2.226E-01	0.009	6.475E+00
xm2h	4gxx-assembly1_C	2.491E-01	1.943E-01	7.277E-02	2.595E-01	0.009	8.924E+00
xm2h	4juj-assembly1_C	2.485E-01	1.929E-01	7.223E-02	2.545E-01	0.009	8.369E+00
xm2h	6uyn-assembly1_A	2.336E-01	1.854E-01	7.313E-02	2.465E-01	0.009	7.849E+00
xm2h	1juh-assembly2_D-2	2.623E-01	1.714E-01	5.796E-02	2.165E-01	0.009	7.849E+00
xm2h	6lvs-assembly6_F	3.010E-01	1.550E-01	6.202E-02	2.057E-01	0.009	8.924E+00
xm2h	1gqg-assembly2_D	2.619E-01	1.715E-01	5.748E-02	2.171E-01	0.009	7.849E+00
xm2h	1gqh-assembly2_C	2.634E-01	1.720E-01	5.753E-02	2.166E-01	0.009	8.369E+00
xm2h	1gqg-assembly2_B	2.624E-01	1.716E-01	5.739E-02	2.176E-01	0.009	7.849E+00
xm2h	1gqh-assembly1_B	2.635E-01	1.719E-01	5.734E-02	2.198E-01	0.009	7.849E+00
xm2h	8grf-assembly1_C	2.625E-01	2.399E-01	9.414E-02	2.311E-01	0.009	7.849E+00
xm2h	1h1m-assembly1_C	2.618E-01	1.713E-01	5.602E-02	2.170E-01	0.009	6.904E+00
xm2h	1h1i-assembly2_B	2.621E-01	1.714E-01	5.561E-02	2.181E-01	0.009	7.849E+00
xm2h	8x7d-assembly2_B	2.927E-01	1.585E-01	5.116E-02	2.088E-01	0.009	8.369E+00
xm2h	9gof-assembly1_C	3.002E-01	1.883E-01	5.591E-02	2.221E-01	0.009	8.924E+00
xm2h	7jqe-assembly1_A-2	2.326E-01	1.701E-01	6.378E-02	2.316E-01	0.009	7.361E+00
xm2h	5frq-assembly1_C	2.456E-01	2.338E-01	8.106E-02	2.585E-01	0.009	9.515E+00
xm2h	4hy1-assembly1_A	2.663E-01	1.905E-01	6.422E-02	1.759E-01	0.009	4.698E+00
xm2h	4hym-assembly1_A	2.664E-01	1.900E-01	6.416E-02	1.787E-01	0.009	5.341E+00
xm2h	2zkl-assembly1_A-2	2.952E-01	1.906E-01	5.746E-02	2.130E-01	0.009	8.924E+00
xm2h	6e9b-assembly4_D	2.549E-01	2.084E-01	7.957E-02	2.628E-01	0.009	8.924E+00
xm2h	8ghk-assembly1_C	2.698E-01	2.133E-01	6.343E-02	2.204E-01	0.009	8.369E+00
xm2h	6pth-assembly1_A-2	2.181E-01	2.144E-01	7.843E-02	2.467E-01	0.009	6.072E+00
xm2h	5g48-assembly2_A-3	2.425E-01	2.309E-01	7.776E-02	2.498E-01	0.009	7.849E+00
xm2h	8q6v-assembly1_A	2.570E-01	1.673E-01	5.429E-02	2.339E-01	0.009	7.849E+00
xm2h	8dt6-assembly1_B	2.467E-01	2.254E-01	7.538E-02	2.574E-01	0.009	8.924E+00
xm2h	7lo2-assembly1_D	2.409E-01	1.956E-01	7.705E-02	2.685E-01	0.009	9.515E+00
xm2h	5t8t-assembly1_B	2.330E-01	1.875E-01	6.651E-02	2.728E-01	0.009	9.515E+00
xm2h	3zkd-assembly4_B	2.892E-01	2.092E-01	7.331E-02	2.282E-01	0.009	9.515E+00
xm2h	3zkd-assembly2_H	2.664E-01	1.824E-01	6.524E-02	2.181E-01	0.009	8.924E+00
xm2h	2ea7-assembly1_C	3.050E-01	1.884E-01	5.128E-02	2.068E-01	0.009	8.369E+00
xm2h	5ulj-assembly4_D	2.516E-01	1.751E-01	5.355E-02	2.232E-01	0.009	7.361E+00
xm2h	3zkb-assembly6_H	2.662E-01	1.831E-01	6.438E-02	2.133E-01	0.009	7.361E+00
xm2h	5xwt-assembly1_A	3.008E-01	1.753E-01	5.368E-02	1.906E-01	0.009	6.904E+00
xm2h	4fmv-assembly1_A	2.240E-01	1.498E-01	4.828E-02	1.830E-01	0.009	4.406E+00
xm2h	3zkb-assembly4_E	2.702E-01	1.837E-01	6.343E-02	2.178E-01	0.009	8.369E+00
xm2h	3zkd-assembly1_C	2.787E-01	1.818E-01	5.969E-02	2.147E-01	0.009	7.849E+00
xm2h	4y61-assembly1_A	2.982E-01	1.737E-01	5.247E-02	1.862E-01	0.009	6.475E+00
xm2h	5h9u-assembly1_A	2.127E-01	1.855E-01	7.365E-02	2.747E-01	0.009	8.369E+00
xm2h	8vg9-assembly1_A	2.237E-01	1.633E-01	5.016E-02	1.791E-01	0.009	3.634E+00
xm2h	8sm0-assembly1_G	2.414E-01	1.992E-01	5.899E-02	2.476E-01	0.009	8.369E+00
xm2h	7q05-assembly1_E	2.361E-01	1.763E-01	7.505E-02	2.442E-01	0.009	7.849E+00
xm2h	5i2s-assembly1_A	2.565E-01	1.973E-01	4.751E-02	1.846E-01	0.009	4.698E+00
xm2h	8fbp-assembly1_H	2.338E-01	1.932E-01	4.276E-02	2.187E-01	0.009	6.072E+00
xm2h	8fbp-assembly1_K	1.849E-01	1.691E-01	5.222E-02	2.015E-01	0.009	2.998E+00
xm2h	5aww-assembly1_Y	2.951E-01	2.132E-01	5.796E-02	2.312E-01	0.009	9.515E+00
xm2h	6d8w-assembly1_D	2.447E-01	1.911E-01	5.612E-02	2.536E-01	0.009	8.924E+00
xm2h	4dys-assembly1_C	2.220E-01	1.873E-01	7.103E-02	2.591E-01	0.009	7.361E+00
xm2h	5imw-assembly2_B	2.959E-01	2.502E-01	6.546E-02	2.237E-01	0.009	8.924E+00
xm2h	4xyc-assembly1_N	3.060E-01	1.653E-01	4.964E-02	2.028E-01	0.009	8.369E+00
xm2h	4xyc-assembly1_A	3.058E-01	1.650E-01	4.935E-02	2.024E-01	0.009	7.849E+00
xm2h	6hqj-assembly1_A	2.047E-01	1.991E-01	5.504E-02	2.225E-01	0.009	5.341E+00
xm2h	6osr-assembly2_F	2.498E-01	1.940E-01	5.239E-02	2.506E-01	0.009	8.369E+00
xm2h	2wr5-assembly1_B	2.609E-01	2.067E-01	5.030E-02	2.186E-01	0.009	7.849E+00
xm2h	6mym-assembly1_B	2.261E-01	1.859E-01	4.844E-02	2.198E-01	0.009	6.475E+00
xm2h	2wr4-assembly1_C	2.615E-01	2.069E-01	4.908E-02	2.198E-01	0.009	6.904E+00
xm2h	5k9k-assembly1_I	2.325E-01	1.834E-01	5.093E-02	2.485E-01	0.009	6.904E+00
xm2h	7dkj-assembly1_A	2.708E-01	2.146E-01	4.911E-02	2.238E-01	0.009	7.849E+00
xm2h	2eo7-assembly1_A	2.155E-01	1.484E-01	3.947E-02	1.970E-01	0.009	4.698E+00
xm2h	4f23-assembly1_C	2.912E-01	2.229E-01	4.861E-02	2.271E-01	0.009	9.515E+00
xm2h	2yjq-assembly1_A	2.280E-01	1.554E-01	3.945E-02	1.860E-01	0.009	3.875E+00
xm2h	4qaw-assembly5_E	2.388E-01	1.575E-01	3.795E-02	1.832E-01	0.009	5.009E+00
xm2h	4qaw-assembly3_C	2.334E-01	1.559E-01	3.770E-02	1.887E-01	0.009	4.406E+00
xm2h	7xsh-assembly1_A	2.811E-01	1.832E-01	4.046E-02	2.293E-01	0.009	9.515E+00
xm2h	1ecl-assembly1_A	2.224E-01	1.493E-01	4.326E-02	2.071E-01	0.009	5.341E+00
xm2h	1mw8-assembly1_X	2.718E-01	1.813E-01	4.289E-02	2.251E-01	0.009	8.924E+00
xm2h	4yh7-assembly1_A	3.122E-01	1.765E-01	3.658E-02	1.944E-01	0.009	8.924E+00
xm2h	8e72-assembly1_B-2	2.741E-01	2.160E-01	4.943E-02	2.272E-01	0.009	8.924E+00
xm2h	6leg-assembly1_C	2.762E-01	2.192E-01	5.013E-02	2.393E-01	0.009	8.924E+00
xm2h	9fmt-assembly1_E	2.793E-01	1.608E-01	3.759E-02	1.724E-01	0.009	5.009E+00
xm2h	6uwi-assembly1_I	3.127E-01	1.808E-01	3.256E-02	1.825E-01	0.009	6.904E+00
xm2h	8dhe-assembly1_C	2.574E-01	1.990E-01	4.097E-02	2.606E-01	0.009	8.924E+00
xm2h	8ayr-assembly2_B	3.167E-01	1.727E-01	3.134E-02	1.950E-01	0.009	8.924E+00
xm2h	3w5g-assembly2_B	2.279E-01	1.484E-01	2.824E-02	2.198E-01	0.009	6.475E+00
xm2h	8h2m-assembly1_A	2.567E-01	1.853E-01	3.858E-02	2.500E-01	0.009	8.369E+00
xm2h	5ah5-assembly2_A	2.912E-01	1.532E-01	2.277E-02	2.144E-01	0.009	8.369E+00
xm2h	4c90-assembly1_B	2.930E-01	1.939E-01	2.671E-02	1.998E-01	0.009	7.849E+00
xm2h	4arc-assembly1_A	2.402E-01	1.223E-01	2.264E-02	1.952E-01	0.009	5.009E+00
xm2h	7pxq-assembly1_A-2	3.057E-01	2.095E-01	3.222E-02	1.943E-01	0.009	8.924E+00
xm2h	4c90-assembly1_A	2.875E-01	1.857E-01	2.443E-02	2.017E-01	0.009	8.369E+00
xm2h	8e2e-assembly1_B	2.491E-01	1.644E-01	3.023E-02	1.768E-01	0.009	5.341E+00
xm2h	7pug-assembly1_A	2.744E-01	1.932E-01	3.257E-02	2.201E-01	0.009	9.515E+00
xm2h	2vqu-assembly1_A	3.929E-01	1.048E-01	1.572E-02	1.330E-01	0.009	7.361E+00
xm2h	6nzg-assembly1_B	2.158E-01	1.494E-01	2.298E-02	2.081E-01	0.009	5.341E+00
xm2h	5mgd-assembly1_A	1.984E-01	1.494E-01	2.381E-02	1.834E-01	0.009	2.637E+00
xm2h	6za2-assembly1_B	2.652E-01	2.157E-01	2.657E-02	2.040E-01	0.009	6.475E+00
xm2h	6gav-assembly1_A	2.657E-01	1.854E-01	2.525E-02	2.120E-01	0.009	8.369E+00
xm2h	5g04-assembly1_A	3.166E-01	1.482E-01	1.714E-02	2.054E-01	0.009	9.515E+00
xm2h	7moq-assembly1_C	2.806E-01	1.460E-01	6.797E-03	2.124E-01	0.009	8.924E+00
xm2h	3fcg-assembly1_A	2.603E-01	1.378E-01	1.590E-01	1.980E-01	0.008	9.515E+00
xm2h	7vrr-assembly1_C	1.926E-01	1.807E-01	1.865E-01	2.039E-01	0.008	5.009E+00
xm2h	8qb1-assembly1_A	3.543E-01	1.235E-01	1.248E-01	1.410E-01	0.008	8.924E+00
xm2h	1aw8-assembly1_B	2.671E-01	1.839E-01	1.815E-01	2.183E-01	0.008	9.515E+00
xm2h	7vrr-assembly1_D	2.377E-01	2.306E-01	2.261E-01	2.165E-01	0.008	8.369E+00
xm2h	3tm7-assembly1_D	2.735E-01	1.729E-01	1.596E-01	1.875E-01	0.008	8.924E+00
xm2h	3d82-assembly1_E	1.638E-01	1.201E-01	1.089E-01	2.383E-01	0.008	5.009E+00
xm2h	1sjv-assembly1_A	2.648E-01	1.981E-01	1.747E-01	2.214E-01	0.008	9.515E+00
xm2h	2q30-assembly1_A	2.714E-01	1.803E-01	1.554E-01	1.953E-01	0.008	8.369E+00
xm2h	5wse-assembly2_C	2.237E-01	1.370E-01	1.152E-01	1.614E-01	0.008	4.698E+00
xm2h	5c9b-assembly1_D	2.719E-01	1.647E-01	1.349E-01	2.120E-01	0.008	9.515E+00
xm2h	8hjy-assembly1_B	2.458E-01	1.658E-01	1.350E-01	2.057E-01	0.008	8.924E+00
xm2h	5od4-assembly1_A	2.887E-01	1.977E-01	1.476E-01	1.857E-01	0.008	8.924E+00
xm2h	5c9b-assembly1_B	2.592E-01	1.604E-01	1.239E-01	2.127E-01	0.008	8.369E+00
xm2h	5c9f-assembly1_C	2.666E-01	1.625E-01	1.228E-01	2.163E-01	0.008	9.515E+00
xm2h	3m7o-assembly1_A	2.900E-01	1.346E-01	1.023E-01	1.584E-01	0.008	6.072E+00
xm2h	7poj-assembly1_C	2.702E-01	1.603E-01	1.075E-01	1.927E-01	0.008	8.924E+00
xm2h	7pas-assembly1_F	2.385E-01	1.761E-01	1.174E-01	2.232E-01	0.008	8.369E+00
xm2h	7pir-assembly1_F	2.406E-01	1.821E-01	1.204E-01	2.104E-01	0.008	7.361E+00
xm2h	8uu4-assembly1_g	1.943E-01	1.329E-01	9.478E-02	2.049E-01	0.008	4.406E+00
xm2h	4v4i-assembly1_h	2.120E-01	1.722E-01	1.159E-01	2.478E-01	0.008	8.924E+00
xm2h	2izv-assembly1_A	2.355E-01	1.546E-01	1.013E-01	2.259E-01	0.008	8.924E+00
xm2h	3bm2-assembly1_B	1.844E-01	1.827E-01	1.140E-01	2.372E-01	0.008	5.695E+00
xm2h	4b6c-assembly2_B	2.688E-01	1.852E-01	1.224E-01	2.148E-01	0.008	8.924E+00
xm2h	6gff-assembly1_A	2.111E-01	2.057E-01	1.391E-01	2.499E-01	0.008	8.924E+00
xm2h	7anj-assembly1_A	2.176E-01	2.048E-01	1.150E-01	2.328E-01	0.008	8.369E+00
xm2h	2n80-assembly1_B	2.537E-01	1.470E-01	8.887E-02	1.679E-01	0.008	6.072E+00
xm2h	3vr6-assembly1_G	2.200E-01	1.717E-01	1.087E-01	2.402E-01	0.008	7.849E+00
xm2h	5u55-assembly1_B	2.555E-01	1.594E-01	8.725E-02	2.002E-01	0.008	8.369E+00
xm2h	7azr-assembly1_E	2.303E-01	1.419E-01	8.728E-02	2.309E-01	0.008	8.924E+00
xm2h	4j2g-assembly3_A	2.309E-01	2.144E-01	1.345E-01	2.102E-01	0.008	7.361E+00
xm2h	2cdy-assembly2_B	2.249E-01	1.373E-01	8.798E-02	2.393E-01	0.008	8.369E+00
xm2h	5lr1-assembly1_A	2.493E-01	1.880E-01	9.372E-02	2.347E-01	0.008	9.515E+00
xm2h	6pyd-assembly1_H	2.722E-01	1.770E-01	8.424E-02	1.904E-01	0.008	8.369E+00
xm2h	3ifv-assembly1_A	2.322E-01	2.209E-01	1.197E-01	2.584E-01	0.008	9.515E+00
xm2h	8tly-assembly1_A	2.014E-01	1.751E-01	9.220E-02	2.711E-01	0.008	9.515E+00
xm2h	3f79-assembly2_C	1.948E-01	1.668E-01	7.906E-02	2.183E-01	0.008	5.695E+00
xm2h	6jkv-assembly1_A	2.059E-01	1.840E-01	8.566E-02	2.252E-01	0.008	6.475E+00
xm2h	6sqj-assembly1_B	2.517E-01	1.426E-01	8.444E-02	1.960E-01	0.008	7.361E+00
xm2h	3ifv-assembly1_C	2.328E-01	2.262E-01	1.159E-01	2.482E-01	0.008	9.515E+00
xm2h	3g2o-assembly1_A	2.378E-01	1.753E-01	8.030E-02	2.077E-01	0.008	8.369E+00
xm2h	6tm8-assembly1_A	2.544E-01	1.470E-01	8.394E-02	1.975E-01	0.008	7.849E+00
xm2h	3g2q-assembly1_A	2.383E-01	1.755E-01	7.953E-02	2.070E-01	0.008	8.369E+00
xm2h	1yyp-assembly1_A-2	1.971E-01	1.899E-01	9.584E-02	2.493E-01	0.008	7.849E+00
xm2h	1nx8-assembly1_B-2	1.833E-01	1.767E-01	9.163E-02	2.563E-01	0.008	7.361E+00
xm2h	5bkd-assembly1_B	2.312E-01	2.174E-01	8.876E-02	2.515E-01	0.008	9.515E+00
xm2h	6xpz-assembly1_A	2.510E-01	2.013E-01	8.155E-02	2.233E-01	0.008	8.924E+00
xm2h	8ihg-assembly1_D	2.229E-01	1.733E-01	7.215E-02	2.204E-01	0.008	7.849E+00
xm2h	8d8l-assembly1_4	2.501E-01	1.702E-01	7.189E-02	2.308E-01	0.008	9.515E+00
xm2h	8svq-assembly1_A	2.424E-01	1.638E-01	7.252E-02	2.062E-01	0.008	8.369E+00
xm2h	8svt-assembly1_B	2.297E-01	1.747E-01	8.277E-02	2.306E-01	0.008	8.924E+00
xm2h	6mn6-assembly1_A	2.631E-01	1.599E-01	6.684E-02	1.789E-01	0.008	6.904E+00
xm2h	8xck-assembly1_F	2.592E-01	1.523E-01	6.075E-02	1.690E-01	0.008	6.475E+00
xm2h	4cz0-assembly1_C	2.621E-01	2.151E-01	7.495E-02	2.238E-01	0.008	9.515E+00
xm2h	6tvc-assembly1_E	2.527E-01	1.994E-01	6.774E-02	2.228E-01	0.008	9.515E+00
xm2h	3hto-assembly1_A	2.519E-01	1.983E-01	7.142E-02	2.171E-01	0.008	8.924E+00
xm2h	2y5b-assembly2_E	2.879E-01	1.249E-01	4.556E-02	1.484E-01	0.008	6.072E+00
xm2h	1hge-assembly1_E	2.586E-01	2.024E-01	6.644E-02	2.291E-01	0.008	9.515E+00
xm2h	3v6e-assembly1_A	2.797E-01	1.292E-01	4.590E-02	1.526E-01	0.008	6.475E+00
xm2h	6v49-assembly1_E	2.441E-01	1.963E-01	6.822E-02	2.300E-01	0.008	9.515E+00
xm2h	2a9d-assembly1_A	2.534E-01	1.864E-01	6.439E-02	1.946E-01	0.008	7.849E+00
xm2h	5g4q-assembly2_B	1.964E-01	1.875E-01	7.054E-02	2.456E-01	0.008	8.369E+00
xm2h	3f7a-assembly1_B	1.921E-01	1.667E-01	6.344E-02	2.351E-01	0.008	6.904E+00
xm2h	3zkd-assembly1_D	2.723E-01	1.800E-01	6.082E-02	2.131E-01	0.008	9.515E+00
xm2h	3zkb-assembly8_M	2.750E-01	1.826E-01	6.057E-02	2.125E-01	0.008	9.515E+00
xm2h	3lx9-assembly1_B	2.835E-01	2.051E-01	6.090E-02	2.003E-01	0.008	9.515E+00
xm2h	4a8c-assembly1_J	2.812E-01	1.176E-01	4.065E-02	1.843E-01	0.008	8.924E+00
xm2h	5mdm-assembly2_C	1.839E-01	1.336E-01	3.988E-02	1.802E-01	0.008	2.998E+00
xm2h	7q04-assembly1_E	2.357E-01	1.687E-01	7.381E-02	2.251E-01	0.008	8.369E+00
xm2h	5ix2-assembly1_B	2.406E-01	1.773E-01	6.572E-02	2.273E-01	0.008	9.515E+00
xm2h	6hg9-assembly1_B-2	3.157E-01	1.643E-01	4.261E-02	1.708E-01	0.008	9.515E+00
xm2h	6o1e-assembly1_A-2	2.411E-01	1.824E-01	6.204E-02	2.345E-01	0.008	8.924E+00
xm2h	8ouj-assembly1_A	2.572E-01	1.555E-01	4.471E-02	2.019E-01	0.008	9.515E+00
xm2h	6org-assembly2_B	2.871E-01	1.730E-01	4.853E-02	1.946E-01	0.008	9.515E+00
xm2h	5zre-assembly1_A	2.305E-01	1.541E-01	3.883E-02	2.015E-01	0.008	6.072E+00
xm2h	2wr2-assembly1_C	2.202E-01	1.755E-01	5.099E-02	2.503E-01	0.008	8.369E+00
xm2h	2wr2-assembly1_B	2.624E-01	2.077E-01	4.853E-02	2.167E-01	0.008	9.515E+00
xm2h	8xhh-assembly1_A	2.625E-01	2.073E-01	4.782E-02	2.199E-01	0.008	8.924E+00
xm2h	5ykc-assembly1_A	2.099E-01	1.728E-01	4.434E-02	2.230E-01	0.008	6.904E+00
xm2h	5k9k-assembly2_F	2.106E-01	1.745E-01	4.981E-02	2.405E-01	0.008	7.361E+00
xm2h	1cy7-assembly1_A	2.233E-01	1.477E-01	4.215E-02	2.081E-01	0.008	7.361E+00
xm2h	5yjh-assembly1_A-2	3.006E-01	1.195E-01	2.687E-02	1.687E-01	0.008	7.849E+00
xm2h	9fmt-assembly1_C	2.866E-01	1.796E-01	4.013E-02	1.813E-01	0.008	7.361E+00
xm2h	7exg-assembly1_B	2.340E-01	1.783E-01	4.093E-02	2.232E-01	0.008	8.924E+00
xm2h	8qdq-assembly1_A	2.379E-01	2.014E-01	3.308E-02	2.333E-01	0.008	9.515E+00
xm2h	2vl4-assembly1_A	3.929E-01	1.043E-01	1.570E-02	1.338E-01	0.008	8.924E+00
xm2h	2vqt-assembly1_A	3.913E-01	1.052E-01	1.568E-02	1.344E-01	0.008	8.924E+00
xm2h	5uj6-assembly1_A	2.164E-01	1.495E-01	2.302E-02	2.081E-01	0.008	6.904E+00
xm2h	2vmf-assembly2_B	3.751E-01	1.054E-01	1.566E-02	1.334E-01	0.008	8.369E+00
xm2h	2vqu-assembly2_B	3.805E-01	1.054E-01	1.570E-02	1.340E-01	0.008	7.361E+00
xm2h	2byt-assembly1_A	2.003E-01	1.683E-01	2.454E-02	1.945E-01	0.008	5.341E+00
xm2h	3zqj-assembly5_E	1.988E-01	1.642E-01	2.909E-02	2.330E-01	0.008	6.475E+00
xm2h	8ato-assembly1_B	2.521E-01	1.662E-01	9.899E-03	1.787E-01	0.008	7.361E+00
xm2h	2vpv-assembly1_B	2.662E-01	1.650E-01	1.612E-01	1.925E-01	0.007	9.515E+00
xm2h	7vmf-assembly1_E	1.964E-01	1.917E-01	1.830E-01	2.139E-01	0.007	8.924E+00
xm2h	5wsf-assembly2_C	2.006E-01	1.368E-01	1.166E-01	1.658E-01	0.007	4.698E+00
xm2h	1o4t-assembly1_B	1.991E-01	1.343E-01	1.135E-01	1.814E-01	0.007	6.475E+00
xm2h	1jhl-assembly1_H	2.708E-01	1.918E-01	1.529E-01	1.856E-01	0.007	9.515E+00
xm2h	6u51-assembly1_C	2.154E-01	1.950E-01	1.568E-01	2.088E-01	0.007	8.369E+00
xm2h	7tl0-assembly1_H	2.575E-01	1.758E-01	1.360E-01	1.961E-01	0.007	9.515E+00
xm2h	7ay3-assembly1_A	2.661E-01	1.641E-01	1.290E-01	1.744E-01	0.007	8.369E+00
xm2h	6dfd-assembly1_B	2.072E-01	1.541E-01	1.248E-01	1.759E-01	0.007	5.341E+00
xm2h	3ogj-assembly1_D-2	1.833E-01	1.576E-01	1.207E-01	1.972E-01	0.007	5.341E+00
xm2h	6g52-assembly4_D	2.645E-01	1.434E-01	1.069E-01	1.690E-01	0.007	8.369E+00
xm2h	3rg1-assembly3_K	1.928E-01	1.326E-01	1.030E-01	1.648E-01	0.007	5.009E+00
xm2h	8uu6-assembly1_g	2.344E-01	1.430E-01	1.076E-01	1.839E-01	0.007	8.369E+00
xm2h	3idb-assembly1_B	2.629E-01	1.689E-01	1.081E-01	1.828E-01	0.007	9.515E+00
xm2h	6rao-assembly1_F	2.161E-01	1.327E-01	9.119E-02	1.610E-01	0.007	6.072E+00
xm2h	6g52-assembly3_B	2.636E-01	1.445E-01	9.984E-02	1.729E-01	0.007	8.924E+00
xm2h	3es1-assembly1_A-2	2.414E-01	1.563E-01	8.933E-02	1.741E-01	0.007	7.361E+00
xm2h	7umo-assembly4_D	2.655E-01	1.380E-01	8.628E-02	1.720E-01	0.007	9.515E+00
xm2h	7umo-assembly6_F	2.579E-01	1.395E-01	8.949E-02	1.704E-01	0.007	7.849E+00
xm2h	6gjt-assembly1_C	2.455E-01	1.582E-01	1.002E-01	1.652E-01	0.007	7.361E+00
xm2h	7oxr-assembly1_A	2.151E-01	1.659E-01	1.081E-01	1.699E-01	0.007	5.695E+00
xm2h	4qgm-assembly1_A	1.750E-01	1.690E-01	1.040E-01	2.151E-01	0.007	7.361E+00
xm2h	6gjt-assembly2_F	2.453E-01	1.582E-01	9.733E-02	1.654E-01	0.007	7.849E+00
xm2h	1xe8-assembly2_C-2	1.999E-01	1.374E-01	7.603E-02	1.822E-01	0.007	6.475E+00
xm2h	3mh5-assembly1_A	2.825E-01	1.132E-01	6.909E-02	1.786E-01	0.007	9.515E+00
xm2h	6m1s-assembly2_B	2.361E-01	1.545E-01	9.085E-02	1.714E-01	0.007	6.904E+00
xm2h	1ap5-assembly1_A	2.590E-01	1.358E-01	8.708E-02	1.898E-01	0.007	9.515E+00
xm2h	1doa-assembly1_B	2.677E-01	1.520E-01	8.154E-02	1.616E-01	0.007	9.515E+00
xm2h	3u0t-assembly2_B	2.421E-01	1.588E-01	7.559E-02	1.848E-01	0.007	9.515E+00
xm2h	5i1a-assembly2_A	2.249E-01	1.804E-01	1.016E-01	1.933E-01	0.007	7.361E+00
xm2h	3ixt-assembly2_A	2.352E-01	1.677E-01	8.413E-02	1.833E-01	0.007	9.515E+00
xm2h	8q68-assembly1_A	2.099E-01	1.348E-01	6.735E-02	1.941E-01	0.007	7.361E+00
xm2h	7pi3-assembly2_K	2.557E-01	1.688E-01	7.613E-02	1.787E-01	0.007	9.515E+00
xm2h	3es2-assembly1_A	2.240E-01	1.240E-01	6.502E-02	1.878E-01	0.007	7.361E+00
xm2h	4hym-assembly2_B	2.493E-01	1.650E-01	8.222E-02	1.600E-01	0.007	6.072E+00
xm2h	2xqb-assembly1_H	2.572E-01	1.642E-01	7.534E-02	1.813E-01	0.007	8.924E+00
xm2h	7rym-assembly1_C	2.272E-01	1.836E-01	9.088E-02	2.101E-01	0.007	9.515E+00
xm2h	3f79-assembly3_E	2.476E-01	1.651E-01	7.450E-02	1.987E-01	0.007	8.924E+00
xm2h	6rpy-assembly1_A	2.551E-01	1.467E-01	6.641E-02	1.699E-01	0.007	7.361E+00
xm2h	7qtg-assembly1_A	1.836E-01	1.721E-01	7.821E-02	2.210E-01	0.007	6.904E+00
xm2h	1nx4-assembly1_B-2	1.894E-01	1.826E-01	9.384E-02	2.554E-01	0.007	8.924E+00
xm2h	3kzl-assembly1_A	1.928E-01	1.783E-01	8.040E-02	2.191E-01	0.007	8.369E+00
xm2h	6mbg-assembly1_A	2.467E-01	1.725E-01	7.549E-02	1.932E-01	0.007	8.924E+00
xm2h	3fe5-assembly1_A	2.173E-01	1.501E-01	6.293E-02	2.080E-01	0.007	7.849E+00
xm2h	7ype-assembly1_A	2.037E-01	1.969E-01	8.594E-02	2.045E-01	0.007	8.369E+00
xm2h	2hd5-assembly1_A	2.748E-01	1.275E-01	4.745E-02	1.511E-01	0.007	7.361E+00
xm2h	6n7e-assembly1_D	2.505E-01	1.369E-01	5.071E-02	1.627E-01	0.007	7.849E+00
xm2h	3v6c-assembly1_A	2.866E-01	1.296E-01	4.609E-02	1.520E-01	0.007	7.361E+00
xm2h	5xve-assembly1_A	2.833E-01	1.306E-01	4.573E-02	1.493E-01	0.007	8.924E+00
xm2h	3nhe-assembly1_A	2.809E-01	1.309E-01	4.489E-02	1.499E-01	0.007	7.849E+00
xm2h	4fah-assembly1_A	2.526E-01	1.611E-01	5.420E-02	1.899E-01	0.007	9.515E+00
xm2h	5cad-assembly1_A	2.641E-01	1.590E-01	5.147E-02	1.877E-01	0.007	9.515E+00
xm2h	6fig-assembly1_A	1.824E-01	1.694E-01	5.681E-02	2.268E-01	0.007	7.849E+00
xm2h	8fbp-assembly1_C	1.858E-01	1.690E-01	4.647E-02	1.930E-01	0.007	5.695E+00
xm2h	6hqi-assembly1_A	1.993E-01	1.401E-01	3.928E-02	1.881E-01	0.007	6.904E+00
xm2h	6els-assembly1_A	1.864E-01	1.793E-01	5.087E-02	2.129E-01	0.007	6.904E+00
xm2h	1sox-assembly1_A	2.516E-01	1.854E-01	5.294E-02	1.941E-01	0.007	8.924E+00
xm2h	5k9o-assembly1_I	1.777E-01	1.678E-01	5.197E-02	2.451E-01	0.007	8.924E+00
xm2h	9g8d-assembly1_A	1.836E-01	1.287E-01	4.342E-02	2.121E-01	0.007	6.475E+00
xm2h	3zq9-assembly1_A	2.100E-01	1.434E-01	3.740E-02	1.743E-01	0.007	5.695E+00
xm2h	4qaw-assembly7_G	2.381E-01	1.551E-01	3.773E-02	1.833E-01	0.007	8.369E+00
xm2h	5of9-assembly1_A	2.384E-01	1.831E-01	5.083E-02	2.034E-01	0.007	9.515E+00
xm2h	5of9-assembly1_B	2.374E-01	1.832E-01	5.061E-02	2.014E-01	0.007	9.515E+00
xm2h	5ofb-assembly1_B	2.380E-01	1.829E-01	5.037E-02	2.051E-01	0.007	8.924E+00
xm2h	3pwt-assembly1_A	2.226E-01	1.485E-01	4.235E-02	2.094E-01	0.007	8.369E+00
xm2h	6bjw-assembly1_A	2.196E-01	1.525E-01	3.503E-02	2.000E-01	0.007	7.849E+00
xm2h	6yg8-assembly1_D	2.655E-01	1.576E-01	3.380E-02	1.702E-01	0.007	7.849E+00
xm2h	8get-assembly1_C	2.264E-01	1.451E-01	3.231E-02	1.861E-01	0.007	8.369E+00
xm2h	5t98-assembly2_B	2.249E-01	1.457E-01	3.180E-02	1.959E-01	0.007	8.369E+00
xm2h	1obh-assembly1_A	2.247E-01	1.582E-01	2.443E-02	1.850E-01	0.007	7.849E+00
xm2h	3htx-assembly1_A	1.835E-01	1.829E-01	5.142E-02	2.668E-01	0.007	9.515E+00
xm2h	6dxu-assembly1_D	1.791E-01	1.329E-01	3.211E-02	2.086E-01	0.007	6.072E+00
xm2h	7wrg-assembly1_A	2.293E-01	1.712E-01	2.895E-02	2.129E-01	0.007	8.924E+00
xm2h	3zju-assembly1_A	2.177E-01	1.223E-01	2.115E-02	1.949E-01	0.007	6.904E+00
xm2h	2wbk-assembly1_A	3.050E-01	1.121E-01	1.953E-02	1.290E-01	0.007	7.361E+00
xm2h	3zgz-assembly2_D	2.484E-01	1.164E-01	1.896E-02	1.919E-01	0.007	8.924E+00
xm2h	7e2c-assembly1_J	2.444E-01	1.397E-01	1.985E-02	1.706E-01	0.007	8.924E+00
xm2h	7e93-assembly1_U	2.444E-01	1.397E-01	1.985E-02	1.706E-01	0.007	8.924E+00
xm2h	8u01-assembly1_A	2.917E-01	1.456E-01	2.176E-02	1.613E-01	0.007	9.515E+00
xm2h	8e2d-assembly1_B	2.485E-01	1.641E-01	1.405E-02	1.765E-01	0.007	7.849E+00
xm2h	4m6a-assembly5_I	2.770E-01	1.263E-01	1.337E-01	1.391E-01	0.000	9.515E+00
xm2h	2yjl-assembly1_A	1.982E-01	1.154E-01	9.883E-02	1.627E-01	0.000	6.072E+00
xm2h	8awn-assembly1_A-2	2.230E-01	1.369E-01	1.148E-01	1.616E-01	0.000	7.361E+00
xm2h	4dy5-assembly1_A	1.995E-01	1.966E-01	1.694E-01	1.894E-01	0.000	9.515E+00
xm2h	6pbk-assembly1_C-3	1.855E-01	1.244E-01	1.017E-01	1.831E-01	0.000	7.849E+00
xm2h	5tug-assembly1_C-2	1.850E-01	1.239E-01	1.025E-01	1.826E-01	0.000	8.369E+00
xm2h	2pyt-assembly1_B	1.742E-01	1.229E-01	9.327E-02	1.883E-01	0.000	6.904E+00
xm2h	3b2d-assembly1_D	2.739E-01	1.350E-01	9.593E-02	1.530E-01	0.000	9.515E+00
xm2h	6g52-assembly7_G	2.222E-01	1.394E-01	1.024E-01	1.637E-01	0.000	7.849E+00
xm2h	4jdn-assembly1_C	2.350E-01	1.536E-01	1.056E-01	1.451E-01	0.000	8.369E+00
xm2h	6cu0-assembly1_A	2.096E-01	1.463E-01	9.929E-02	1.717E-01	0.000	8.924E+00
xm2h	6m8m-assembly1_A	1.754E-01	1.278E-01	8.053E-02	1.523E-01	0.000	4.406E+00
xm2h	6gjt-assembly1_B	2.358E-01	1.524E-01	9.204E-02	1.604E-01	0.000	8.369E+00
xm2h	6gjt-assembly1_A	2.454E-01	1.582E-01	9.498E-02	1.653E-01	0.000	8.924E+00
xm2h	4kfg-assembly1_A	2.385E-01	1.737E-01	1.043E-01	1.796E-01	0.000	9.515E+00
xm2h	3f79-assembly1_B	1.957E-01	1.637E-01	7.807E-02	2.146E-01	0.000	9.515E+00
xm2h	3g2m-assembly1_A	2.009E-01	1.504E-01	7.531E-02	1.891E-01	0.000	9.515E+00
xm2h	3wew-assembly1_A	1.470E-01	1.454E-01	9.473E-02	2.185E-01	0.000	5.695E+00
xm2h	1rc6-assembly1_A	2.094E-01	1.299E-01	5.912E-02	1.770E-01	0.000	7.361E+00
xm2h	4z07-assembly1_C	1.614E-01	1.453E-01	7.053E-02	2.009E-01	0.000	6.072E+00
xm2h	6n7e-assembly1_A	2.188E-01	1.372E-01	5.411E-02	1.621E-01	0.000	7.849E+00
xm2h	3obw-assembly1_A-2	2.202E-01	1.352E-01	4.861E-02	1.720E-01	0.000	8.924E+00
xm2h	4zrg-assembly1_A	1.739E-01	1.203E-01	4.125E-02	1.710E-01	0.000	6.072E+00
xm2h	7f1w-assembly1_A	1.639E-01	1.371E-01	5.663E-02	2.047E-01	0.000	6.475E+00
xm2h	2bjr-assembly1_A	1.708E-01	1.562E-01	6.468E-02	2.084E-01	0.000	7.849E+00
xm2h	1ktb-assembly1_A	1.740E-01	1.287E-01	4.410E-02	1.779E-01	0.000	7.361E+00
xm2h	3cc1-assembly1_B-2	2.086E-01	1.458E-01	4.941E-02	1.872E-01	0.000	8.924E+00
xm2h	7n6o-assembly2_B	2.148E-01	1.299E-01	3.947E-02	1.779E-01	0.000	7.849E+00
xm2h	7w85-assembly1_A	1.833E-01	1.679E-01	5.053E-02	1.840E-01	0.000	6.904E+00
xm2h	4z1i-assembly2_D	1.945E-01	1.280E-01	4.015E-02	1.705E-01	0.000	6.475E+00
xm2h	5hph-assembly1_A	1.969E-01	1.248E-01	3.768E-02	1.727E-01	0.000	8.369E+00
xm2h	4qaw-assembly1_A	2.236E-01	1.410E-01	3.400E-02	1.756E-01	0.000	8.924E+00
xm2h	8qf2-assembly1_A	2.185E-01	1.266E-01	2.528E-02	1.577E-01	0.000	7.361E+00
xm2h	5x6z-assembly1_D	1.839E-01	1.713E-01	3.191E-02	2.212E-01	0.000	8.924E+00
xm2h	6d7j-assembly2_A	1.673E-01	1.320E-01	3.301E-02	2.180E-01	0.000	8.924E+00
xm2h	5jou-assembly1_A	1.721E-01	1.243E-01	2.028E-02	1.727E-01	0.000	6.475E+00
xm2h	2i45-assembly5_J	1.476E-01	1.053E-01	1.006E-01	2.210E-01	0.000	8.369E+00
xm2h	6zva-assembly1_A	1.960E-01	1.261E-01	1.206E-01	1.520E-01	0.000	8.369E+00
xm2h	5xy3-assembly1_f	1.818E-01	1.262E-01	1.171E-01	1.824E-01	0.000	8.924E+00
xm2h	5sv5-assembly1_A	1.868E-01	1.418E-01	1.268E-01	1.697E-01	0.000	7.849E+00
xm2h	2o8o-assembly1_A	2.032E-01	1.299E-01	1.094E-01	1.513E-01	0.000	7.849E+00
xm2h	3fhi-assembly1_B	1.792E-01	1.282E-01	8.476E-02	1.637E-01	0.000	7.849E+00
xm2h	1zvf-assembly1_B	1.693E-01	1.185E-01	7.853E-02	1.436E-01	0.000	5.341E+00
xm2h	8etn-assembly1_D	2.267E-01	9.270E-02	4.268E-02	1.319E-01	0.000	7.849E+00
xm2h	6egv-assembly1_C	2.185E-01	1.506E-01	6.321E-02	1.475E-01	0.000	9.515E+00
xm2h	3py9-assembly1_A	1.904E-01	1.165E-01	4.507E-02	1.606E-01	0.000	7.849E+00
xm2h	6lvs-assembly1_A	1.991E-01	1.282E-01	5.608E-02	1.719E-01	0.000	8.924E+00
xm2h	3ugu-assembly1_A	1.559E-01	1.177E-01	4.187E-02	1.770E-01	0.000	6.475E+00
xm2h	3j15-assembly1_A	1.956E-01	1.372E-01	4.959E-02	1.783E-01	0.000	9.515E+00
xm2h	3kl3-assembly4_D	2.079E-01	1.293E-01	4.330E-02	1.696E-01	0.000	9.515E+00
xm2h	4uqe-assembly1_A	1.753E-01	1.037E-01	3.567E-02	1.634E-01	0.000	7.361E+00
xm2h	1uli-assembly1_A	1.615E-01	1.400E-01	5.506E-02	1.579E-01	0.000	6.904E+00
xm2h	8pvg-assembly1_A	1.828E-01	1.677E-01	5.408E-02	1.893E-01	0.000	9.515E+00
xm2h	6zpy-assembly1_AAA	1.783E-01	1.316E-01	3.159E-02	1.697E-01	0.000	7.849E+00
xm2h	6o2n-assembly1_L	2.227E-01	1.623E-01	3.392E-02	1.509E-01	0.000	9.515E+00
xm2h	4iug-assembly1_A	1.805E-01	1.342E-01	2.194E-02	1.703E-01	0.000	8.924E+00
xm2h	8awo-assembly1_B	1.565E-01	1.208E-01	1.073E-01	1.660E-01	0.000	8.924E+00
xm2h	7f6x-assembly1_B	1.329E-01	1.063E-01	1.366E-01	1.954E-01	0.000	8.369E+00
xm2h	3plq-assembly1_A	1.439E-01	1.007E-01	7.715E-02	1.670E-01	0.000	7.361E+00
xm2h	4dmi-assembly1_A	1.562E-01	1.248E-01	8.864E-02	1.570E-01	0.000	9.515E+00
xm2h	3ugx-assembly2_B	1.538E-01	1.164E-01	3.842E-02	1.633E-01	0.000	9.515E+00
xm2h	4f5x-assembly1_C	1.795E-01	1.211E-01	3.798E-02	1.514E-01	0.000	8.924E+00
xm2h	4v7q-assembly1_AC-12	1.795E-01	1.211E-01	3.798E-02	1.514E-01	0.000	8.924E+00
